timestamp;unix_timestamp;session_duration;calm_probability;calm_percentage;focus_probability;focus_percentage;attention_probability;attention_percentage;delta_avg;delta_max;delta_min;delta_std;delta_raw;theta_avg;theta_max;theta_min;theta_std;theta_raw;alpha_avg;alpha_max;alpha_min;alpha_std;alpha_raw;beta_avg;beta_max;beta_min;beta_std;beta_raw;gamma_avg;gamma_max;gamma_min;gamma_std;gamma_raw;device_id;session_name;data_quality;signal_strength
2025-06-13T17:56:13.370318;1749851773.370318;0.060306;;;;;;;0.133333;0.2;0.1;0.04714;[0.1, 0.2, 0.1];0.233333;0.3;0.2;0.04714;[0.2, 0.3, 0.2];0.433333;0.5;0.4;0.04714;[0.4, 0.5, 0.4];0.333333;0.4;0.3;0.04714;[0.3, 0.4, 0.3];0.133333;0.2;0.1;0.04714;[0.1, 0.2, 0.1];;neurosity_session_20250613_175613;;
2025-06-13T17:56:13.421771;1749851773.421771;0.111759;;;;;;;0.133333;0.2;0.1;0.04714;[0.1, 0.2, 0.1];0.233333;0.3;0.2;0.04714;[0.2, 0.3, 0.2];0.433333;0.5;0.4;0.04714;[0.4, 0.5, 0.4];0.333333;0.4;0.3;0.04714;[0.3, 0.4, 0.3];0.133333;0.2;0.1;0.04714;[0.1, 0.2, 0.1];;neurosity_session_20250613_175613;;
2025-06-13T17:56:13.473069;1749851773.473069;0.163057;;;;;;;0.133333;0.2;0.1;0.04714;[0.1, 0.2, 0.1];0.233333;0.3;0.2;0.04714;[0.2, 0.3, 0.2];0.433333;0.5;0.4;0.04714;[0.4, 0.5, 0.4];0.333333;0.4;0.3;0.04714;[0.3, 0.4, 0.3];0.133333;0.2;0.1;0.04714;[0.1, 0.2, 0.1];;neurosity_session_20250613_175613;;
2025-06-13T17:56:13.524177;1749851773.524177;0.214165;;;;;;;0.133333;0.2;0.1;0.04714;[0.1, 0.2, 0.1];0.233333;0.3;0.2;0.04714;[0.2, 0.3, 0.2];0.433333;0.5;0.4;0.04714;[0.4, 0.5, 0.4];0.333333;0.4;0.3;0.04714;[0.3, 0.4, 0.3];0.133333;0.2;0.1;0.04714;[0.1, 0.2, 0.1];;neurosity_session_20250613_175613;;
2025-06-13T17:56:13.575369;1749851773.575369;0.265357;;;;;;;0.133333;0.2;0.1;0.04714;[0.1, 0.2, 0.1];0.233333;0.3;0.2;0.04714;[0.2, 0.3, 0.2];0.433333;0.5;0.4;0.04714;[0.4, 0.5, 0.4];0.333333;0.4;0.3;0.04714;[0.3, 0.4, 0.3];0.133333;0.2;0.1;0.04714;[0.1, 0.2, 0.1];;neurosity_session_20250613_175613;;
2025-06-13T17:56:13.576602;1749851773.576602;0.26659;;;;;;;0.133333;0.2;0.1;0.04714;[0.1, 0.2, 0.1];0.233333;0.3;0.2;0.04714;[0.2, 0.3, 0.2];0.433333;0.5;0.4;0.04714;[0.4, 0.5, 0.4];0.333333;0.4;0.3;0.04714;[0.3, 0.4, 0.3];0.133333;0.2;0.1;0.04714;[0.1, 0.2, 0.1];;neurosity_session_20250613_175613;;
2025-06-13T17:56:13.628033;1749851773.628033;0.318021;;;;;;;0.133333;0.2;0.1;0.04714;[0.1, 0.2, 0.1];0.233333;0.3;0.2;0.04714;[0.2, 0.3, 0.2];0.433333;0.5;0.4;0.04714;[0.4, 0.5, 0.4];0.333333;0.4;0.3;0.04714;[0.3, 0.4, 0.3];0.133333;0.2;0.1;0.04714;[0.1, 0.2, 0.1];;neurosity_session_20250613_175613;;
2025-06-13T17:56:13.679030;1749851773.67903;0.369018;;;;;;;0.133333;0.2;0.1;0.04714;[0.1, 0.2, 0.1];0.233333;0.3;0.2;0.04714;[0.2, 0.3, 0.2];0.433333;0.5;0.4;0.04714;[0.4, 0.5, 0.4];0.333333;0.4;0.3;0.04714;[0.3, 0.4, 0.3];0.133333;0.2;0.1;0.04714;[0.1, 0.2, 0.1];;neurosity_session_20250613_175613;;
2025-06-13T17:56:13.729759;1749851773.729759;0.419747;;;;;;;0.133333;0.2;0.1;0.04714;[0.1, 0.2, 0.1];0.233333;0.3;0.2;0.04714;[0.2, 0.3, 0.2];0.433333;0.5;0.4;0.04714;[0.4, 0.5, 0.4];0.333333;0.4;0.3;0.04714;[0.3, 0.4, 0.3];0.133333;0.2;0.1;0.04714;[0.1, 0.2, 0.1];;neurosity_session_20250613_175613;;
2025-06-13T17:56:13.780713;1749851773.780713;0.470701;;;;;;;0.133333;0.2;0.1;0.04714;[0.1, 0.2, 0.1];0.233333;0.3;0.2;0.04714;[0.2, 0.3, 0.2];0.433333;0.5;0.4;0.04714;[0.4, 0.5, 0.4];0.333333;0.4;0.3;0.04714;[0.3, 0.4, 0.3];0.133333;0.2;0.1;0.04714;[0.1, 0.2, 0.1];;neurosity_session_20250613_175613;;
2025-06-13T17:56:13.781134;1749851773.781134;0.471122;;;;;;;0.133333;0.2;0.1;0.04714;[0.1, 0.2, 0.1];0.233333;0.3;0.2;0.04714;[0.2, 0.3, 0.2];0.433333;0.5;0.4;0.04714;[0.4, 0.5, 0.4];0.333333;0.4;0.3;0.04714;[0.3, 0.4, 0.3];0.133333;0.2;0.1;0.04714;[0.1, 0.2, 0.1];;neurosity_session_20250613_175613;;
2025-06-13T17:56:13.831898;1749851773.831898;0.521886;;;;;;;0.133333;0.2;0.1;0.04714;[0.1, 0.2, 0.1];0.233333;0.3;0.2;0.04714;[0.2, 0.3, 0.2];0.433333;0.5;0.4;0.04714;[0.4, 0.5, 0.4];0.333333;0.4;0.3;0.04714;[0.3, 0.4, 0.3];0.133333;0.2;0.1;0.04714;[0.1, 0.2, 0.1];;neurosity_session_20250613_175613;;
2025-06-13T17:56:13.882795;1749851773.882795;0.572783;;;;;;;0.133333;0.2;0.1;0.04714;[0.1, 0.2, 0.1];0.233333;0.3;0.2;0.04714;[0.2, 0.3, 0.2];0.433333;0.5;0.4;0.04714;[0.4, 0.5, 0.4];0.333333;0.4;0.3;0.04714;[0.3, 0.4, 0.3];0.133333;0.2;0.1;0.04714;[0.1, 0.2, 0.1];;neurosity_session_20250613_175613;;
2025-06-13T17:56:13.984177;1749851773.984177;0.674165;;;;;;;0.133333;0.2;0.1;0.04714;[0.1, 0.2, 0.1];0.233333;0.3;0.2;0.04714;[0.2, 0.3, 0.2];0.433333;0.5;0.4;0.04714;[0.4, 0.5, 0.4];0.333333;0.4;0.3;0.04714;[0.3, 0.4, 0.3];0.133333;0.2;0.1;0.04714;[0.1, 0.2, 0.1];;neurosity_session_20250613_175613;;
2025-06-13T17:56:13.984679;1749851773.984679;0.674667;;;;;;;0.133333;0.2;0.1;0.04714;[0.1, 0.2, 0.1];0.233333;0.3;0.2;0.04714;[0.2, 0.3, 0.2];0.433333;0.5;0.4;0.04714;[0.4, 0.5, 0.4];0.333333;0.4;0.3;0.04714;[0.3, 0.4, 0.3];0.133333;0.2;0.1;0.04714;[0.1, 0.2, 0.1];;neurosity_session_20250613_175613;;
2025-06-13T17:56:14.085876;1749851774.085876;0.775864;0.8750113957418348;87.50113957418348;;;;;;;;;;;;;;;;;;;;;;;;;;;;;;;neurosity_session_20250613_175613;;
2025-06-13T17:56:14.238035;1749851774.238035;0.928023;;;0.36418714419558035;36.418714419558036;;;;;;;;;;;;;;;;;;;;;;;;;;;;;neurosity_session_20250613_175613;;
2025-06-13T17:56:14.288636;1749851774.288636;0.978624;;;;;;;0.133333;0.2;0.1;0.04714;[0.1, 0.2, 0.1];0.233333;0.3;0.2;0.04714;[0.2, 0.3, 0.2];0.433333;0.5;0.4;0.04714;[0.4, 0.5, 0.4];0.333333;0.4;0.3;0.04714;[0.3, 0.4, 0.3];0.133333;0.2;0.1;0.04714;[0.1, 0.2, 0.1];;neurosity_session_20250613_175613;;
2025-06-13T17:56:14.289058;1749851774.289058;0.979046;;;;;;;0.133333;0.2;0.1;0.04714;[0.1, 0.2, 0.1];0.233333;0.3;0.2;0.04714;[0.2, 0.3, 0.2];0.433333;0.5;0.4;0.04714;[0.4, 0.5, 0.4];0.333333;0.4;0.3;0.04714;[0.3, 0.4, 0.3];0.133333;0.2;0.1;0.04714;[0.1, 0.2, 0.1];;neurosity_session_20250613_175613;;
2025-06-13T17:56:14.340754;1749851774.340754;1.030742;;;;;;;0.133333;0.2;0.1;0.04714;[0.1, 0.2, 0.1];0.233333;0.3;0.2;0.04714;[0.2, 0.3, 0.2];0.433333;0.5;0.4;0.04714;[0.4, 0.5, 0.4];0.333333;0.4;0.3;0.04714;[0.3, 0.4, 0.3];0.133333;0.2;0.1;0.04714;[0.1, 0.2, 0.1];;neurosity_session_20250613_175613;;
2025-06-13T17:56:14.391906;1749851774.391906;1.081894;;;;;;;0.133333;0.2;0.1;0.04714;[0.1, 0.2, 0.1];0.233333;0.3;0.2;0.04714;[0.2, 0.3, 0.2];0.433333;0.5;0.4;0.04714;[0.4, 0.5, 0.4];0.333333;0.4;0.3;0.04714;[0.3, 0.4, 0.3];0.133333;0.2;0.1;0.04714;[0.1, 0.2, 0.1];;neurosity_session_20250613_175613;;
2025-06-13T17:56:14.392873;1749851774.392873;1.082861;;;;;;;0.133333;0.2;0.1;0.04714;[0.1, 0.2, 0.1];0.233333;0.3;0.2;0.04714;[0.2, 0.3, 0.2];0.433333;0.5;0.4;0.04714;[0.4, 0.5, 0.4];0.333333;0.4;0.3;0.04714;[0.3, 0.4, 0.3];0.133333;0.2;0.1;0.04714;[0.1, 0.2, 0.1];;neurosity_session_20250613_175613;;
2025-06-13T17:56:14.495602;1749851774.495602;1.18559;;;;;;;0.133333;0.2;0.1;0.04714;[0.1, 0.2, 0.1];0.233333;0.3;0.2;0.04714;[0.2, 0.3, 0.2];0.433333;0.5;0.4;0.04714;[0.4, 0.5, 0.4];0.333333;0.4;0.3;0.04714;[0.3, 0.4, 0.3];0.133333;0.2;0.1;0.04714;[0.1, 0.2, 0.1];;neurosity_session_20250613_175613;;
2025-06-13T17:56:14.648881;1749851774.648881;1.338869;;;;;;;0.133333;0.2;0.1;0.04714;[0.1, 0.2, 0.1];0.233333;0.3;0.2;0.04714;[0.2, 0.3, 0.2];0.433333;0.5;0.4;0.04714;[0.4, 0.5, 0.4];0.333333;0.4;0.3;0.04714;[0.3, 0.4, 0.3];0.133333;0.2;0.1;0.04714;[0.1, 0.2, 0.1];;neurosity_session_20250613_175613;;
2025-06-13T17:56:14.699597;1749851774.699597;1.389585;;;;;;;0.133333;0.2;0.1;0.04714;[0.1, 0.2, 0.1];0.233333;0.3;0.2;0.04714;[0.2, 0.3, 0.2];0.433333;0.5;0.4;0.04714;[0.4, 0.5, 0.4];0.333333;0.4;0.3;0.04714;[0.3, 0.4, 0.3];0.133333;0.2;0.1;0.04714;[0.1, 0.2, 0.1];;neurosity_session_20250613_175613;;
2025-06-13T17:56:14.750629;1749851774.750629;1.440617;;;;;;;0.133333;0.2;0.1;0.04714;[0.1, 0.2, 0.1];0.233333;0.3;0.2;0.04714;[0.2, 0.3, 0.2];0.433333;0.5;0.4;0.04714;[0.4, 0.5, 0.4];0.333333;0.4;0.3;0.04714;[0.3, 0.4, 0.3];0.133333;0.2;0.1;0.04714;[0.1, 0.2, 0.1];;neurosity_session_20250613_175613;;
2025-06-13T17:56:14.802183;1749851774.802183;1.492171;;;;;;;0.133333;0.2;0.1;0.04714;[0.1, 0.2, 0.1];0.233333;0.3;0.2;0.04714;[0.2, 0.3, 0.2];0.433333;0.5;0.4;0.04714;[0.4, 0.5, 0.4];0.333333;0.4;0.3;0.04714;[0.3, 0.4, 0.3];0.133333;0.2;0.1;0.04714;[0.1, 0.2, 0.1];;neurosity_session_20250613_175613;;
2025-06-13T17:56:14.804919;1749851774.804919;1.494907;;;;;;;0.133333;0.2;0.1;0.04714;[0.1, 0.2, 0.1];0.233333;0.3;0.2;0.04714;[0.2, 0.3, 0.2];0.433333;0.5;0.4;0.04714;[0.4, 0.5, 0.4];0.333333;0.4;0.3;0.04714;[0.3, 0.4, 0.3];0.133333;0.2;0.1;0.04714;[0.1, 0.2, 0.1];;neurosity_session_20250613_175613;;
2025-06-13T17:56:14.856921;1749851774.856921;1.546909;;;;;;;0.133333;0.2;0.1;0.04714;[0.1, 0.2, 0.1];0.233333;0.3;0.2;0.04714;[0.2, 0.3, 0.2];0.433333;0.5;0.4;0.04714;[0.4, 0.5, 0.4];0.333333;0.4;0.3;0.04714;[0.3, 0.4, 0.3];0.133333;0.2;0.1;0.04714;[0.1, 0.2, 0.1];;neurosity_session_20250613_175613;;
2025-06-13T17:56:14.908099;1749851774.908099;1.598087;;;;;;;0.133333;0.2;0.1;0.04714;[0.1, 0.2, 0.1];0.233333;0.3;0.2;0.04714;[0.2, 0.3, 0.2];0.433333;0.5;0.4;0.04714;[0.4, 0.5, 0.4];0.333333;0.4;0.3;0.04714;[0.3, 0.4, 0.3];0.133333;0.2;0.1;0.04714;[0.1, 0.2, 0.1];;neurosity_session_20250613_175613;;
2025-06-13T17:56:14.959478;1749851774.959478;1.649466;;;;;;;0.133333;0.2;0.1;0.04714;[0.1, 0.2, 0.1];0.233333;0.3;0.2;0.04714;[0.2, 0.3, 0.2];0.433333;0.5;0.4;0.04714;[0.4, 0.5, 0.4];0.333333;0.4;0.3;0.04714;[0.3, 0.4, 0.3];0.133333;0.2;0.1;0.04714;[0.1, 0.2, 0.1];;neurosity_session_20250613_175613;;
2025-06-13T17:56:15.010233;1749851775.010233;1.700221;;;;;;;0.133333;0.2;0.1;0.04714;[0.1, 0.2, 0.1];0.233333;0.3;0.2;0.04714;[0.2, 0.3, 0.2];0.433333;0.5;0.4;0.04714;[0.4, 0.5, 0.4];0.333333;0.4;0.3;0.04714;[0.3, 0.4, 0.3];0.133333;0.2;0.1;0.04714;[0.1, 0.2, 0.1];;neurosity_session_20250613_175613;;
2025-06-13T17:56:15.061288;1749851775.061288;1.751276;;;;;;;0.133333;0.2;0.1;0.04714;[0.1, 0.2, 0.1];0.233333;0.3;0.2;0.04714;[0.2, 0.3, 0.2];0.433333;0.5;0.4;0.04714;[0.4, 0.5, 0.4];0.333333;0.4;0.3;0.04714;[0.3, 0.4, 0.3];0.133333;0.2;0.1;0.04714;[0.1, 0.2, 0.1];;neurosity_session_20250613_175613;;
2025-06-13T17:56:15.163306;1749851775.163306;1.853294;0.8474244596830616;84.74244596830616;;;;;;;;;;;;;;;;;;;;;;;;;;;;;;;neurosity_session_20250613_175613;;
2025-06-13T17:56:15.315769;1749851775.315769;2.005757;;;0.37780042654790685;37.780042654790684;;;;;;;;;;;;;;;;;;;;;;;;;;;;;neurosity_session_20250613_175613;;
2025-06-13T17:56:15.417126;1749851775.417126;2.107114;;;;;;;0.133333;0.2;0.1;0.04714;[0.1, 0.2, 0.1];0.233333;0.3;0.2;0.04714;[0.2, 0.3, 0.2];0.433333;0.5;0.4;0.04714;[0.4, 0.5, 0.4];0.333333;0.4;0.3;0.04714;[0.3, 0.4, 0.3];0.133333;0.2;0.1;0.04714;[0.1, 0.2, 0.1];;neurosity_session_20250613_175613;;
2025-06-13T17:56:15.417421;1749851775.417421;2.107409;;;;;;;0.133333;0.2;0.1;0.04714;[0.1, 0.2, 0.1];0.233333;0.3;0.2;0.04714;[0.2, 0.3, 0.2];0.433333;0.5;0.4;0.04714;[0.4, 0.5, 0.4];0.333333;0.4;0.3;0.04714;[0.3, 0.4, 0.3];0.133333;0.2;0.1;0.04714;[0.1, 0.2, 0.1];;neurosity_session_20250613_175613;;
2025-06-13T17:56:15.468150;1749851775.46815;2.158138;;;;;;;0.133333;0.2;0.1;0.04714;[0.1, 0.2, 0.1];0.233333;0.3;0.2;0.04714;[0.2, 0.3, 0.2];0.433333;0.5;0.4;0.04714;[0.4, 0.5, 0.4];0.333333;0.4;0.3;0.04714;[0.3, 0.4, 0.3];0.133333;0.2;0.1;0.04714;[0.1, 0.2, 0.1];;neurosity_session_20250613_175613;;
2025-06-13T17:56:15.519216;1749851775.519216;2.209204;;;;;;;0.133333;0.2;0.1;0.04714;[0.1, 0.2, 0.1];0.233333;0.3;0.2;0.04714;[0.2, 0.3, 0.2];0.433333;0.5;0.4;0.04714;[0.4, 0.5, 0.4];0.333333;0.4;0.3;0.04714;[0.3, 0.4, 0.3];0.133333;0.2;0.1;0.04714;[0.1, 0.2, 0.1];;neurosity_session_20250613_175613;;
2025-06-13T17:56:15.570181;1749851775.570181;2.260169;;;;;;;0.133333;0.2;0.1;0.04714;[0.1, 0.2, 0.1];0.233333;0.3;0.2;0.04714;[0.2, 0.3, 0.2];0.433333;0.5;0.4;0.04714;[0.4, 0.5, 0.4];0.333333;0.4;0.3;0.04714;[0.3, 0.4, 0.3];0.133333;0.2;0.1;0.04714;[0.1, 0.2, 0.1];;neurosity_session_20250613_175613;;
2025-06-13T17:56:15.570461;1749851775.570461;2.260449;;;;;;;0.133333;0.2;0.1;0.04714;[0.1, 0.2, 0.1];0.233333;0.3;0.2;0.04714;[0.2, 0.3, 0.2];0.433333;0.5;0.4;0.04714;[0.4, 0.5, 0.4];0.333333;0.4;0.3;0.04714;[0.3, 0.4, 0.3];0.133333;0.2;0.1;0.04714;[0.1, 0.2, 0.1];;neurosity_session_20250613_175613;;
2025-06-13T17:56:15.621135;1749851775.621135;2.311123;;;;;;;0.133333;0.2;0.1;0.04714;[0.1, 0.2, 0.1];0.233333;0.3;0.2;0.04714;[0.2, 0.3, 0.2];0.433333;0.5;0.4;0.04714;[0.4, 0.5, 0.4];0.333333;0.4;0.3;0.04714;[0.3, 0.4, 0.3];0.133333;0.2;0.1;0.04714;[0.1, 0.2, 0.1];;neurosity_session_20250613_175613;;
2025-06-13T17:56:15.672238;1749851775.672238;2.362226;;;;;;;0.133333;0.2;0.1;0.04714;[0.1, 0.2, 0.1];0.233333;0.3;0.2;0.04714;[0.2, 0.3, 0.2];0.433333;0.5;0.4;0.04714;[0.4, 0.5, 0.4];0.333333;0.4;0.3;0.04714;[0.3, 0.4, 0.3];0.133333;0.2;0.1;0.04714;[0.1, 0.2, 0.1];;neurosity_session_20250613_175613;;
2025-06-13T17:56:15.723965;1749851775.723965;2.413953;;;;;;;0.133333;0.2;0.1;0.04714;[0.1, 0.2, 0.1];0.233333;0.3;0.2;0.04714;[0.2, 0.3, 0.2];0.433333;0.5;0.4;0.04714;[0.4, 0.5, 0.4];0.333333;0.4;0.3;0.04714;[0.3, 0.4, 0.3];0.133333;0.2;0.1;0.04714;[0.1, 0.2, 0.1];;neurosity_session_20250613_175613;;
2025-06-13T17:56:15.776317;1749851775.776317;2.466305;;;;;;;0.133333;0.2;0.1;0.04714;[0.1, 0.2, 0.1];0.233333;0.3;0.2;0.04714;[0.2, 0.3, 0.2];0.433333;0.5;0.4;0.04714;[0.4, 0.5, 0.4];0.333333;0.4;0.3;0.04714;[0.3, 0.4, 0.3];0.133333;0.2;0.1;0.04714;[0.1, 0.2, 0.1];;neurosity_session_20250613_175613;;
2025-06-13T17:56:15.878861;1749851775.878861;2.568849;;;;;;;0.133333;0.2;0.1;0.04714;[0.1, 0.2, 0.1];0.233333;0.3;0.2;0.04714;[0.2, 0.3, 0.2];0.433333;0.5;0.4;0.04714;[0.4, 0.5, 0.4];0.333333;0.4;0.3;0.04714;[0.3, 0.4, 0.3];0.133333;0.2;0.1;0.04714;[0.1, 0.2, 0.1];;neurosity_session_20250613_175613;;
2025-06-13T17:56:15.879266;1749851775.879266;2.569254;;;;;;;0.133333;0.2;0.1;0.04714;[0.1, 0.2, 0.1];0.233333;0.3;0.2;0.04714;[0.2, 0.3, 0.2];0.433333;0.5;0.4;0.04714;[0.4, 0.5, 0.4];0.333333;0.4;0.3;0.04714;[0.3, 0.4, 0.3];0.133333;0.2;0.1;0.04714;[0.1, 0.2, 0.1];;neurosity_session_20250613_175613;;
2025-06-13T17:56:15.930621;1749851775.930621;2.620609;;;;;;;0.133333;0.2;0.1;0.04714;[0.1, 0.2, 0.1];0.233333;0.3;0.2;0.04714;[0.2, 0.3, 0.2];0.433333;0.5;0.4;0.04714;[0.4, 0.5, 0.4];0.333333;0.4;0.3;0.04714;[0.3, 0.4, 0.3];0.133333;0.2;0.1;0.04714;[0.1, 0.2, 0.1];;neurosity_session_20250613_175613;;
2025-06-13T17:56:15.982545;1749851775.982545;2.672533;;;;;;;0.133333;0.2;0.1;0.04714;[0.1, 0.2, 0.1];0.233333;0.3;0.2;0.04714;[0.2, 0.3, 0.2];0.433333;0.5;0.4;0.04714;[0.4, 0.5, 0.4];0.333333;0.4;0.3;0.04714;[0.3, 0.4, 0.3];0.133333;0.2;0.1;0.04714;[0.1, 0.2, 0.1];;neurosity_session_20250613_175613;;
2025-06-13T17:56:16.084718;1749851776.084718;2.774706;;;;;;;0.133333;0.2;0.1;0.04714;[0.1, 0.2, 0.1];0.233333;0.3;0.2;0.04714;[0.2, 0.3, 0.2];0.433333;0.5;0.4;0.04714;[0.4, 0.5, 0.4];0.333333;0.4;0.3;0.04714;[0.3, 0.4, 0.3];0.133333;0.2;0.1;0.04714;[0.1, 0.2, 0.1];;neurosity_session_20250613_175613;;
2025-06-13T17:56:16.136040;1749851776.13604;2.826028;;;;;;;0.133333;0.2;0.1;0.04714;[0.1, 0.2, 0.1];0.233333;0.3;0.2;0.04714;[0.2, 0.3, 0.2];0.433333;0.5;0.4;0.04714;[0.4, 0.5, 0.4];0.333333;0.4;0.3;0.04714;[0.3, 0.4, 0.3];0.133333;0.2;0.1;0.04714;[0.1, 0.2, 0.1];;neurosity_session_20250613_175613;;
2025-06-13T17:56:16.136632;1749851776.136632;2.82662;0.9034972094737427;90.34972094737427;;;;;;;;;;;;;;;;;;;;;;;;;;;;;;;neurosity_session_20250613_175613;;
2025-06-13T17:56:16.492034;1749851776.492034;3.182022;;;0.4532493134107948;45.32493134107948;;;;;;;;;;;;;;;;;;;;;;;;;;;;;neurosity_session_20250613_175613;;
2025-06-13T17:56:16.543262;1749851776.543262;3.23325;;;;;;;0.133333;0.2;0.1;0.04714;[0.1, 0.2, 0.1];0.233333;0.3;0.2;0.04714;[0.2, 0.3, 0.2];0.433333;0.5;0.4;0.04714;[0.4, 0.5, 0.4];0.333333;0.4;0.3;0.04714;[0.3, 0.4, 0.3];0.133333;0.2;0.1;0.04714;[0.1, 0.2, 0.1];;neurosity_session_20250613_175613;;
2025-06-13T17:56:16.594097;1749851776.594097;3.284085;;;;;;;0.133333;0.2;0.1;0.04714;[0.1, 0.2, 0.1];0.233333;0.3;0.2;0.04714;[0.2, 0.3, 0.2];0.433333;0.5;0.4;0.04714;[0.4, 0.5, 0.4];0.333333;0.4;0.3;0.04714;[0.3, 0.4, 0.3];0.133333;0.2;0.1;0.04714;[0.1, 0.2, 0.1];;neurosity_session_20250613_175613;;
2025-06-13T17:56:16.645497;1749851776.645497;3.335485;;;;;;;0.133333;0.2;0.1;0.04714;[0.1, 0.2, 0.1];0.233333;0.3;0.2;0.04714;[0.2, 0.3, 0.2];0.433333;0.5;0.4;0.04714;[0.4, 0.5, 0.4];0.333333;0.4;0.3;0.04714;[0.3, 0.4, 0.3];0.133333;0.2;0.1;0.04714;[0.1, 0.2, 0.1];;neurosity_session_20250613_175613;;
2025-06-13T17:56:16.696727;1749851776.696727;3.386715;;;;;;;0.133333;0.2;0.1;0.04714;[0.1, 0.2, 0.1];0.233333;0.3;0.2;0.04714;[0.2, 0.3, 0.2];0.433333;0.5;0.4;0.04714;[0.4, 0.5, 0.4];0.333333;0.4;0.3;0.04714;[0.3, 0.4, 0.3];0.133333;0.2;0.1;0.04714;[0.1, 0.2, 0.1];;neurosity_session_20250613_175613;;
2025-06-13T17:56:16.747795;1749851776.747795;3.437783;;;;;;;0.133333;0.2;0.1;0.04714;[0.1, 0.2, 0.1];0.233333;0.3;0.2;0.04714;[0.2, 0.3, 0.2];0.433333;0.5;0.4;0.04714;[0.4, 0.5, 0.4];0.333333;0.4;0.3;0.04714;[0.3, 0.4, 0.3];0.133333;0.2;0.1;0.04714;[0.1, 0.2, 0.1];;neurosity_session_20250613_175613;;
2025-06-13T17:56:16.798912;1749851776.798912;3.4889;;;;;;;0.133333;0.2;0.1;0.04714;[0.1, 0.2, 0.1];0.233333;0.3;0.2;0.04714;[0.2, 0.3, 0.2];0.433333;0.5;0.4;0.04714;[0.4, 0.5, 0.4];0.333333;0.4;0.3;0.04714;[0.3, 0.4, 0.3];0.133333;0.2;0.1;0.04714;[0.1, 0.2, 0.1];;neurosity_session_20250613_175613;;
2025-06-13T17:56:16.849569;1749851776.849569;3.539557;;;;;;;0.133333;0.2;0.1;0.04714;[0.1, 0.2, 0.1];0.233333;0.3;0.2;0.04714;[0.2, 0.3, 0.2];0.433333;0.5;0.4;0.04714;[0.4, 0.5, 0.4];0.333333;0.4;0.3;0.04714;[0.3, 0.4, 0.3];0.133333;0.2;0.1;0.04714;[0.1, 0.2, 0.1];;neurosity_session_20250613_175613;;
2025-06-13T17:56:16.900696;1749851776.900696;3.590684;;;;;;;0.133333;0.2;0.1;0.04714;[0.1, 0.2, 0.1];0.233333;0.3;0.2;0.04714;[0.2, 0.3, 0.2];0.433333;0.5;0.4;0.04714;[0.4, 0.5, 0.4];0.333333;0.4;0.3;0.04714;[0.3, 0.4, 0.3];0.133333;0.2;0.1;0.04714;[0.1, 0.2, 0.1];;neurosity_session_20250613_175613;;
2025-06-13T17:56:16.951736;1749851776.951736;3.641724;;;;;;;0.133333;0.2;0.1;0.04714;[0.1, 0.2, 0.1];0.233333;0.3;0.2;0.04714;[0.2, 0.3, 0.2];0.433333;0.5;0.4;0.04714;[0.4, 0.5, 0.4];0.333333;0.4;0.3;0.04714;[0.3, 0.4, 0.3];0.133333;0.2;0.1;0.04714;[0.1, 0.2, 0.1];;neurosity_session_20250613_175613;;
2025-06-13T17:56:16.952117;1749851776.952117;3.642105;;;;;;;0.133333;0.2;0.1;0.04714;[0.1, 0.2, 0.1];0.233333;0.3;0.2;0.04714;[0.2, 0.3, 0.2];0.433333;0.5;0.4;0.04714;[0.4, 0.5, 0.4];0.333333;0.4;0.3;0.04714;[0.3, 0.4, 0.3];0.133333;0.2;0.1;0.04714;[0.1, 0.2, 0.1];;neurosity_session_20250613_175613;;
2025-06-13T17:56:17.002884;1749851777.002884;3.692872;;;;;;;0.133333;0.2;0.1;0.04714;[0.1, 0.2, 0.1];0.233333;0.3;0.2;0.04714;[0.2, 0.3, 0.2];0.433333;0.5;0.4;0.04714;[0.4, 0.5, 0.4];0.333333;0.4;0.3;0.04714;[0.3, 0.4, 0.3];0.133333;0.2;0.1;0.04714;[0.1, 0.2, 0.1];;neurosity_session_20250613_175613;;
2025-06-13T17:56:17.053751;1749851777.053751;3.743739;;;;;;;0.133333;0.2;0.1;0.04714;[0.1, 0.2, 0.1];0.233333;0.3;0.2;0.04714;[0.2, 0.3, 0.2];0.433333;0.5;0.4;0.04714;[0.4, 0.5, 0.4];0.333333;0.4;0.3;0.04714;[0.3, 0.4, 0.3];0.133333;0.2;0.1;0.04714;[0.1, 0.2, 0.1];;neurosity_session_20250613_175613;;
2025-06-13T17:56:17.105000;1749851777.105;3.794988;;;;;;;0.133333;0.2;0.1;0.04714;[0.1, 0.2, 0.1];0.233333;0.3;0.2;0.04714;[0.2, 0.3, 0.2];0.433333;0.5;0.4;0.04714;[0.4, 0.5, 0.4];0.333333;0.4;0.3;0.04714;[0.3, 0.4, 0.3];0.133333;0.2;0.1;0.04714;[0.1, 0.2, 0.1];;neurosity_session_20250613_175613;;
2025-06-13T17:56:17.156504;1749851777.156504;3.846492;;;;;;;0.133333;0.2;0.1;0.04714;[0.1, 0.2, 0.1];0.233333;0.3;0.2;0.04714;[0.2, 0.3, 0.2];0.433333;0.5;0.4;0.04714;[0.4, 0.5, 0.4];0.333333;0.4;0.3;0.04714;[0.3, 0.4, 0.3];0.133333;0.2;0.1;0.04714;[0.1, 0.2, 0.1];;neurosity_session_20250613_175613;;
2025-06-13T17:56:17.207838;1749851777.207838;3.897826;;;;;;;0.133333;0.2;0.1;0.04714;[0.1, 0.2, 0.1];0.233333;0.3;0.2;0.04714;[0.2, 0.3, 0.2];0.433333;0.5;0.4;0.04714;[0.4, 0.5, 0.4];0.333333;0.4;0.3;0.04714;[0.3, 0.4, 0.3];0.133333;0.2;0.1;0.04714;[0.1, 0.2, 0.1];;neurosity_session_20250613_175613;;
2025-06-13T17:56:17.208893;1749851777.208893;3.898881;0.7499479702401678;74.99479702401678;;;;;;;;;;;;;;;;;;;;;;;;;;;;;;;neurosity_session_20250613_175613;;
2025-06-13T17:56:17.209217;1749851777.209217;3.899205;;;0.45317619107043744;45.31761910704375;;;;;;;;;;;;;;;;;;;;;;;;;;;;;neurosity_session_20250613_175613;;
2025-06-13T17:56:17.413168;1749851777.413168;4.103156;;;;;;;0.133333;0.2;0.1;0.04714;[0.1, 0.2, 0.1];0.233333;0.3;0.2;0.04714;[0.2, 0.3, 0.2];0.433333;0.5;0.4;0.04714;[0.4, 0.5, 0.4];0.333333;0.4;0.3;0.04714;[0.3, 0.4, 0.3];0.133333;0.2;0.1;0.04714;[0.1, 0.2, 0.1];;neurosity_session_20250613_175613;;
2025-06-13T17:56:17.464354;1749851777.464354;4.154342;;;;;;;0.133333;0.2;0.1;0.04714;[0.1, 0.2, 0.1];0.233333;0.3;0.2;0.04714;[0.2, 0.3, 0.2];0.433333;0.5;0.4;0.04714;[0.4, 0.5, 0.4];0.333333;0.4;0.3;0.04714;[0.3, 0.4, 0.3];0.133333;0.2;0.1;0.04714;[0.1, 0.2, 0.1];;neurosity_session_20250613_175613;;
2025-06-13T17:56:17.515739;1749851777.515739;4.205727;;;;;;;0.133333;0.2;0.1;0.04714;[0.1, 0.2, 0.1];0.233333;0.3;0.2;0.04714;[0.2, 0.3, 0.2];0.433333;0.5;0.4;0.04714;[0.4, 0.5, 0.4];0.333333;0.4;0.3;0.04714;[0.3, 0.4, 0.3];0.133333;0.2;0.1;0.04714;[0.1, 0.2, 0.1];;neurosity_session_20250613_175613;;
2025-06-13T17:56:17.566969;1749851777.566969;4.256957;;;;;;;0.133333;0.2;0.1;0.04714;[0.1, 0.2, 0.1];0.233333;0.3;0.2;0.04714;[0.2, 0.3, 0.2];0.433333;0.5;0.4;0.04714;[0.4, 0.5, 0.4];0.333333;0.4;0.3;0.04714;[0.3, 0.4, 0.3];0.133333;0.2;0.1;0.04714;[0.1, 0.2, 0.1];;neurosity_session_20250613_175613;;
2025-06-13T17:56:17.617991;1749851777.617991;4.307979;;;;;;;0.133333;0.2;0.1;0.04714;[0.1, 0.2, 0.1];0.233333;0.3;0.2;0.04714;[0.2, 0.3, 0.2];0.433333;0.5;0.4;0.04714;[0.4, 0.5, 0.4];0.333333;0.4;0.3;0.04714;[0.3, 0.4, 0.3];0.133333;0.2;0.1;0.04714;[0.1, 0.2, 0.1];;neurosity_session_20250613_175613;;
2025-06-13T17:56:17.669009;1749851777.669009;4.358997;;;;;;;0.133333;0.2;0.1;0.04714;[0.1, 0.2, 0.1];0.233333;0.3;0.2;0.04714;[0.2, 0.3, 0.2];0.433333;0.5;0.4;0.04714;[0.4, 0.5, 0.4];0.333333;0.4;0.3;0.04714;[0.3, 0.4, 0.3];0.133333;0.2;0.1;0.04714;[0.1, 0.2, 0.1];;neurosity_session_20250613_175613;;
2025-06-13T17:56:17.720052;1749851777.720052;4.41004;;;;;;;0.133333;0.2;0.1;0.04714;[0.1, 0.2, 0.1];0.233333;0.3;0.2;0.04714;[0.2, 0.3, 0.2];0.433333;0.5;0.4;0.04714;[0.4, 0.5, 0.4];0.333333;0.4;0.3;0.04714;[0.3, 0.4, 0.3];0.133333;0.2;0.1;0.04714;[0.1, 0.2, 0.1];;neurosity_session_20250613_175613;;
2025-06-13T17:56:17.771973;1749851777.771973;4.461961;;;;;;;0.133333;0.2;0.1;0.04714;[0.1, 0.2, 0.1];0.233333;0.3;0.2;0.04714;[0.2, 0.3, 0.2];0.433333;0.5;0.4;0.04714;[0.4, 0.5, 0.4];0.333333;0.4;0.3;0.04714;[0.3, 0.4, 0.3];0.133333;0.2;0.1;0.04714;[0.1, 0.2, 0.1];;neurosity_session_20250613_175613;;
2025-06-13T17:56:17.874760;1749851777.87476;4.564748;;;;;;;0.133333;0.2;0.1;0.04714;[0.1, 0.2, 0.1];0.233333;0.3;0.2;0.04714;[0.2, 0.3, 0.2];0.433333;0.5;0.4;0.04714;[0.4, 0.5, 0.4];0.333333;0.4;0.3;0.04714;[0.3, 0.4, 0.3];0.133333;0.2;0.1;0.04714;[0.1, 0.2, 0.1];;neurosity_session_20250613_175613;;
2025-06-13T17:56:17.875505;1749851777.875505;4.565493;;;;;;;0.133333;0.2;0.1;0.04714;[0.1, 0.2, 0.1];0.233333;0.3;0.2;0.04714;[0.2, 0.3, 0.2];0.433333;0.5;0.4;0.04714;[0.4, 0.5, 0.4];0.333333;0.4;0.3;0.04714;[0.3, 0.4, 0.3];0.133333;0.2;0.1;0.04714;[0.1, 0.2, 0.1];;neurosity_session_20250613_175613;;
2025-06-13T17:56:17.926742;1749851777.926742;4.61673;;;;;;;0.133333;0.2;0.1;0.04714;[0.1, 0.2, 0.1];0.233333;0.3;0.2;0.04714;[0.2, 0.3, 0.2];0.433333;0.5;0.4;0.04714;[0.4, 0.5, 0.4];0.333333;0.4;0.3;0.04714;[0.3, 0.4, 0.3];0.133333;0.2;0.1;0.04714;[0.1, 0.2, 0.1];;neurosity_session_20250613_175613;;
2025-06-13T17:56:18.029892;1749851778.029892;4.71988;;;;;;;0.133333;0.2;0.1;0.04714;[0.1, 0.2, 0.1];0.233333;0.3;0.2;0.04714;[0.2, 0.3, 0.2];0.433333;0.5;0.4;0.04714;[0.4, 0.5, 0.4];0.333333;0.4;0.3;0.04714;[0.3, 0.4, 0.3];0.133333;0.2;0.1;0.04714;[0.1, 0.2, 0.1];;neurosity_session_20250613_175613;;
2025-06-13T17:56:18.132835;1749851778.132835;4.822823;;;;;;;0.133333;0.2;0.1;0.04714;[0.1, 0.2, 0.1];0.233333;0.3;0.2;0.04714;[0.2, 0.3, 0.2];0.433333;0.5;0.4;0.04714;[0.4, 0.5, 0.4];0.333333;0.4;0.3;0.04714;[0.3, 0.4, 0.3];0.133333;0.2;0.1;0.04714;[0.1, 0.2, 0.1];;neurosity_session_20250613_175613;;
2025-06-13T17:56:18.234976;1749851778.234976;4.924964;;;;;;;0.133333;0.2;0.1;0.04714;[0.1, 0.2, 0.1];0.233333;0.3;0.2;0.04714;[0.2, 0.3, 0.2];0.433333;0.5;0.4;0.04714;[0.4, 0.5, 0.4];0.333333;0.4;0.3;0.04714;[0.3, 0.4, 0.3];0.133333;0.2;0.1;0.04714;[0.1, 0.2, 0.1];;neurosity_session_20250613_175613;;
2025-06-13T17:56:18.285969;1749851778.285969;4.975957;;;;;;;0.133333;0.2;0.1;0.04714;[0.1, 0.2, 0.1];0.233333;0.3;0.2;0.04714;[0.2, 0.3, 0.2];0.433333;0.5;0.4;0.04714;[0.4, 0.5, 0.4];0.333333;0.4;0.3;0.04714;[0.3, 0.4, 0.3];0.133333;0.2;0.1;0.04714;[0.1, 0.2, 0.1];;neurosity_session_20250613_175613;;
2025-06-13T17:56:18.286623;1749851778.286623;4.976611;;;;;;;0.133333;0.2;0.1;0.04714;[0.1, 0.2, 0.1];0.233333;0.3;0.2;0.04714;[0.2, 0.3, 0.2];0.433333;0.5;0.4;0.04714;[0.4, 0.5, 0.4];0.333333;0.4;0.3;0.04714;[0.3, 0.4, 0.3];0.133333;0.2;0.1;0.04714;[0.1, 0.2, 0.1];;neurosity_session_20250613_175613;;
2025-06-13T17:56:18.338399;1749851778.338399;5.028387;0.8798588801540963;87.98588801540963;;;;;;;;;;;;;;;;;;;;;;;;;;;;;;;neurosity_session_20250613_175613;;
2025-06-13T17:56:18.340341;1749851778.340341;5.030329;;;0.41856037703618;41.856037703618;;;;;;;;;;;;;;;;;;;;;;;;;;;;;neurosity_session_20250613_175613;;
2025-06-13T17:56:18.392431;1749851778.392431;5.082419;;;;;;;0.133333;0.2;0.1;0.04714;[0.1, 0.2, 0.1];0.233333;0.3;0.2;0.04714;[0.2, 0.3, 0.2];0.433333;0.5;0.4;0.04714;[0.4, 0.5, 0.4];0.333333;0.4;0.3;0.04714;[0.3, 0.4, 0.3];0.133333;0.2;0.1;0.04714;[0.1, 0.2, 0.1];;neurosity_session_20250613_175613;;
2025-06-13T17:56:18.444011;1749851778.444011;5.133999;;;;;;;0.133333;0.2;0.1;0.04714;[0.1, 0.2, 0.1];0.233333;0.3;0.2;0.04714;[0.2, 0.3, 0.2];0.433333;0.5;0.4;0.04714;[0.4, 0.5, 0.4];0.333333;0.4;0.3;0.04714;[0.3, 0.4, 0.3];0.133333;0.2;0.1;0.04714;[0.1, 0.2, 0.1];;neurosity_session_20250613_175613;;
2025-06-13T17:56:18.545920;1749851778.54592;5.235908;;;;;;;0.133333;0.2;0.1;0.04714;[0.1, 0.2, 0.1];0.233333;0.3;0.2;0.04714;[0.2, 0.3, 0.2];0.433333;0.5;0.4;0.04714;[0.4, 0.5, 0.4];0.333333;0.4;0.3;0.04714;[0.3, 0.4, 0.3];0.133333;0.2;0.1;0.04714;[0.1, 0.2, 0.1];;neurosity_session_20250613_175613;;
2025-06-13T17:56:18.597182;1749851778.597182;5.28717;;;;;;;0.133333;0.2;0.1;0.04714;[0.1, 0.2, 0.1];0.233333;0.3;0.2;0.04714;[0.2, 0.3, 0.2];0.433333;0.5;0.4;0.04714;[0.4, 0.5, 0.4];0.333333;0.4;0.3;0.04714;[0.3, 0.4, 0.3];0.133333;0.2;0.1;0.04714;[0.1, 0.2, 0.1];;neurosity_session_20250613_175613;;
2025-06-13T17:56:18.648951;1749851778.648951;5.338939;;;;;;;0.133333;0.2;0.1;0.04714;[0.1, 0.2, 0.1];0.233333;0.3;0.2;0.04714;[0.2, 0.3, 0.2];0.433333;0.5;0.4;0.04714;[0.4, 0.5, 0.4];0.333333;0.4;0.3;0.04714;[0.3, 0.4, 0.3];0.133333;0.2;0.1;0.04714;[0.1, 0.2, 0.1];;neurosity_session_20250613_175613;;
2025-06-13T17:56:18.699768;1749851778.699768;5.389756;;;;;;;0.133333;0.2;0.1;0.04714;[0.1, 0.2, 0.1];0.233333;0.3;0.2;0.04714;[0.2, 0.3, 0.2];0.433333;0.5;0.4;0.04714;[0.4, 0.5, 0.4];0.333333;0.4;0.3;0.04714;[0.3, 0.4, 0.3];0.133333;0.2;0.1;0.04714;[0.1, 0.2, 0.1];;neurosity_session_20250613_175613;;
2025-06-13T17:56:18.699979;1749851778.699979;5.389967;;;;;;;0.133333;0.2;0.1;0.04714;[0.1, 0.2, 0.1];0.233333;0.3;0.2;0.04714;[0.2, 0.3, 0.2];0.433333;0.5;0.4;0.04714;[0.4, 0.5, 0.4];0.333333;0.4;0.3;0.04714;[0.3, 0.4, 0.3];0.133333;0.2;0.1;0.04714;[0.1, 0.2, 0.1];;neurosity_session_20250613_175613;;
2025-06-13T17:56:18.801454;1749851778.801454;5.491442;;;;;;;0.133333;0.2;0.1;0.04714;[0.1, 0.2, 0.1];0.233333;0.3;0.2;0.04714;[0.2, 0.3, 0.2];0.433333;0.5;0.4;0.04714;[0.4, 0.5, 0.4];0.333333;0.4;0.3;0.04714;[0.3, 0.4, 0.3];0.133333;0.2;0.1;0.04714;[0.1, 0.2, 0.1];;neurosity_session_20250613_175613;;
2025-06-13T17:56:18.801795;1749851778.801795;5.491783;;;;;;;0.133333;0.2;0.1;0.04714;[0.1, 0.2, 0.1];0.233333;0.3;0.2;0.04714;[0.2, 0.3, 0.2];0.433333;0.5;0.4;0.04714;[0.4, 0.5, 0.4];0.333333;0.4;0.3;0.04714;[0.3, 0.4, 0.3];0.133333;0.2;0.1;0.04714;[0.1, 0.2, 0.1];;neurosity_session_20250613_175613;;
2025-06-13T17:56:18.853079;1749851778.853079;5.543067;;;;;;;0.133333;0.2;0.1;0.04714;[0.1, 0.2, 0.1];0.233333;0.3;0.2;0.04714;[0.2, 0.3, 0.2];0.433333;0.5;0.4;0.04714;[0.4, 0.5, 0.4];0.333333;0.4;0.3;0.04714;[0.3, 0.4, 0.3];0.133333;0.2;0.1;0.04714;[0.1, 0.2, 0.1];;neurosity_session_20250613_175613;;
2025-06-13T17:56:18.903955;1749851778.903955;5.593943;;;;;;;0.133333;0.2;0.1;0.04714;[0.1, 0.2, 0.1];0.233333;0.3;0.2;0.04714;[0.2, 0.3, 0.2];0.433333;0.5;0.4;0.04714;[0.4, 0.5, 0.4];0.333333;0.4;0.3;0.04714;[0.3, 0.4, 0.3];0.133333;0.2;0.1;0.04714;[0.1, 0.2, 0.1];;neurosity_session_20250613_175613;;
2025-06-13T17:56:18.954525;1749851778.954525;5.644513;;;;;;;0.133333;0.2;0.1;0.04714;[0.1, 0.2, 0.1];0.233333;0.3;0.2;0.04714;[0.2, 0.3, 0.2];0.433333;0.5;0.4;0.04714;[0.4, 0.5, 0.4];0.333333;0.4;0.3;0.04714;[0.3, 0.4, 0.3];0.133333;0.2;0.1;0.04714;[0.1, 0.2, 0.1];;neurosity_session_20250613_175613;;
2025-06-13T17:56:19.005439;1749851779.005439;5.695427;;;;;;;0.133333;0.2;0.1;0.04714;[0.1, 0.2, 0.1];0.233333;0.3;0.2;0.04714;[0.2, 0.3, 0.2];0.433333;0.5;0.4;0.04714;[0.4, 0.5, 0.4];0.333333;0.4;0.3;0.04714;[0.3, 0.4, 0.3];0.133333;0.2;0.1;0.04714;[0.1, 0.2, 0.1];;neurosity_session_20250613_175613;;
2025-06-13T17:56:19.005999;1749851779.005999;5.695987;;;;;;;0.133333;0.2;0.1;0.04714;[0.1, 0.2, 0.1];0.233333;0.3;0.2;0.04714;[0.2, 0.3, 0.2];0.433333;0.5;0.4;0.04714;[0.4, 0.5, 0.4];0.333333;0.4;0.3;0.04714;[0.3, 0.4, 0.3];0.133333;0.2;0.1;0.04714;[0.1, 0.2, 0.1];;neurosity_session_20250613_175613;;
2025-06-13T17:56:19.463625;1749851779.463625;6.153613;0.8698976750143568;86.98976750143568;;;;;;;;;;;;;;;;;;;;;;;;;;;;;;;neurosity_session_20250613_175613;;
2025-06-13T17:56:19.464404;1749851779.464404;6.154392;;;0.570812925302729;57.0812925302729;;;;;;;;;;;;;;;;;;;;;;;;;;;;;neurosity_session_20250613_175613;;
2025-06-13T17:56:19.515065;1749851779.515065;6.205053;;;;;;;0.133333;0.2;0.1;0.04714;[0.1, 0.2, 0.1];0.233333;0.3;0.2;0.04714;[0.2, 0.3, 0.2];0.433333;0.5;0.4;0.04714;[0.4, 0.5, 0.4];0.333333;0.4;0.3;0.04714;[0.3, 0.4, 0.3];0.133333;0.2;0.1;0.04714;[0.1, 0.2, 0.1];;neurosity_session_20250613_175613;;
2025-06-13T17:56:19.566710;1749851779.56671;6.256698;;;;;;;0.133333;0.2;0.1;0.04714;[0.1, 0.2, 0.1];0.233333;0.3;0.2;0.04714;[0.2, 0.3, 0.2];0.433333;0.5;0.4;0.04714;[0.4, 0.5, 0.4];0.333333;0.4;0.3;0.04714;[0.3, 0.4, 0.3];0.133333;0.2;0.1;0.04714;[0.1, 0.2, 0.1];;neurosity_session_20250613_175613;;
2025-06-13T17:56:19.669152;1749851779.669152;6.35914;;;;;;;0.133333;0.2;0.1;0.04714;[0.1, 0.2, 0.1];0.233333;0.3;0.2;0.04714;[0.2, 0.3, 0.2];0.433333;0.5;0.4;0.04714;[0.4, 0.5, 0.4];0.333333;0.4;0.3;0.04714;[0.3, 0.4, 0.3];0.133333;0.2;0.1;0.04714;[0.1, 0.2, 0.1];;neurosity_session_20250613_175613;;
2025-06-13T17:56:19.771737;1749851779.771737;6.461725;;;;;;;0.133333;0.2;0.1;0.04714;[0.1, 0.2, 0.1];0.233333;0.3;0.2;0.04714;[0.2, 0.3, 0.2];0.433333;0.5;0.4;0.04714;[0.4, 0.5, 0.4];0.333333;0.4;0.3;0.04714;[0.3, 0.4, 0.3];0.133333;0.2;0.1;0.04714;[0.1, 0.2, 0.1];;neurosity_session_20250613_175613;;
2025-06-13T17:56:19.822581;1749851779.822581;6.512569;;;;;;;0.133333;0.2;0.1;0.04714;[0.1, 0.2, 0.1];0.233333;0.3;0.2;0.04714;[0.2, 0.3, 0.2];0.433333;0.5;0.4;0.04714;[0.4, 0.5, 0.4];0.333333;0.4;0.3;0.04714;[0.3, 0.4, 0.3];0.133333;0.2;0.1;0.04714;[0.1, 0.2, 0.1];;neurosity_session_20250613_175613;;
2025-06-13T17:56:19.822883;1749851779.822883;6.512871;;;;;;;0.133333;0.2;0.1;0.04714;[0.1, 0.2, 0.1];0.233333;0.3;0.2;0.04714;[0.2, 0.3, 0.2];0.433333;0.5;0.4;0.04714;[0.4, 0.5, 0.4];0.333333;0.4;0.3;0.04714;[0.3, 0.4, 0.3];0.133333;0.2;0.1;0.04714;[0.1, 0.2, 0.1];;neurosity_session_20250613_175613;;
2025-06-13T17:56:19.873758;1749851779.873758;6.563746;;;;;;;0.133333;0.2;0.1;0.04714;[0.1, 0.2, 0.1];0.233333;0.3;0.2;0.04714;[0.2, 0.3, 0.2];0.433333;0.5;0.4;0.04714;[0.4, 0.5, 0.4];0.333333;0.4;0.3;0.04714;[0.3, 0.4, 0.3];0.133333;0.2;0.1;0.04714;[0.1, 0.2, 0.1];;neurosity_session_20250613_175613;;
2025-06-13T17:56:19.924821;1749851779.924821;6.614809;;;;;;;0.133333;0.2;0.1;0.04714;[0.1, 0.2, 0.1];0.233333;0.3;0.2;0.04714;[0.2, 0.3, 0.2];0.433333;0.5;0.4;0.04714;[0.4, 0.5, 0.4];0.333333;0.4;0.3;0.04714;[0.3, 0.4, 0.3];0.133333;0.2;0.1;0.04714;[0.1, 0.2, 0.1];;neurosity_session_20250613_175613;;
2025-06-13T17:56:19.925179;1749851779.925179;6.615167;;;;;;;0.133333;0.2;0.1;0.04714;[0.1, 0.2, 0.1];0.233333;0.3;0.2;0.04714;[0.2, 0.3, 0.2];0.433333;0.5;0.4;0.04714;[0.4, 0.5, 0.4];0.333333;0.4;0.3;0.04714;[0.3, 0.4, 0.3];0.133333;0.2;0.1;0.04714;[0.1, 0.2, 0.1];;neurosity_session_20250613_175613;;
2025-06-13T17:56:19.976050;1749851779.97605;6.666038;0.8481698104353518;84.81698104353518;;;;;;;;;;;;;;;;;;;;;;;;;;;;;;;neurosity_session_20250613_175613;;
2025-06-13T17:56:19.976286;1749851779.976286;6.666274;;;;;;;0.133333;0.2;0.1;0.04714;[0.1, 0.2, 0.1];0.233333;0.3;0.2;0.04714;[0.2, 0.3, 0.2];0.433333;0.5;0.4;0.04714;[0.4, 0.5, 0.4];0.333333;0.4;0.3;0.04714;[0.3, 0.4, 0.3];0.133333;0.2;0.1;0.04714;[0.1, 0.2, 0.1];;neurosity_session_20250613_175613;;
2025-06-13T17:56:20.027174;1749851780.027174;6.717162;;;;;;;0.133333;0.2;0.1;0.04714;[0.1, 0.2, 0.1];0.233333;0.3;0.2;0.04714;[0.2, 0.3, 0.2];0.433333;0.5;0.4;0.04714;[0.4, 0.5, 0.4];0.333333;0.4;0.3;0.04714;[0.3, 0.4, 0.3];0.133333;0.2;0.1;0.04714;[0.1, 0.2, 0.1];;neurosity_session_20250613_175613;;
2025-06-13T17:56:20.078440;1749851780.07844;6.768428;;;;;;;0.133333;0.2;0.1;0.04714;[0.1, 0.2, 0.1];0.233333;0.3;0.2;0.04714;[0.2, 0.3, 0.2];0.433333;0.5;0.4;0.04714;[0.4, 0.5, 0.4];0.333333;0.4;0.3;0.04714;[0.3, 0.4, 0.3];0.133333;0.2;0.1;0.04714;[0.1, 0.2, 0.1];;neurosity_session_20250613_175613;;
2025-06-13T17:56:20.129890;1749851780.12989;6.819878;;;;;;;0.133333;0.2;0.1;0.04714;[0.1, 0.2, 0.1];0.233333;0.3;0.2;0.04714;[0.2, 0.3, 0.2];0.433333;0.5;0.4;0.04714;[0.4, 0.5, 0.4];0.333333;0.4;0.3;0.04714;[0.3, 0.4, 0.3];0.133333;0.2;0.1;0.04714;[0.1, 0.2, 0.1];;neurosity_session_20250613_175613;;
2025-06-13T17:56:20.180992;1749851780.180992;6.87098;;;;;;;0.133333;0.2;0.1;0.04714;[0.1, 0.2, 0.1];0.233333;0.3;0.2;0.04714;[0.2, 0.3, 0.2];0.433333;0.5;0.4;0.04714;[0.4, 0.5, 0.4];0.333333;0.4;0.3;0.04714;[0.3, 0.4, 0.3];0.133333;0.2;0.1;0.04714;[0.1, 0.2, 0.1];;neurosity_session_20250613_175613;;
2025-06-13T17:56:20.181294;1749851780.181294;6.871282;;;0.4759593126295903;47.59593126295903;;;;;;;;;;;;;;;;;;;;;;;;;;;;;neurosity_session_20250613_175613;;
2025-06-13T17:56:20.233423;1749851780.233423;6.923411;;;;;;;0.133333;0.2;0.1;0.04714;[0.1, 0.2, 0.1];0.233333;0.3;0.2;0.04714;[0.2, 0.3, 0.2];0.433333;0.5;0.4;0.04714;[0.4, 0.5, 0.4];0.333333;0.4;0.3;0.04714;[0.3, 0.4, 0.3];0.133333;0.2;0.1;0.04714;[0.1, 0.2, 0.1];;neurosity_session_20250613_175613;;
2025-06-13T17:56:20.285452;1749851780.285452;6.97544;;;;;;;0.133333;0.2;0.1;0.04714;[0.1, 0.2, 0.1];0.233333;0.3;0.2;0.04714;[0.2, 0.3, 0.2];0.433333;0.5;0.4;0.04714;[0.4, 0.5, 0.4];0.333333;0.4;0.3;0.04714;[0.3, 0.4, 0.3];0.133333;0.2;0.1;0.04714;[0.1, 0.2, 0.1];;neurosity_session_20250613_175613;;
2025-06-13T17:56:20.336962;1749851780.336962;7.02695;;;;;;;0.133333;0.2;0.1;0.04714;[0.1, 0.2, 0.1];0.233333;0.3;0.2;0.04714;[0.2, 0.3, 0.2];0.433333;0.5;0.4;0.04714;[0.4, 0.5, 0.4];0.333333;0.4;0.3;0.04714;[0.3, 0.4, 0.3];0.133333;0.2;0.1;0.04714;[0.1, 0.2, 0.1];;neurosity_session_20250613_175613;;
2025-06-13T17:56:20.388513;1749851780.388513;7.078501;;;;;;;0.133333;0.2;0.1;0.04714;[0.1, 0.2, 0.1];0.233333;0.3;0.2;0.04714;[0.2, 0.3, 0.2];0.433333;0.5;0.4;0.04714;[0.4, 0.5, 0.4];0.333333;0.4;0.3;0.04714;[0.3, 0.4, 0.3];0.133333;0.2;0.1;0.04714;[0.1, 0.2, 0.1];;neurosity_session_20250613_175613;;
2025-06-13T17:56:20.440112;1749851780.440112;7.1301;;;;;;;0.133333;0.2;0.1;0.04714;[0.1, 0.2, 0.1];0.233333;0.3;0.2;0.04714;[0.2, 0.3, 0.2];0.433333;0.5;0.4;0.04714;[0.4, 0.5, 0.4];0.333333;0.4;0.3;0.04714;[0.3, 0.4, 0.3];0.133333;0.2;0.1;0.04714;[0.1, 0.2, 0.1];;neurosity_session_20250613_175613;;
2025-06-13T17:56:20.491355;1749851780.491355;7.181343;;;;;;;0.133333;0.2;0.1;0.04714;[0.1, 0.2, 0.1];0.233333;0.3;0.2;0.04714;[0.2, 0.3, 0.2];0.433333;0.5;0.4;0.04714;[0.4, 0.5, 0.4];0.333333;0.4;0.3;0.04714;[0.3, 0.4, 0.3];0.133333;0.2;0.1;0.04714;[0.1, 0.2, 0.1];;neurosity_session_20250613_175613;;
2025-06-13T17:56:20.593320;1749851780.59332;7.283308;;;;;;;0.133333;0.2;0.1;0.04714;[0.1, 0.2, 0.1];0.233333;0.3;0.2;0.04714;[0.2, 0.3, 0.2];0.433333;0.5;0.4;0.04714;[0.4, 0.5, 0.4];0.333333;0.4;0.3;0.04714;[0.3, 0.4, 0.3];0.133333;0.2;0.1;0.04714;[0.1, 0.2, 0.1];;neurosity_session_20250613_175613;;
2025-06-13T17:56:20.644224;1749851780.644224;7.334212;;;;;;;0.133333;0.2;0.1;0.04714;[0.1, 0.2, 0.1];0.233333;0.3;0.2;0.04714;[0.2, 0.3, 0.2];0.433333;0.5;0.4;0.04714;[0.4, 0.5, 0.4];0.333333;0.4;0.3;0.04714;[0.3, 0.4, 0.3];0.133333;0.2;0.1;0.04714;[0.1, 0.2, 0.1];;neurosity_session_20250613_175613;;
2025-06-13T17:56:20.695263;1749851780.695263;7.385251;;;;;;;0.133333;0.2;0.1;0.04714;[0.1, 0.2, 0.1];0.233333;0.3;0.2;0.04714;[0.2, 0.3, 0.2];0.433333;0.5;0.4;0.04714;[0.4, 0.5, 0.4];0.333333;0.4;0.3;0.04714;[0.3, 0.4, 0.3];0.133333;0.2;0.1;0.04714;[0.1, 0.2, 0.1];;neurosity_session_20250613_175613;;
2025-06-13T17:56:20.695586;1749851780.695586;7.385574;;;;;;;0.133333;0.2;0.1;0.04714;[0.1, 0.2, 0.1];0.233333;0.3;0.2;0.04714;[0.2, 0.3, 0.2];0.433333;0.5;0.4;0.04714;[0.4, 0.5, 0.4];0.333333;0.4;0.3;0.04714;[0.3, 0.4, 0.3];0.133333;0.2;0.1;0.04714;[0.1, 0.2, 0.1];;neurosity_session_20250613_175613;;
2025-06-13T17:56:20.746182;1749851780.746182;7.43617;;;;;;;0.133333;0.2;0.1;0.04714;[0.1, 0.2, 0.1];0.233333;0.3;0.2;0.04714;[0.2, 0.3, 0.2];0.433333;0.5;0.4;0.04714;[0.4, 0.5, 0.4];0.333333;0.4;0.3;0.04714;[0.3, 0.4, 0.3];0.133333;0.2;0.1;0.04714;[0.1, 0.2, 0.1];;neurosity_session_20250613_175613;;
2025-06-13T17:56:20.797070;1749851780.79707;7.487058;;;;;;;0.133333;0.2;0.1;0.04714;[0.1, 0.2, 0.1];0.233333;0.3;0.2;0.04714;[0.2, 0.3, 0.2];0.433333;0.5;0.4;0.04714;[0.4, 0.5, 0.4];0.333333;0.4;0.3;0.04714;[0.3, 0.4, 0.3];0.133333;0.2;0.1;0.04714;[0.1, 0.2, 0.1];;neurosity_session_20250613_175613;;
2025-06-13T17:56:20.848426;1749851780.848426;7.538414;;;;;;;0.133333;0.2;0.1;0.04714;[0.1, 0.2, 0.1];0.233333;0.3;0.2;0.04714;[0.2, 0.3, 0.2];0.433333;0.5;0.4;0.04714;[0.4, 0.5, 0.4];0.333333;0.4;0.3;0.04714;[0.3, 0.4, 0.3];0.133333;0.2;0.1;0.04714;[0.1, 0.2, 0.1];;neurosity_session_20250613_175613;;
2025-06-13T17:56:20.899409;1749851780.899409;7.589397;;;;;;;0.133333;0.2;0.1;0.04714;[0.1, 0.2, 0.1];0.233333;0.3;0.2;0.04714;[0.2, 0.3, 0.2];0.433333;0.5;0.4;0.04714;[0.4, 0.5, 0.4];0.333333;0.4;0.3;0.04714;[0.3, 0.4, 0.3];0.133333;0.2;0.1;0.04714;[0.1, 0.2, 0.1];;neurosity_session_20250613_175613;;
2025-06-13T17:56:21.001923;1749851781.001923;7.691911;;;;;;;0.133333;0.2;0.1;0.04714;[0.1, 0.2, 0.1];0.233333;0.3;0.2;0.04714;[0.2, 0.3, 0.2];0.433333;0.5;0.4;0.04714;[0.4, 0.5, 0.4];0.333333;0.4;0.3;0.04714;[0.3, 0.4, 0.3];0.133333;0.2;0.1;0.04714;[0.1, 0.2, 0.1];;neurosity_session_20250613_175613;;
2025-06-13T17:56:21.003454;1749851781.003454;7.693442;0.8651969764115687;86.51969764115687;;;;;;;;;;;;;;;;;;;;;;;;;;;;;;;neurosity_session_20250613_175613;;
2025-06-13T17:56:21.054975;1749851781.054975;7.744963;;;;;;;0.133333;0.2;0.1;0.04714;[0.1, 0.2, 0.1];0.233333;0.3;0.2;0.04714;[0.2, 0.3, 0.2];0.433333;0.5;0.4;0.04714;[0.4, 0.5, 0.4];0.333333;0.4;0.3;0.04714;[0.3, 0.4, 0.3];0.133333;0.2;0.1;0.04714;[0.1, 0.2, 0.1];;neurosity_session_20250613_175613;;
2025-06-13T17:56:21.156974;1749851781.156974;7.846962;;;;;;;0.133333;0.2;0.1;0.04714;[0.1, 0.2, 0.1];0.233333;0.3;0.2;0.04714;[0.2, 0.3, 0.2];0.433333;0.5;0.4;0.04714;[0.4, 0.5, 0.4];0.333333;0.4;0.3;0.04714;[0.3, 0.4, 0.3];0.133333;0.2;0.1;0.04714;[0.1, 0.2, 0.1];;neurosity_session_20250613_175613;;
2025-06-13T17:56:21.259634;1749851781.259634;7.949622;;;;;;;0.133333;0.2;0.1;0.04714;[0.1, 0.2, 0.1];0.233333;0.3;0.2;0.04714;[0.2, 0.3, 0.2];0.433333;0.5;0.4;0.04714;[0.4, 0.5, 0.4];0.333333;0.4;0.3;0.04714;[0.3, 0.4, 0.3];0.133333;0.2;0.1;0.04714;[0.1, 0.2, 0.1];;neurosity_session_20250613_175613;;
2025-06-13T17:56:21.310762;1749851781.310762;8.00075;;;;;;;0.133333;0.2;0.1;0.04714;[0.1, 0.2, 0.1];0.233333;0.3;0.2;0.04714;[0.2, 0.3, 0.2];0.433333;0.5;0.4;0.04714;[0.4, 0.5, 0.4];0.333333;0.4;0.3;0.04714;[0.3, 0.4, 0.3];0.133333;0.2;0.1;0.04714;[0.1, 0.2, 0.1];;neurosity_session_20250613_175613;;
2025-06-13T17:56:21.361987;1749851781.361987;8.051975;;;0.4467908949575556;44.679089495755555;;;;;;;;;;;;;;;;;;;;;;;;;;;;;neurosity_session_20250613_175613;;
2025-06-13T17:56:21.413028;1749851781.413028;8.103016;;;;;;;0.133333;0.2;0.1;0.04714;[0.1, 0.2, 0.1];0.233333;0.3;0.2;0.04714;[0.2, 0.3, 0.2];0.433333;0.5;0.4;0.04714;[0.4, 0.5, 0.4];0.333333;0.4;0.3;0.04714;[0.3, 0.4, 0.3];0.133333;0.2;0.1;0.04714;[0.1, 0.2, 0.1];;neurosity_session_20250613_175613;;
2025-06-13T17:56:21.464237;1749851781.464237;8.154225;;;;;;;0.133333;0.2;0.1;0.04714;[0.1, 0.2, 0.1];0.233333;0.3;0.2;0.04714;[0.2, 0.3, 0.2];0.433333;0.5;0.4;0.04714;[0.4, 0.5, 0.4];0.333333;0.4;0.3;0.04714;[0.3, 0.4, 0.3];0.133333;0.2;0.1;0.04714;[0.1, 0.2, 0.1];;neurosity_session_20250613_175613;;
2025-06-13T17:56:21.464940;1749851781.46494;8.154928;;;;;;;0.133333;0.2;0.1;0.04714;[0.1, 0.2, 0.1];0.233333;0.3;0.2;0.04714;[0.2, 0.3, 0.2];0.433333;0.5;0.4;0.04714;[0.4, 0.5, 0.4];0.333333;0.4;0.3;0.04714;[0.3, 0.4, 0.3];0.133333;0.2;0.1;0.04714;[0.1, 0.2, 0.1];;neurosity_session_20250613_175613;;
2025-06-13T17:56:21.516240;1749851781.51624;8.206228;;;;;;;0.133333;0.2;0.1;0.04714;[0.1, 0.2, 0.1];0.233333;0.3;0.2;0.04714;[0.2, 0.3, 0.2];0.433333;0.5;0.4;0.04714;[0.4, 0.5, 0.4];0.333333;0.4;0.3;0.04714;[0.3, 0.4, 0.3];0.133333;0.2;0.1;0.04714;[0.1, 0.2, 0.1];;neurosity_session_20250613_175613;;
2025-06-13T17:56:21.567156;1749851781.567156;8.257144;;;;;;;0.133333;0.2;0.1;0.04714;[0.1, 0.2, 0.1];0.233333;0.3;0.2;0.04714;[0.2, 0.3, 0.2];0.433333;0.5;0.4;0.04714;[0.4, 0.5, 0.4];0.333333;0.4;0.3;0.04714;[0.3, 0.4, 0.3];0.133333;0.2;0.1;0.04714;[0.1, 0.2, 0.1];;neurosity_session_20250613_175613;;
2025-06-13T17:56:21.618411;1749851781.618411;8.308399;;;;;;;0.133333;0.2;0.1;0.04714;[0.1, 0.2, 0.1];0.233333;0.3;0.2;0.04714;[0.2, 0.3, 0.2];0.433333;0.5;0.4;0.04714;[0.4, 0.5, 0.4];0.333333;0.4;0.3;0.04714;[0.3, 0.4, 0.3];0.133333;0.2;0.1;0.04714;[0.1, 0.2, 0.1];;neurosity_session_20250613_175613;;
2025-06-13T17:56:21.669640;1749851781.66964;8.359628;;;;;;;0.133333;0.2;0.1;0.04714;[0.1, 0.2, 0.1];0.233333;0.3;0.2;0.04714;[0.2, 0.3, 0.2];0.433333;0.5;0.4;0.04714;[0.4, 0.5, 0.4];0.333333;0.4;0.3;0.04714;[0.3, 0.4, 0.3];0.133333;0.2;0.1;0.04714;[0.1, 0.2, 0.1];;neurosity_session_20250613_175613;;
2025-06-13T17:56:21.772120;1749851781.77212;8.462108;;;;;;;0.133333;0.2;0.1;0.04714;[0.1, 0.2, 0.1];0.233333;0.3;0.2;0.04714;[0.2, 0.3, 0.2];0.433333;0.5;0.4;0.04714;[0.4, 0.5, 0.4];0.333333;0.4;0.3;0.04714;[0.3, 0.4, 0.3];0.133333;0.2;0.1;0.04714;[0.1, 0.2, 0.1];;neurosity_session_20250613_175613;;
2025-06-13T17:56:21.873939;1749851781.873939;8.563927;;;;;;;0.133333;0.2;0.1;0.04714;[0.1, 0.2, 0.1];0.233333;0.3;0.2;0.04714;[0.2, 0.3, 0.2];0.433333;0.5;0.4;0.04714;[0.4, 0.5, 0.4];0.333333;0.4;0.3;0.04714;[0.3, 0.4, 0.3];0.133333;0.2;0.1;0.04714;[0.1, 0.2, 0.1];;neurosity_session_20250613_175613;;
2025-06-13T17:56:21.924873;1749851781.924873;8.614861;;;;;;;0.133333;0.2;0.1;0.04714;[0.1, 0.2, 0.1];0.233333;0.3;0.2;0.04714;[0.2, 0.3, 0.2];0.433333;0.5;0.4;0.04714;[0.4, 0.5, 0.4];0.333333;0.4;0.3;0.04714;[0.3, 0.4, 0.3];0.133333;0.2;0.1;0.04714;[0.1, 0.2, 0.1];;neurosity_session_20250613_175613;;
2025-06-13T17:56:21.975979;1749851781.975979;8.665967;;;;;;;0.133333;0.2;0.1;0.04714;[0.1, 0.2, 0.1];0.233333;0.3;0.2;0.04714;[0.2, 0.3, 0.2];0.433333;0.5;0.4;0.04714;[0.4, 0.5, 0.4];0.333333;0.4;0.3;0.04714;[0.3, 0.4, 0.3];0.133333;0.2;0.1;0.04714;[0.1, 0.2, 0.1];;neurosity_session_20250613_175613;;
2025-06-13T17:56:22.026879;1749851782.026879;8.716867;;;;;;;0.133333;0.2;0.1;0.04714;[0.1, 0.2, 0.1];0.233333;0.3;0.2;0.04714;[0.2, 0.3, 0.2];0.433333;0.5;0.4;0.04714;[0.4, 0.5, 0.4];0.333333;0.4;0.3;0.04714;[0.3, 0.4, 0.3];0.133333;0.2;0.1;0.04714;[0.1, 0.2, 0.1];;neurosity_session_20250613_175613;;
2025-06-13T17:56:22.027148;1749851782.027148;8.717136;0.8414609899909181;84.1460989990918;;;;;;;;;;;;;;;;;;;;;;;;;;;;;;;neurosity_session_20250613_175613;;
2025-06-13T17:56:22.027274;1749851782.027274;8.717262;;;0.5603540793854547;56.03540793854547;;;;;;;;;;;;;;;;;;;;;;;;;;;;;neurosity_session_20250613_175613;;
2025-06-13T17:56:22.027463;1749851782.027463;8.717451;;;;;;;0.133333;0.2;0.1;0.04714;[0.1, 0.2, 0.1];0.233333;0.3;0.2;0.04714;[0.2, 0.3, 0.2];0.433333;0.5;0.4;0.04714;[0.4, 0.5, 0.4];0.333333;0.4;0.3;0.04714;[0.3, 0.4, 0.3];0.133333;0.2;0.1;0.04714;[0.1, 0.2, 0.1];;neurosity_session_20250613_175613;;
2025-06-13T17:56:22.078686;1749851782.078686;8.768674;;;;;;;0.133333;0.2;0.1;0.04714;[0.1, 0.2, 0.1];0.233333;0.3;0.2;0.04714;[0.2, 0.3, 0.2];0.433333;0.5;0.4;0.04714;[0.4, 0.5, 0.4];0.333333;0.4;0.3;0.04714;[0.3, 0.4, 0.3];0.133333;0.2;0.1;0.04714;[0.1, 0.2, 0.1];;neurosity_session_20250613_175613;;
2025-06-13T17:56:22.129995;1749851782.129995;8.819983;;;;;;;0.133333;0.2;0.1;0.04714;[0.1, 0.2, 0.1];0.233333;0.3;0.2;0.04714;[0.2, 0.3, 0.2];0.433333;0.5;0.4;0.04714;[0.4, 0.5, 0.4];0.333333;0.4;0.3;0.04714;[0.3, 0.4, 0.3];0.133333;0.2;0.1;0.04714;[0.1, 0.2, 0.1];;neurosity_session_20250613_175613;;
2025-06-13T17:56:22.181139;1749851782.181139;8.871127;;;;;;;0.133333;0.2;0.1;0.04714;[0.1, 0.2, 0.1];0.233333;0.3;0.2;0.04714;[0.2, 0.3, 0.2];0.433333;0.5;0.4;0.04714;[0.4, 0.5, 0.4];0.333333;0.4;0.3;0.04714;[0.3, 0.4, 0.3];0.133333;0.2;0.1;0.04714;[0.1, 0.2, 0.1];;neurosity_session_20250613_175613;;
2025-06-13T17:56:22.232530;1749851782.23253;8.922518;;;;;;;0.133333;0.2;0.1;0.04714;[0.1, 0.2, 0.1];0.233333;0.3;0.2;0.04714;[0.2, 0.3, 0.2];0.433333;0.5;0.4;0.04714;[0.4, 0.5, 0.4];0.333333;0.4;0.3;0.04714;[0.3, 0.4, 0.3];0.133333;0.2;0.1;0.04714;[0.1, 0.2, 0.1];;neurosity_session_20250613_175613;;
2025-06-13T17:56:22.283479;1749851782.283479;8.973467;;;;;;;0.133333;0.2;0.1;0.04714;[0.1, 0.2, 0.1];0.233333;0.3;0.2;0.04714;[0.2, 0.3, 0.2];0.433333;0.5;0.4;0.04714;[0.4, 0.5, 0.4];0.333333;0.4;0.3;0.04714;[0.3, 0.4, 0.3];0.133333;0.2;0.1;0.04714;[0.1, 0.2, 0.1];;neurosity_session_20250613_175613;;
2025-06-13T17:56:22.334310;1749851782.33431;9.024298;;;;;;;0.133333;0.2;0.1;0.04714;[0.1, 0.2, 0.1];0.233333;0.3;0.2;0.04714;[0.2, 0.3, 0.2];0.433333;0.5;0.4;0.04714;[0.4, 0.5, 0.4];0.333333;0.4;0.3;0.04714;[0.3, 0.4, 0.3];0.133333;0.2;0.1;0.04714;[0.1, 0.2, 0.1];;neurosity_session_20250613_175613;;
2025-06-13T17:56:22.385572;1749851782.385572;9.07556;;;;;;;0.133333;0.2;0.1;0.04714;[0.1, 0.2, 0.1];0.233333;0.3;0.2;0.04714;[0.2, 0.3, 0.2];0.433333;0.5;0.4;0.04714;[0.4, 0.5, 0.4];0.333333;0.4;0.3;0.04714;[0.3, 0.4, 0.3];0.133333;0.2;0.1;0.04714;[0.1, 0.2, 0.1];;neurosity_session_20250613_175613;;
2025-06-13T17:56:22.385973;1749851782.385973;9.075961;;;;;;;0.133333;0.2;0.1;0.04714;[0.1, 0.2, 0.1];0.233333;0.3;0.2;0.04714;[0.2, 0.3, 0.2];0.433333;0.5;0.4;0.04714;[0.4, 0.5, 0.4];0.333333;0.4;0.3;0.04714;[0.3, 0.4, 0.3];0.133333;0.2;0.1;0.04714;[0.1, 0.2, 0.1];;neurosity_session_20250613_175613;;
2025-06-13T17:56:22.436912;1749851782.436912;9.1269;;;;;;;0.133333;0.2;0.1;0.04714;[0.1, 0.2, 0.1];0.233333;0.3;0.2;0.04714;[0.2, 0.3, 0.2];0.433333;0.5;0.4;0.04714;[0.4, 0.5, 0.4];0.333333;0.4;0.3;0.04714;[0.3, 0.4, 0.3];0.133333;0.2;0.1;0.04714;[0.1, 0.2, 0.1];;neurosity_session_20250613_175613;;
2025-06-13T17:56:22.487714;1749851782.487714;9.177702;;;;;;;0.133333;0.2;0.1;0.04714;[0.1, 0.2, 0.1];0.233333;0.3;0.2;0.04714;[0.2, 0.3, 0.2];0.433333;0.5;0.4;0.04714;[0.4, 0.5, 0.4];0.333333;0.4;0.3;0.04714;[0.3, 0.4, 0.3];0.133333;0.2;0.1;0.04714;[0.1, 0.2, 0.1];;neurosity_session_20250613_175613;;
2025-06-13T17:56:22.538801;1749851782.538801;9.228789;;;;;;;0.133333;0.2;0.1;0.04714;[0.1, 0.2, 0.1];0.233333;0.3;0.2;0.04714;[0.2, 0.3, 0.2];0.433333;0.5;0.4;0.04714;[0.4, 0.5, 0.4];0.333333;0.4;0.3;0.04714;[0.3, 0.4, 0.3];0.133333;0.2;0.1;0.04714;[0.1, 0.2, 0.1];;neurosity_session_20250613_175613;;
2025-06-13T17:56:22.589981;1749851782.589981;9.279969;;;;;;;0.133333;0.2;0.1;0.04714;[0.1, 0.2, 0.1];0.233333;0.3;0.2;0.04714;[0.2, 0.3, 0.2];0.433333;0.5;0.4;0.04714;[0.4, 0.5, 0.4];0.333333;0.4;0.3;0.04714;[0.3, 0.4, 0.3];0.133333;0.2;0.1;0.04714;[0.1, 0.2, 0.1];;neurosity_session_20250613_175613;;
2025-06-13T17:56:22.590395;1749851782.590395;9.280383;;;;;;;0.133333;0.2;0.1;0.04714;[0.1, 0.2, 0.1];0.233333;0.3;0.2;0.04714;[0.2, 0.3, 0.2];0.433333;0.5;0.4;0.04714;[0.4, 0.5, 0.4];0.333333;0.4;0.3;0.04714;[0.3, 0.4, 0.3];0.133333;0.2;0.1;0.04714;[0.1, 0.2, 0.1];;neurosity_session_20250613_175613;;
2025-06-13T17:56:22.641769;1749851782.641769;9.331757;;;;;;;0.133333;0.2;0.1;0.04714;[0.1, 0.2, 0.1];0.233333;0.3;0.2;0.04714;[0.2, 0.3, 0.2];0.433333;0.5;0.4;0.04714;[0.4, 0.5, 0.4];0.333333;0.4;0.3;0.04714;[0.3, 0.4, 0.3];0.133333;0.2;0.1;0.04714;[0.1, 0.2, 0.1];;neurosity_session_20250613_175613;;
2025-06-13T17:56:22.744737;1749851782.744737;9.434725;;;;;;;0.133333;0.2;0.1;0.04714;[0.1, 0.2, 0.1];0.233333;0.3;0.2;0.04714;[0.2, 0.3, 0.2];0.433333;0.5;0.4;0.04714;[0.4, 0.5, 0.4];0.333333;0.4;0.3;0.04714;[0.3, 0.4, 0.3];0.133333;0.2;0.1;0.04714;[0.1, 0.2, 0.1];;neurosity_session_20250613_175613;;
2025-06-13T17:56:22.795407;1749851782.795407;9.485395;;;;;;;0.133333;0.2;0.1;0.04714;[0.1, 0.2, 0.1];0.233333;0.3;0.2;0.04714;[0.2, 0.3, 0.2];0.433333;0.5;0.4;0.04714;[0.4, 0.5, 0.4];0.333333;0.4;0.3;0.04714;[0.3, 0.4, 0.3];0.133333;0.2;0.1;0.04714;[0.1, 0.2, 0.1];;neurosity_session_20250613_175613;;
2025-06-13T17:56:22.846744;1749851782.846744;9.536732;;;;;;;0.133333;0.2;0.1;0.04714;[0.1, 0.2, 0.1];0.233333;0.3;0.2;0.04714;[0.2, 0.3, 0.2];0.433333;0.5;0.4;0.04714;[0.4, 0.5, 0.4];0.333333;0.4;0.3;0.04714;[0.3, 0.4, 0.3];0.133333;0.2;0.1;0.04714;[0.1, 0.2, 0.1];;neurosity_session_20250613_175613;;
2025-06-13T17:56:22.949446;1749851782.949446;9.639434;;;;;;;0.133333;0.2;0.1;0.04714;[0.1, 0.2, 0.1];0.233333;0.3;0.2;0.04714;[0.2, 0.3, 0.2];0.433333;0.5;0.4;0.04714;[0.4, 0.5, 0.4];0.333333;0.4;0.3;0.04714;[0.3, 0.4, 0.3];0.133333;0.2;0.1;0.04714;[0.1, 0.2, 0.1];;neurosity_session_20250613_175613;;
2025-06-13T17:56:23.101748;1749851783.101748;9.791736;;;0.4782468046434786;47.82468046434786;;;;;;;;;;;;;;;;;;;;;;;;;;;;;neurosity_session_20250613_175613;;
2025-06-13T17:56:23.102151;1749851783.102151;9.792139;0.7881540192019193;78.81540192019193;;;;;;;;;;;;;;;;;;;;;;;;;;;;;;;neurosity_session_20250613_175613;;
2025-06-13T17:56:23.152797;1749851783.152797;9.842785;;;;;;;0.133333;0.2;0.1;0.04714;[0.1, 0.2, 0.1];0.233333;0.3;0.2;0.04714;[0.2, 0.3, 0.2];0.433333;0.5;0.4;0.04714;[0.4, 0.5, 0.4];0.333333;0.4;0.3;0.04714;[0.3, 0.4, 0.3];0.133333;0.2;0.1;0.04714;[0.1, 0.2, 0.1];;neurosity_session_20250613_175613;;
2025-06-13T17:56:23.204099;1749851783.204099;9.894087;;;;;;;0.133333;0.2;0.1;0.04714;[0.1, 0.2, 0.1];0.233333;0.3;0.2;0.04714;[0.2, 0.3, 0.2];0.433333;0.5;0.4;0.04714;[0.4, 0.5, 0.4];0.333333;0.4;0.3;0.04714;[0.3, 0.4, 0.3];0.133333;0.2;0.1;0.04714;[0.1, 0.2, 0.1];;neurosity_session_20250613_175613;;
2025-06-13T17:56:23.255493;1749851783.255493;9.945481;;;;;;;0.133333;0.2;0.1;0.04714;[0.1, 0.2, 0.1];0.233333;0.3;0.2;0.04714;[0.2, 0.3, 0.2];0.433333;0.5;0.4;0.04714;[0.4, 0.5, 0.4];0.333333;0.4;0.3;0.04714;[0.3, 0.4, 0.3];0.133333;0.2;0.1;0.04714;[0.1, 0.2, 0.1];;neurosity_session_20250613_175613;;
2025-06-13T17:56:23.306919;1749851783.306919;9.996907;;;;;;;0.133333;0.2;0.1;0.04714;[0.1, 0.2, 0.1];0.233333;0.3;0.2;0.04714;[0.2, 0.3, 0.2];0.433333;0.5;0.4;0.04714;[0.4, 0.5, 0.4];0.333333;0.4;0.3;0.04714;[0.3, 0.4, 0.3];0.133333;0.2;0.1;0.04714;[0.1, 0.2, 0.1];;neurosity_session_20250613_175613;;
2025-06-13T17:56:23.358497;1749851783.358497;10.048485;;;;;;;0.133333;0.2;0.1;0.04714;[0.1, 0.2, 0.1];0.233333;0.3;0.2;0.04714;[0.2, 0.3, 0.2];0.433333;0.5;0.4;0.04714;[0.4, 0.5, 0.4];0.333333;0.4;0.3;0.04714;[0.3, 0.4, 0.3];0.133333;0.2;0.1;0.04714;[0.1, 0.2, 0.1];;neurosity_session_20250613_175613;;
2025-06-13T17:56:23.409330;1749851783.40933;10.099318;;;;;;;0.133333;0.2;0.1;0.04714;[0.1, 0.2, 0.1];0.233333;0.3;0.2;0.04714;[0.2, 0.3, 0.2];0.433333;0.5;0.4;0.04714;[0.4, 0.5, 0.4];0.333333;0.4;0.3;0.04714;[0.3, 0.4, 0.3];0.133333;0.2;0.1;0.04714;[0.1, 0.2, 0.1];;neurosity_session_20250613_175613;;
2025-06-13T17:56:23.460384;1749851783.460384;10.150372;;;;;;;0.133333;0.2;0.1;0.04714;[0.1, 0.2, 0.1];0.233333;0.3;0.2;0.04714;[0.2, 0.3, 0.2];0.433333;0.5;0.4;0.04714;[0.4, 0.5, 0.4];0.333333;0.4;0.3;0.04714;[0.3, 0.4, 0.3];0.133333;0.2;0.1;0.04714;[0.1, 0.2, 0.1];;neurosity_session_20250613_175613;;
2025-06-13T17:56:23.460738;1749851783.460738;10.150726;;;;;;;0.133333;0.2;0.1;0.04714;[0.1, 0.2, 0.1];0.233333;0.3;0.2;0.04714;[0.2, 0.3, 0.2];0.433333;0.5;0.4;0.04714;[0.4, 0.5, 0.4];0.333333;0.4;0.3;0.04714;[0.3, 0.4, 0.3];0.133333;0.2;0.1;0.04714;[0.1, 0.2, 0.1];;neurosity_session_20250613_175613;;
2025-06-13T17:56:23.512005;1749851783.512005;10.201993;;;;;;;0.133333;0.2;0.1;0.04714;[0.1, 0.2, 0.1];0.233333;0.3;0.2;0.04714;[0.2, 0.3, 0.2];0.433333;0.5;0.4;0.04714;[0.4, 0.5, 0.4];0.333333;0.4;0.3;0.04714;[0.3, 0.4, 0.3];0.133333;0.2;0.1;0.04714;[0.1, 0.2, 0.1];;neurosity_session_20250613_175613;;
2025-06-13T17:56:23.562877;1749851783.562877;10.252865;;;;;;;0.133333;0.2;0.1;0.04714;[0.1, 0.2, 0.1];0.233333;0.3;0.2;0.04714;[0.2, 0.3, 0.2];0.433333;0.5;0.4;0.04714;[0.4, 0.5, 0.4];0.333333;0.4;0.3;0.04714;[0.3, 0.4, 0.3];0.133333;0.2;0.1;0.04714;[0.1, 0.2, 0.1];;neurosity_session_20250613_175613;;
2025-06-13T17:56:23.714818;1749851783.714818;10.404806;;;;;;;0.133333;0.2;0.1;0.04714;[0.1, 0.2, 0.1];0.233333;0.3;0.2;0.04714;[0.2, 0.3, 0.2];0.433333;0.5;0.4;0.04714;[0.4, 0.5, 0.4];0.333333;0.4;0.3;0.04714;[0.3, 0.4, 0.3];0.133333;0.2;0.1;0.04714;[0.1, 0.2, 0.1];;neurosity_session_20250613_175613;;
2025-06-13T17:56:23.765888;1749851783.765888;10.455876;;;;;;;0.133333;0.2;0.1;0.04714;[0.1, 0.2, 0.1];0.233333;0.3;0.2;0.04714;[0.2, 0.3, 0.2];0.433333;0.5;0.4;0.04714;[0.4, 0.5, 0.4];0.333333;0.4;0.3;0.04714;[0.3, 0.4, 0.3];0.133333;0.2;0.1;0.04714;[0.1, 0.2, 0.1];;neurosity_session_20250613_175613;;
2025-06-13T17:56:23.817095;1749851783.817095;10.507083;;;;;;;0.133333;0.2;0.1;0.04714;[0.1, 0.2, 0.1];0.233333;0.3;0.2;0.04714;[0.2, 0.3, 0.2];0.433333;0.5;0.4;0.04714;[0.4, 0.5, 0.4];0.333333;0.4;0.3;0.04714;[0.3, 0.4, 0.3];0.133333;0.2;0.1;0.04714;[0.1, 0.2, 0.1];;neurosity_session_20250613_175613;;
2025-06-13T17:56:23.868184;1749851783.868184;10.558172;;;;;;;0.133333;0.2;0.1;0.04714;[0.1, 0.2, 0.1];0.233333;0.3;0.2;0.04714;[0.2, 0.3, 0.2];0.433333;0.5;0.4;0.04714;[0.4, 0.5, 0.4];0.333333;0.4;0.3;0.04714;[0.3, 0.4, 0.3];0.133333;0.2;0.1;0.04714;[0.1, 0.2, 0.1];;neurosity_session_20250613_175613;;
2025-06-13T17:56:24.428046;1749851784.428046;11.118034;;;0.3844594161066635;38.44594161066635;;;;;;;;;;;;;;;;;;;;;;;;;;;;;neurosity_session_20250613_175613;;
2025-06-13T17:56:24.429668;1749851784.429668;11.119656;0.8143644290206968;81.43644290206969;;;;;;;;;;;;;;;;;;;;;;;;;;;;;;;neurosity_session_20250613_175613;;
2025-06-13T17:56:24.582470;1749851784.58247;11.272458;;;;;;;0.133333;0.2;0.1;0.04714;[0.1, 0.2, 0.1];0.233333;0.3;0.2;0.04714;[0.2, 0.3, 0.2];0.433333;0.5;0.4;0.04714;[0.4, 0.5, 0.4];0.333333;0.4;0.3;0.04714;[0.3, 0.4, 0.3];0.133333;0.2;0.1;0.04714;[0.1, 0.2, 0.1];;neurosity_session_20250613_175613;;
2025-06-13T17:56:24.633607;1749851784.633607;11.323595;;;;;;;0.133333;0.2;0.1;0.04714;[0.1, 0.2, 0.1];0.233333;0.3;0.2;0.04714;[0.2, 0.3, 0.2];0.433333;0.5;0.4;0.04714;[0.4, 0.5, 0.4];0.333333;0.4;0.3;0.04714;[0.3, 0.4, 0.3];0.133333;0.2;0.1;0.04714;[0.1, 0.2, 0.1];;neurosity_session_20250613_175613;;
2025-06-13T17:56:24.684640;1749851784.68464;11.374628;;;;;;;0.133333;0.2;0.1;0.04714;[0.1, 0.2, 0.1];0.233333;0.3;0.2;0.04714;[0.2, 0.3, 0.2];0.433333;0.5;0.4;0.04714;[0.4, 0.5, 0.4];0.333333;0.4;0.3;0.04714;[0.3, 0.4, 0.3];0.133333;0.2;0.1;0.04714;[0.1, 0.2, 0.1];;neurosity_session_20250613_175613;;
2025-06-13T17:56:24.735868;1749851784.735868;11.425856;;;;;;;0.133333;0.2;0.1;0.04714;[0.1, 0.2, 0.1];0.233333;0.3;0.2;0.04714;[0.2, 0.3, 0.2];0.433333;0.5;0.4;0.04714;[0.4, 0.5, 0.4];0.333333;0.4;0.3;0.04714;[0.3, 0.4, 0.3];0.133333;0.2;0.1;0.04714;[0.1, 0.2, 0.1];;neurosity_session_20250613_175613;;
2025-06-13T17:56:24.787076;1749851784.787076;11.477064;;;;;;;0.133333;0.2;0.1;0.04714;[0.1, 0.2, 0.1];0.233333;0.3;0.2;0.04714;[0.2, 0.3, 0.2];0.433333;0.5;0.4;0.04714;[0.4, 0.5, 0.4];0.333333;0.4;0.3;0.04714;[0.3, 0.4, 0.3];0.133333;0.2;0.1;0.04714;[0.1, 0.2, 0.1];;neurosity_session_20250613_175613;;
2025-06-13T17:56:24.838052;1749851784.838052;11.52804;;;;;;;0.133333;0.2;0.1;0.04714;[0.1, 0.2, 0.1];0.233333;0.3;0.2;0.04714;[0.2, 0.3, 0.2];0.433333;0.5;0.4;0.04714;[0.4, 0.5, 0.4];0.333333;0.4;0.3;0.04714;[0.3, 0.4, 0.3];0.133333;0.2;0.1;0.04714;[0.1, 0.2, 0.1];;neurosity_session_20250613_175613;;
2025-06-13T17:56:24.838573;1749851784.838573;11.528561;0.9394393202883474;93.94393202883474;;;;;;;;;;;;;;;;;;;;;;;;;;;;;;;neurosity_session_20250613_175613;;
2025-06-13T17:56:24.889606;1749851784.889606;11.579594;;;;;;;0.133333;0.2;0.1;0.04714;[0.1, 0.2, 0.1];0.233333;0.3;0.2;0.04714;[0.2, 0.3, 0.2];0.433333;0.5;0.4;0.04714;[0.4, 0.5, 0.4];0.333333;0.4;0.3;0.04714;[0.3, 0.4, 0.3];0.133333;0.2;0.1;0.04714;[0.1, 0.2, 0.1];;neurosity_session_20250613_175613;;
2025-06-13T17:56:24.890200;1749851784.8902;11.580188;;;;;;;0.133333;0.2;0.1;0.04714;[0.1, 0.2, 0.1];0.233333;0.3;0.2;0.04714;[0.2, 0.3, 0.2];0.433333;0.5;0.4;0.04714;[0.4, 0.5, 0.4];0.333333;0.4;0.3;0.04714;[0.3, 0.4, 0.3];0.133333;0.2;0.1;0.04714;[0.1, 0.2, 0.1];;neurosity_session_20250613_175613;;
2025-06-13T17:56:24.941202;1749851784.941202;11.63119;;;;;;;0.133333;0.2;0.1;0.04714;[0.1, 0.2, 0.1];0.233333;0.3;0.2;0.04714;[0.2, 0.3, 0.2];0.433333;0.5;0.4;0.04714;[0.4, 0.5, 0.4];0.333333;0.4;0.3;0.04714;[0.3, 0.4, 0.3];0.133333;0.2;0.1;0.04714;[0.1, 0.2, 0.1];;neurosity_session_20250613_175613;;
2025-06-13T17:56:24.992099;1749851784.992099;11.682087;;;;;;;0.133333;0.2;0.1;0.04714;[0.1, 0.2, 0.1];0.233333;0.3;0.2;0.04714;[0.2, 0.3, 0.2];0.433333;0.5;0.4;0.04714;[0.4, 0.5, 0.4];0.333333;0.4;0.3;0.04714;[0.3, 0.4, 0.3];0.133333;0.2;0.1;0.04714;[0.1, 0.2, 0.1];;neurosity_session_20250613_175613;;
2025-06-13T17:56:25.043198;1749851785.043198;11.733186;;;;;;;0.133333;0.2;0.1;0.04714;[0.1, 0.2, 0.1];0.233333;0.3;0.2;0.04714;[0.2, 0.3, 0.2];0.433333;0.5;0.4;0.04714;[0.4, 0.5, 0.4];0.333333;0.4;0.3;0.04714;[0.3, 0.4, 0.3];0.133333;0.2;0.1;0.04714;[0.1, 0.2, 0.1];;neurosity_session_20250613_175613;;
2025-06-13T17:56:25.094237;1749851785.094237;11.784225;;;;;;;0.133333;0.2;0.1;0.04714;[0.1, 0.2, 0.1];0.233333;0.3;0.2;0.04714;[0.2, 0.3, 0.2];0.433333;0.5;0.4;0.04714;[0.4, 0.5, 0.4];0.333333;0.4;0.3;0.04714;[0.3, 0.4, 0.3];0.133333;0.2;0.1;0.04714;[0.1, 0.2, 0.1];;neurosity_session_20250613_175613;;
2025-06-13T17:56:25.094622;1749851785.094622;11.78461;;;;;;;0.133333;0.2;0.1;0.04714;[0.1, 0.2, 0.1];0.233333;0.3;0.2;0.04714;[0.2, 0.3, 0.2];0.433333;0.5;0.4;0.04714;[0.4, 0.5, 0.4];0.333333;0.4;0.3;0.04714;[0.3, 0.4, 0.3];0.133333;0.2;0.1;0.04714;[0.1, 0.2, 0.1];;neurosity_session_20250613_175613;;
2025-06-13T17:56:25.145402;1749851785.145402;11.83539;;;0.5042996172956162;50.429961729561626;;;;;;;;;;;;;;;;;;;;;;;;;;;;;neurosity_session_20250613_175613;;
2025-06-13T17:56:25.196823;1749851785.196823;11.886811;;;;;;;0.133333;0.2;0.1;0.04714;[0.1, 0.2, 0.1];0.233333;0.3;0.2;0.04714;[0.2, 0.3, 0.2];0.433333;0.5;0.4;0.04714;[0.4, 0.5, 0.4];0.333333;0.4;0.3;0.04714;[0.3, 0.4, 0.3];0.133333;0.2;0.1;0.04714;[0.1, 0.2, 0.1];;neurosity_session_20250613_175613;;
2025-06-13T17:56:25.298415;1749851785.298415;11.988403;;;;;;;0.133333;0.2;0.1;0.04714;[0.1, 0.2, 0.1];0.233333;0.3;0.2;0.04714;[0.2, 0.3, 0.2];0.433333;0.5;0.4;0.04714;[0.4, 0.5, 0.4];0.333333;0.4;0.3;0.04714;[0.3, 0.4, 0.3];0.133333;0.2;0.1;0.04714;[0.1, 0.2, 0.1];;neurosity_session_20250613_175613;;
2025-06-13T17:56:25.298785;1749851785.298785;11.988773;;;;;;;0.133333;0.2;0.1;0.04714;[0.1, 0.2, 0.1];0.233333;0.3;0.2;0.04714;[0.2, 0.3, 0.2];0.433333;0.5;0.4;0.04714;[0.4, 0.5, 0.4];0.333333;0.4;0.3;0.04714;[0.3, 0.4, 0.3];0.133333;0.2;0.1;0.04714;[0.1, 0.2, 0.1];;neurosity_session_20250613_175613;;
2025-06-13T17:56:25.349544;1749851785.349544;12.039532;;;;;;;0.133333;0.2;0.1;0.04714;[0.1, 0.2, 0.1];0.233333;0.3;0.2;0.04714;[0.2, 0.3, 0.2];0.433333;0.5;0.4;0.04714;[0.4, 0.5, 0.4];0.333333;0.4;0.3;0.04714;[0.3, 0.4, 0.3];0.133333;0.2;0.1;0.04714;[0.1, 0.2, 0.1];;neurosity_session_20250613_175613;;
2025-06-13T17:56:25.400198;1749851785.400198;12.090186;;;;;;;0.133333;0.2;0.1;0.04714;[0.1, 0.2, 0.1];0.233333;0.3;0.2;0.04714;[0.2, 0.3, 0.2];0.433333;0.5;0.4;0.04714;[0.4, 0.5, 0.4];0.333333;0.4;0.3;0.04714;[0.3, 0.4, 0.3];0.133333;0.2;0.1;0.04714;[0.1, 0.2, 0.1];;neurosity_session_20250613_175613;;
2025-06-13T17:56:25.451668;1749851785.451668;12.141656;;;;;;;0.133333;0.2;0.1;0.04714;[0.1, 0.2, 0.1];0.233333;0.3;0.2;0.04714;[0.2, 0.3, 0.2];0.433333;0.5;0.4;0.04714;[0.4, 0.5, 0.4];0.333333;0.4;0.3;0.04714;[0.3, 0.4, 0.3];0.133333;0.2;0.1;0.04714;[0.1, 0.2, 0.1];;neurosity_session_20250613_175613;;
2025-06-13T17:56:25.502564;1749851785.502564;12.192552;;;;;;;0.133333;0.2;0.1;0.04714;[0.1, 0.2, 0.1];0.233333;0.3;0.2;0.04714;[0.2, 0.3, 0.2];0.433333;0.5;0.4;0.04714;[0.4, 0.5, 0.4];0.333333;0.4;0.3;0.04714;[0.3, 0.4, 0.3];0.133333;0.2;0.1;0.04714;[0.1, 0.2, 0.1];;neurosity_session_20250613_175613;;
2025-06-13T17:56:25.553634;1749851785.553634;12.243622;;;;;;;0.133333;0.2;0.1;0.04714;[0.1, 0.2, 0.1];0.233333;0.3;0.2;0.04714;[0.2, 0.3, 0.2];0.433333;0.5;0.4;0.04714;[0.4, 0.5, 0.4];0.333333;0.4;0.3;0.04714;[0.3, 0.4, 0.3];0.133333;0.2;0.1;0.04714;[0.1, 0.2, 0.1];;neurosity_session_20250613_175613;;
2025-06-13T17:56:25.604553;1749851785.604553;12.294541;;;;;;;0.133333;0.2;0.1;0.04714;[0.1, 0.2, 0.1];0.233333;0.3;0.2;0.04714;[0.2, 0.3, 0.2];0.433333;0.5;0.4;0.04714;[0.4, 0.5, 0.4];0.333333;0.4;0.3;0.04714;[0.3, 0.4, 0.3];0.133333;0.2;0.1;0.04714;[0.1, 0.2, 0.1];;neurosity_session_20250613_175613;;
2025-06-13T17:56:25.604859;1749851785.604859;12.294847;;;;;;;0.133333;0.2;0.1;0.04714;[0.1, 0.2, 0.1];0.233333;0.3;0.2;0.04714;[0.2, 0.3, 0.2];0.433333;0.5;0.4;0.04714;[0.4, 0.5, 0.4];0.333333;0.4;0.3;0.04714;[0.3, 0.4, 0.3];0.133333;0.2;0.1;0.04714;[0.1, 0.2, 0.1];;neurosity_session_20250613_175613;;
2025-06-13T17:56:25.655625;1749851785.655625;12.345613;;;;;;;0.133333;0.2;0.1;0.04714;[0.1, 0.2, 0.1];0.233333;0.3;0.2;0.04714;[0.2, 0.3, 0.2];0.433333;0.5;0.4;0.04714;[0.4, 0.5, 0.4];0.333333;0.4;0.3;0.04714;[0.3, 0.4, 0.3];0.133333;0.2;0.1;0.04714;[0.1, 0.2, 0.1];;neurosity_session_20250613_175613;;
2025-06-13T17:56:25.656433;1749851785.656433;12.346421;;;;;;;0.133333;0.2;0.1;0.04714;[0.1, 0.2, 0.1];0.233333;0.3;0.2;0.04714;[0.2, 0.3, 0.2];0.433333;0.5;0.4;0.04714;[0.4, 0.5, 0.4];0.333333;0.4;0.3;0.04714;[0.3, 0.4, 0.3];0.133333;0.2;0.1;0.04714;[0.1, 0.2, 0.1];;neurosity_session_20250613_175613;;
2025-06-13T17:56:25.707504;1749851785.707504;12.397492;;;;;;;0.133333;0.2;0.1;0.04714;[0.1, 0.2, 0.1];0.233333;0.3;0.2;0.04714;[0.2, 0.3, 0.2];0.433333;0.5;0.4;0.04714;[0.4, 0.5, 0.4];0.333333;0.4;0.3;0.04714;[0.3, 0.4, 0.3];0.133333;0.2;0.1;0.04714;[0.1, 0.2, 0.1];;neurosity_session_20250613_175613;;
2025-06-13T17:56:25.762552;1749851785.762552;12.45254;;;;;;;0.133333;0.2;0.1;0.04714;[0.1, 0.2, 0.1];0.233333;0.3;0.2;0.04714;[0.2, 0.3, 0.2];0.433333;0.5;0.4;0.04714;[0.4, 0.5, 0.4];0.333333;0.4;0.3;0.04714;[0.3, 0.4, 0.3];0.133333;0.2;0.1;0.04714;[0.1, 0.2, 0.1];;neurosity_session_20250613_175613;;
2025-06-13T17:56:25.815256;1749851785.815256;12.505244;;;;;;;0.133333;0.2;0.1;0.04714;[0.1, 0.2, 0.1];0.233333;0.3;0.2;0.04714;[0.2, 0.3, 0.2];0.433333;0.5;0.4;0.04714;[0.4, 0.5, 0.4];0.333333;0.4;0.3;0.04714;[0.3, 0.4, 0.3];0.133333;0.2;0.1;0.04714;[0.1, 0.2, 0.1];;neurosity_session_20250613_175613;;
2025-06-13T17:56:25.865801;1749851785.865801;12.555789;0.7799611518065781;77.99611518065781;;;;;;;;;;;;;;;;;;;;;;;;;;;;;;;neurosity_session_20250613_175613;;
2025-06-13T17:56:25.866632;1749851785.866632;12.55662;;;;;;;0.133333;0.2;0.1;0.04714;[0.1, 0.2, 0.1];0.233333;0.3;0.2;0.04714;[0.2, 0.3, 0.2];0.433333;0.5;0.4;0.04714;[0.4, 0.5, 0.4];0.333333;0.4;0.3;0.04714;[0.3, 0.4, 0.3];0.133333;0.2;0.1;0.04714;[0.1, 0.2, 0.1];;neurosity_session_20250613_175613;;
2025-06-13T17:56:25.917507;1749851785.917507;12.607495;;;;;;;0.133333;0.2;0.1;0.04714;[0.1, 0.2, 0.1];0.233333;0.3;0.2;0.04714;[0.2, 0.3, 0.2];0.433333;0.5;0.4;0.04714;[0.4, 0.5, 0.4];0.333333;0.4;0.3;0.04714;[0.3, 0.4, 0.3];0.133333;0.2;0.1;0.04714;[0.1, 0.2, 0.1];;neurosity_session_20250613_175613;;
2025-06-13T17:56:25.917737;1749851785.917737;12.607725;;;;;;;0.133333;0.2;0.1;0.04714;[0.1, 0.2, 0.1];0.233333;0.3;0.2;0.04714;[0.2, 0.3, 0.2];0.433333;0.5;0.4;0.04714;[0.4, 0.5, 0.4];0.333333;0.4;0.3;0.04714;[0.3, 0.4, 0.3];0.133333;0.2;0.1;0.04714;[0.1, 0.2, 0.1];;neurosity_session_20250613_175613;;
2025-06-13T17:56:25.968213;1749851785.968213;12.658201;;;;;;;0.133333;0.2;0.1;0.04714;[0.1, 0.2, 0.1];0.233333;0.3;0.2;0.04714;[0.2, 0.3, 0.2];0.433333;0.5;0.4;0.04714;[0.4, 0.5, 0.4];0.333333;0.4;0.3;0.04714;[0.3, 0.4, 0.3];0.133333;0.2;0.1;0.04714;[0.1, 0.2, 0.1];;neurosity_session_20250613_175613;;
2025-06-13T17:56:26.019840;1749851786.01984;12.709828;;;;;;;0.133333;0.2;0.1;0.04714;[0.1, 0.2, 0.1];0.233333;0.3;0.2;0.04714;[0.2, 0.3, 0.2];0.433333;0.5;0.4;0.04714;[0.4, 0.5, 0.4];0.333333;0.4;0.3;0.04714;[0.3, 0.4, 0.3];0.133333;0.2;0.1;0.04714;[0.1, 0.2, 0.1];;neurosity_session_20250613_175613;;
2025-06-13T17:56:26.172668;1749851786.172668;12.862656;;;0.4900781450321682;49.00781450321682;;;;;;;;;;;;;;;;;;;;;;;;;;;;;neurosity_session_20250613_175613;;
2025-06-13T17:56:26.173009;1749851786.173009;12.862997;;;;;;;0.133333;0.2;0.1;0.04714;[0.1, 0.2, 0.1];0.233333;0.3;0.2;0.04714;[0.2, 0.3, 0.2];0.433333;0.5;0.4;0.04714;[0.4, 0.5, 0.4];0.333333;0.4;0.3;0.04714;[0.3, 0.4, 0.3];0.133333;0.2;0.1;0.04714;[0.1, 0.2, 0.1];;neurosity_session_20250613_175613;;
2025-06-13T17:56:26.224122;1749851786.224122;12.91411;;;;;;;0.133333;0.2;0.1;0.04714;[0.1, 0.2, 0.1];0.233333;0.3;0.2;0.04714;[0.2, 0.3, 0.2];0.433333;0.5;0.4;0.04714;[0.4, 0.5, 0.4];0.333333;0.4;0.3;0.04714;[0.3, 0.4, 0.3];0.133333;0.2;0.1;0.04714;[0.1, 0.2, 0.1];;neurosity_session_20250613_175613;;
2025-06-13T17:56:26.275150;1749851786.27515;12.965138;;;;;;;0.133333;0.2;0.1;0.04714;[0.1, 0.2, 0.1];0.233333;0.3;0.2;0.04714;[0.2, 0.3, 0.2];0.433333;0.5;0.4;0.04714;[0.4, 0.5, 0.4];0.333333;0.4;0.3;0.04714;[0.3, 0.4, 0.3];0.133333;0.2;0.1;0.04714;[0.1, 0.2, 0.1];;neurosity_session_20250613_175613;;
2025-06-13T17:56:26.427562;1749851786.427562;13.11755;;;;;;;0.133333;0.2;0.1;0.04714;[0.1, 0.2, 0.1];0.233333;0.3;0.2;0.04714;[0.2, 0.3, 0.2];0.433333;0.5;0.4;0.04714;[0.4, 0.5, 0.4];0.333333;0.4;0.3;0.04714;[0.3, 0.4, 0.3];0.133333;0.2;0.1;0.04714;[0.1, 0.2, 0.1];;neurosity_session_20250613_175613;;
2025-06-13T17:56:26.478871;1749851786.478871;13.168859;;;;;;;0.133333;0.2;0.1;0.04714;[0.1, 0.2, 0.1];0.233333;0.3;0.2;0.04714;[0.2, 0.3, 0.2];0.433333;0.5;0.4;0.04714;[0.4, 0.5, 0.4];0.333333;0.4;0.3;0.04714;[0.3, 0.4, 0.3];0.133333;0.2;0.1;0.04714;[0.1, 0.2, 0.1];;neurosity_session_20250613_175613;;
2025-06-13T17:56:26.529906;1749851786.529906;13.219894;;;;;;;0.133333;0.2;0.1;0.04714;[0.1, 0.2, 0.1];0.233333;0.3;0.2;0.04714;[0.2, 0.3, 0.2];0.433333;0.5;0.4;0.04714;[0.4, 0.5, 0.4];0.333333;0.4;0.3;0.04714;[0.3, 0.4, 0.3];0.133333;0.2;0.1;0.04714;[0.1, 0.2, 0.1];;neurosity_session_20250613_175613;;
2025-06-13T17:56:26.580963;1749851786.580963;13.270951;;;;;;;0.133333;0.2;0.1;0.04714;[0.1, 0.2, 0.1];0.233333;0.3;0.2;0.04714;[0.2, 0.3, 0.2];0.433333;0.5;0.4;0.04714;[0.4, 0.5, 0.4];0.333333;0.4;0.3;0.04714;[0.3, 0.4, 0.3];0.133333;0.2;0.1;0.04714;[0.1, 0.2, 0.1];;neurosity_session_20250613_175613;;
2025-06-13T17:56:26.581156;1749851786.581156;13.271144;;;;;;;0.133333;0.2;0.1;0.04714;[0.1, 0.2, 0.1];0.233333;0.3;0.2;0.04714;[0.2, 0.3, 0.2];0.433333;0.5;0.4;0.04714;[0.4, 0.5, 0.4];0.333333;0.4;0.3;0.04714;[0.3, 0.4, 0.3];0.133333;0.2;0.1;0.04714;[0.1, 0.2, 0.1];;neurosity_session_20250613_175613;;
2025-06-13T17:56:26.632023;1749851786.632023;13.322011;;;;;;;0.133333;0.2;0.1;0.04714;[0.1, 0.2, 0.1];0.233333;0.3;0.2;0.04714;[0.2, 0.3, 0.2];0.433333;0.5;0.4;0.04714;[0.4, 0.5, 0.4];0.333333;0.4;0.3;0.04714;[0.3, 0.4, 0.3];0.133333;0.2;0.1;0.04714;[0.1, 0.2, 0.1];;neurosity_session_20250613_175613;;
2025-06-13T17:56:26.682528;1749851786.682528;13.372516;;;;;;;0.133333;0.2;0.1;0.04714;[0.1, 0.2, 0.1];0.233333;0.3;0.2;0.04714;[0.2, 0.3, 0.2];0.433333;0.5;0.4;0.04714;[0.4, 0.5, 0.4];0.333333;0.4;0.3;0.04714;[0.3, 0.4, 0.3];0.133333;0.2;0.1;0.04714;[0.1, 0.2, 0.1];;neurosity_session_20250613_175613;;
2025-06-13T17:56:26.682814;1749851786.682814;13.372802;;;;;;;0.133333;0.2;0.1;0.04714;[0.1, 0.2, 0.1];0.233333;0.3;0.2;0.04714;[0.2, 0.3, 0.2];0.433333;0.5;0.4;0.04714;[0.4, 0.5, 0.4];0.333333;0.4;0.3;0.04714;[0.3, 0.4, 0.3];0.133333;0.2;0.1;0.04714;[0.1, 0.2, 0.1];;neurosity_session_20250613_175613;;
2025-06-13T17:56:26.733616;1749851786.733616;13.423604;;;;;;;0.133333;0.2;0.1;0.04714;[0.1, 0.2, 0.1];0.233333;0.3;0.2;0.04714;[0.2, 0.3, 0.2];0.433333;0.5;0.4;0.04714;[0.4, 0.5, 0.4];0.333333;0.4;0.3;0.04714;[0.3, 0.4, 0.3];0.133333;0.2;0.1;0.04714;[0.1, 0.2, 0.1];;neurosity_session_20250613_175613;;
2025-06-13T17:56:26.785106;1749851786.785106;13.475094;;;;;;;0.133333;0.2;0.1;0.04714;[0.1, 0.2, 0.1];0.233333;0.3;0.2;0.04714;[0.2, 0.3, 0.2];0.433333;0.5;0.4;0.04714;[0.4, 0.5, 0.4];0.333333;0.4;0.3;0.04714;[0.3, 0.4, 0.3];0.133333;0.2;0.1;0.04714;[0.1, 0.2, 0.1];;neurosity_session_20250613_175613;;
2025-06-13T17:56:26.785394;1749851786.785394;13.475382;;;;;;;0.133333;0.2;0.1;0.04714;[0.1, 0.2, 0.1];0.233333;0.3;0.2;0.04714;[0.2, 0.3, 0.2];0.433333;0.5;0.4;0.04714;[0.4, 0.5, 0.4];0.333333;0.4;0.3;0.04714;[0.3, 0.4, 0.3];0.133333;0.2;0.1;0.04714;[0.1, 0.2, 0.1];;neurosity_session_20250613_175613;;
2025-06-13T17:56:26.835955;1749851786.835955;13.525943;;;;;;;0.133333;0.2;0.1;0.04714;[0.1, 0.2, 0.1];0.233333;0.3;0.2;0.04714;[0.2, 0.3, 0.2];0.433333;0.5;0.4;0.04714;[0.4, 0.5, 0.4];0.333333;0.4;0.3;0.04714;[0.3, 0.4, 0.3];0.133333;0.2;0.1;0.04714;[0.1, 0.2, 0.1];;neurosity_session_20250613_175613;;
2025-06-13T17:56:26.937721;1749851786.937721;13.627709;;;0.646813593095989;64.68135930959889;;;;;;;;;;;;;;;;;;;;;;;;;;;;;neurosity_session_20250613_175613;;
2025-06-13T17:56:26.988652;1749851786.988652;13.67864;0.8094135940254952;80.94135940254952;;;;;;;;;;;;;;;;;;;;;;;;;;;;;;;neurosity_session_20250613_175613;;
2025-06-13T17:56:26.989005;1749851786.989005;13.678993;;;;;;;0.133333;0.2;0.1;0.04714;[0.1, 0.2, 0.1];0.233333;0.3;0.2;0.04714;[0.2, 0.3, 0.2];0.433333;0.5;0.4;0.04714;[0.4, 0.5, 0.4];0.333333;0.4;0.3;0.04714;[0.3, 0.4, 0.3];0.133333;0.2;0.1;0.04714;[0.1, 0.2, 0.1];;neurosity_session_20250613_175613;;
2025-06-13T17:56:26.989226;1749851786.989226;13.679214;;;;;;;0.133333;0.2;0.1;0.04714;[0.1, 0.2, 0.1];0.233333;0.3;0.2;0.04714;[0.2, 0.3, 0.2];0.433333;0.5;0.4;0.04714;[0.4, 0.5, 0.4];0.333333;0.4;0.3;0.04714;[0.3, 0.4, 0.3];0.133333;0.2;0.1;0.04714;[0.1, 0.2, 0.1];;neurosity_session_20250613_175613;;
2025-06-13T17:56:27.039829;1749851787.039829;13.729817;;;;;;;0.133333;0.2;0.1;0.04714;[0.1, 0.2, 0.1];0.233333;0.3;0.2;0.04714;[0.2, 0.3, 0.2];0.433333;0.5;0.4;0.04714;[0.4, 0.5, 0.4];0.333333;0.4;0.3;0.04714;[0.3, 0.4, 0.3];0.133333;0.2;0.1;0.04714;[0.1, 0.2, 0.1];;neurosity_session_20250613_175613;;
2025-06-13T17:56:27.090332;1749851787.090332;13.78032;;;;;;;0.133333;0.2;0.1;0.04714;[0.1, 0.2, 0.1];0.233333;0.3;0.2;0.04714;[0.2, 0.3, 0.2];0.433333;0.5;0.4;0.04714;[0.4, 0.5, 0.4];0.333333;0.4;0.3;0.04714;[0.3, 0.4, 0.3];0.133333;0.2;0.1;0.04714;[0.1, 0.2, 0.1];;neurosity_session_20250613_175613;;
2025-06-13T17:56:27.141330;1749851787.14133;13.831318;;;;;;;0.133333;0.2;0.1;0.04714;[0.1, 0.2, 0.1];0.233333;0.3;0.2;0.04714;[0.2, 0.3, 0.2];0.433333;0.5;0.4;0.04714;[0.4, 0.5, 0.4];0.333333;0.4;0.3;0.04714;[0.3, 0.4, 0.3];0.133333;0.2;0.1;0.04714;[0.1, 0.2, 0.1];;neurosity_session_20250613_175613;;
2025-06-13T17:56:27.142063;1749851787.142063;13.832051;;;;;;;0.133333;0.2;0.1;0.04714;[0.1, 0.2, 0.1];0.233333;0.3;0.2;0.04714;[0.2, 0.3, 0.2];0.433333;0.5;0.4;0.04714;[0.4, 0.5, 0.4];0.333333;0.4;0.3;0.04714;[0.3, 0.4, 0.3];0.133333;0.2;0.1;0.04714;[0.1, 0.2, 0.1];;neurosity_session_20250613_175613;;
2025-06-13T17:56:27.295000;1749851787.295;13.984988;;;;;;;0.133333;0.2;0.1;0.04714;[0.1, 0.2, 0.1];0.233333;0.3;0.2;0.04714;[0.2, 0.3, 0.2];0.433333;0.5;0.4;0.04714;[0.4, 0.5, 0.4];0.333333;0.4;0.3;0.04714;[0.3, 0.4, 0.3];0.133333;0.2;0.1;0.04714;[0.1, 0.2, 0.1];;neurosity_session_20250613_175613;;
2025-06-13T17:56:27.346266;1749851787.346266;14.036254;;;;;;;0.133333;0.2;0.1;0.04714;[0.1, 0.2, 0.1];0.233333;0.3;0.2;0.04714;[0.2, 0.3, 0.2];0.433333;0.5;0.4;0.04714;[0.4, 0.5, 0.4];0.333333;0.4;0.3;0.04714;[0.3, 0.4, 0.3];0.133333;0.2;0.1;0.04714;[0.1, 0.2, 0.1];;neurosity_session_20250613_175613;;
2025-06-13T17:56:27.397592;1749851787.397592;14.08758;;;;;;;0.133333;0.2;0.1;0.04714;[0.1, 0.2, 0.1];0.233333;0.3;0.2;0.04714;[0.2, 0.3, 0.2];0.433333;0.5;0.4;0.04714;[0.4, 0.5, 0.4];0.333333;0.4;0.3;0.04714;[0.3, 0.4, 0.3];0.133333;0.2;0.1;0.04714;[0.1, 0.2, 0.1];;neurosity_session_20250613_175613;;
2025-06-13T17:56:27.448775;1749851787.448775;14.138763;;;;;;;0.133333;0.2;0.1;0.04714;[0.1, 0.2, 0.1];0.233333;0.3;0.2;0.04714;[0.2, 0.3, 0.2];0.433333;0.5;0.4;0.04714;[0.4, 0.5, 0.4];0.333333;0.4;0.3;0.04714;[0.3, 0.4, 0.3];0.133333;0.2;0.1;0.04714;[0.1, 0.2, 0.1];;neurosity_session_20250613_175613;;
2025-06-13T17:56:27.500532;1749851787.500532;14.19052;;;;;;;0.133333;0.2;0.1;0.04714;[0.1, 0.2, 0.1];0.233333;0.3;0.2;0.04714;[0.2, 0.3, 0.2];0.433333;0.5;0.4;0.04714;[0.4, 0.5, 0.4];0.333333;0.4;0.3;0.04714;[0.3, 0.4, 0.3];0.133333;0.2;0.1;0.04714;[0.1, 0.2, 0.1];;neurosity_session_20250613_175613;;
2025-06-13T17:56:27.602979;1749851787.602979;14.292967;;;;;;;0.133333;0.2;0.1;0.04714;[0.1, 0.2, 0.1];0.233333;0.3;0.2;0.04714;[0.2, 0.3, 0.2];0.433333;0.5;0.4;0.04714;[0.4, 0.5, 0.4];0.333333;0.4;0.3;0.04714;[0.3, 0.4, 0.3];0.133333;0.2;0.1;0.04714;[0.1, 0.2, 0.1];;neurosity_session_20250613_175613;;
2025-06-13T17:56:27.654253;1749851787.654253;14.344241;;;;;;;0.133333;0.2;0.1;0.04714;[0.1, 0.2, 0.1];0.233333;0.3;0.2;0.04714;[0.2, 0.3, 0.2];0.433333;0.5;0.4;0.04714;[0.4, 0.5, 0.4];0.333333;0.4;0.3;0.04714;[0.3, 0.4, 0.3];0.133333;0.2;0.1;0.04714;[0.1, 0.2, 0.1];;neurosity_session_20250613_175613;;
2025-06-13T17:56:27.705084;1749851787.705084;14.395072;;;;;;;0.133333;0.2;0.1;0.04714;[0.1, 0.2, 0.1];0.233333;0.3;0.2;0.04714;[0.2, 0.3, 0.2];0.433333;0.5;0.4;0.04714;[0.4, 0.5, 0.4];0.333333;0.4;0.3;0.04714;[0.3, 0.4, 0.3];0.133333;0.2;0.1;0.04714;[0.1, 0.2, 0.1];;neurosity_session_20250613_175613;;
2025-06-13T17:56:27.756053;1749851787.756053;14.446041;;;;;;;0.133333;0.2;0.1;0.04714;[0.1, 0.2, 0.1];0.233333;0.3;0.2;0.04714;[0.2, 0.3, 0.2];0.433333;0.5;0.4;0.04714;[0.4, 0.5, 0.4];0.333333;0.4;0.3;0.04714;[0.3, 0.4, 0.3];0.133333;0.2;0.1;0.04714;[0.1, 0.2, 0.1];;neurosity_session_20250613_175613;;
2025-06-13T17:56:27.756441;1749851787.756441;14.446429;;;;;;;0.133333;0.2;0.1;0.04714;[0.1, 0.2, 0.1];0.233333;0.3;0.2;0.04714;[0.2, 0.3, 0.2];0.433333;0.5;0.4;0.04714;[0.4, 0.5, 0.4];0.333333;0.4;0.3;0.04714;[0.3, 0.4, 0.3];0.133333;0.2;0.1;0.04714;[0.1, 0.2, 0.1];;neurosity_session_20250613_175613;;
2025-06-13T17:56:27.910522;1749851787.910522;14.60051;0.859054143231295;85.9054143231295;;;;;;;;;;;;;;;;;;;;;;;;;;;;;;;neurosity_session_20250613_175613;;
2025-06-13T17:56:27.911034;1749851787.911034;14.601022;;;0.4897359497833222;48.973594978332216;;;;;;;;;;;;;;;;;;;;;;;;;;;;;neurosity_session_20250613_175613;;
2025-06-13T17:56:28.063567;1749851788.063567;14.753555;;;;;;;0.133333;0.2;0.1;0.04714;[0.1, 0.2, 0.1];0.233333;0.3;0.2;0.04714;[0.2, 0.3, 0.2];0.433333;0.5;0.4;0.04714;[0.4, 0.5, 0.4];0.333333;0.4;0.3;0.04714;[0.3, 0.4, 0.3];0.133333;0.2;0.1;0.04714;[0.1, 0.2, 0.1];;neurosity_session_20250613_175613;;
2025-06-13T17:56:28.063816;1749851788.063816;14.753804;;;;;;;0.133333;0.2;0.1;0.04714;[0.1, 0.2, 0.1];0.233333;0.3;0.2;0.04714;[0.2, 0.3, 0.2];0.433333;0.5;0.4;0.04714;[0.4, 0.5, 0.4];0.333333;0.4;0.3;0.04714;[0.3, 0.4, 0.3];0.133333;0.2;0.1;0.04714;[0.1, 0.2, 0.1];;neurosity_session_20250613_175613;;
2025-06-13T17:56:28.114598;1749851788.114598;14.804586;;;;;;;0.133333;0.2;0.1;0.04714;[0.1, 0.2, 0.1];0.233333;0.3;0.2;0.04714;[0.2, 0.3, 0.2];0.433333;0.5;0.4;0.04714;[0.4, 0.5, 0.4];0.333333;0.4;0.3;0.04714;[0.3, 0.4, 0.3];0.133333;0.2;0.1;0.04714;[0.1, 0.2, 0.1];;neurosity_session_20250613_175613;;
2025-06-13T17:56:28.165207;1749851788.165207;14.855195;;;;;;;0.133333;0.2;0.1;0.04714;[0.1, 0.2, 0.1];0.233333;0.3;0.2;0.04714;[0.2, 0.3, 0.2];0.433333;0.5;0.4;0.04714;[0.4, 0.5, 0.4];0.333333;0.4;0.3;0.04714;[0.3, 0.4, 0.3];0.133333;0.2;0.1;0.04714;[0.1, 0.2, 0.1];;neurosity_session_20250613_175613;;
2025-06-13T17:56:28.215896;1749851788.215896;14.905884;;;;;;;0.133333;0.2;0.1;0.04714;[0.1, 0.2, 0.1];0.233333;0.3;0.2;0.04714;[0.2, 0.3, 0.2];0.433333;0.5;0.4;0.04714;[0.4, 0.5, 0.4];0.333333;0.4;0.3;0.04714;[0.3, 0.4, 0.3];0.133333;0.2;0.1;0.04714;[0.1, 0.2, 0.1];;neurosity_session_20250613_175613;;
2025-06-13T17:56:28.216178;1749851788.216178;14.906166;;;;;;;0.133333;0.2;0.1;0.04714;[0.1, 0.2, 0.1];0.233333;0.3;0.2;0.04714;[0.2, 0.3, 0.2];0.433333;0.5;0.4;0.04714;[0.4, 0.5, 0.4];0.333333;0.4;0.3;0.04714;[0.3, 0.4, 0.3];0.133333;0.2;0.1;0.04714;[0.1, 0.2, 0.1];;neurosity_session_20250613_175613;;
2025-06-13T17:56:28.266844;1749851788.266844;14.956832;;;;;;;0.133333;0.2;0.1;0.04714;[0.1, 0.2, 0.1];0.233333;0.3;0.2;0.04714;[0.2, 0.3, 0.2];0.433333;0.5;0.4;0.04714;[0.4, 0.5, 0.4];0.333333;0.4;0.3;0.04714;[0.3, 0.4, 0.3];0.133333;0.2;0.1;0.04714;[0.1, 0.2, 0.1];;neurosity_session_20250613_175613;;
2025-06-13T17:56:28.317975;1749851788.317975;15.007963;;;;;;;0.133333;0.2;0.1;0.04714;[0.1, 0.2, 0.1];0.233333;0.3;0.2;0.04714;[0.2, 0.3, 0.2];0.433333;0.5;0.4;0.04714;[0.4, 0.5, 0.4];0.333333;0.4;0.3;0.04714;[0.3, 0.4, 0.3];0.133333;0.2;0.1;0.04714;[0.1, 0.2, 0.1];;neurosity_session_20250613_175613;;
2025-06-13T17:56:28.318336;1749851788.318336;15.008324;;;;;;;0.133333;0.2;0.1;0.04714;[0.1, 0.2, 0.1];0.233333;0.3;0.2;0.04714;[0.2, 0.3, 0.2];0.433333;0.5;0.4;0.04714;[0.4, 0.5, 0.4];0.333333;0.4;0.3;0.04714;[0.3, 0.4, 0.3];0.133333;0.2;0.1;0.04714;[0.1, 0.2, 0.1];;neurosity_session_20250613_175613;;
2025-06-13T17:56:28.369372;1749851788.369372;15.05936;;;;;;;0.133333;0.2;0.1;0.04714;[0.1, 0.2, 0.1];0.233333;0.3;0.2;0.04714;[0.2, 0.3, 0.2];0.433333;0.5;0.4;0.04714;[0.4, 0.5, 0.4];0.333333;0.4;0.3;0.04714;[0.3, 0.4, 0.3];0.133333;0.2;0.1;0.04714;[0.1, 0.2, 0.1];;neurosity_session_20250613_175613;;
2025-06-13T17:56:28.420284;1749851788.420284;15.110272;;;;;;;0.133333;0.2;0.1;0.04714;[0.1, 0.2, 0.1];0.233333;0.3;0.2;0.04714;[0.2, 0.3, 0.2];0.433333;0.5;0.4;0.04714;[0.4, 0.5, 0.4];0.333333;0.4;0.3;0.04714;[0.3, 0.4, 0.3];0.133333;0.2;0.1;0.04714;[0.1, 0.2, 0.1];;neurosity_session_20250613_175613;;
2025-06-13T17:56:28.522920;1749851788.52292;15.212908;;;;;;;0.133333;0.2;0.1;0.04714;[0.1, 0.2, 0.1];0.233333;0.3;0.2;0.04714;[0.2, 0.3, 0.2];0.433333;0.5;0.4;0.04714;[0.4, 0.5, 0.4];0.333333;0.4;0.3;0.04714;[0.3, 0.4, 0.3];0.133333;0.2;0.1;0.04714;[0.1, 0.2, 0.1];;neurosity_session_20250613_175613;;
2025-06-13T17:56:28.777411;1749851788.777411;15.467399;;;;;;;0.133333;0.2;0.1;0.04714;[0.1, 0.2, 0.1];0.233333;0.3;0.2;0.04714;[0.2, 0.3, 0.2];0.433333;0.5;0.4;0.04714;[0.4, 0.5, 0.4];0.333333;0.4;0.3;0.04714;[0.3, 0.4, 0.3];0.133333;0.2;0.1;0.04714;[0.1, 0.2, 0.1];;neurosity_session_20250613_175613;;
2025-06-13T17:56:28.931317;1749851788.931317;15.621305;0.8586804271054684;85.86804271054685;;;;;;;;;;;;;;;;;;;;;;;;;;;;;;;neurosity_session_20250613_175613;;
2025-06-13T17:56:28.932268;1749851788.932268;15.622256;;;0.5129705090086261;51.29705090086261;;;;;;;;;;;;;;;;;;;;;;;;;;;;;neurosity_session_20250613_175613;;
2025-06-13T17:56:28.933409;1749851788.933409;15.623397;;;;;;;0.133333;0.2;0.1;0.04714;[0.1, 0.2, 0.1];0.233333;0.3;0.2;0.04714;[0.2, 0.3, 0.2];0.433333;0.5;0.4;0.04714;[0.4, 0.5, 0.4];0.333333;0.4;0.3;0.04714;[0.3, 0.4, 0.3];0.133333;0.2;0.1;0.04714;[0.1, 0.2, 0.1];;neurosity_session_20250613_175613;;
2025-06-13T17:56:29.034856;1749851789.034856;15.724844;;;;;;;0.133333;0.2;0.1;0.04714;[0.1, 0.2, 0.1];0.233333;0.3;0.2;0.04714;[0.2, 0.3, 0.2];0.433333;0.5;0.4;0.04714;[0.4, 0.5, 0.4];0.333333;0.4;0.3;0.04714;[0.3, 0.4, 0.3];0.133333;0.2;0.1;0.04714;[0.1, 0.2, 0.1];;neurosity_session_20250613_175613;;
2025-06-13T17:56:29.086178;1749851789.086178;15.776166;;;;;;;0.133333;0.2;0.1;0.04714;[0.1, 0.2, 0.1];0.233333;0.3;0.2;0.04714;[0.2, 0.3, 0.2];0.433333;0.5;0.4;0.04714;[0.4, 0.5, 0.4];0.333333;0.4;0.3;0.04714;[0.3, 0.4, 0.3];0.133333;0.2;0.1;0.04714;[0.1, 0.2, 0.1];;neurosity_session_20250613_175613;;
2025-06-13T17:56:29.137479;1749851789.137479;15.827467;;;;;;;0.133333;0.2;0.1;0.04714;[0.1, 0.2, 0.1];0.233333;0.3;0.2;0.04714;[0.2, 0.3, 0.2];0.433333;0.5;0.4;0.04714;[0.4, 0.5, 0.4];0.333333;0.4;0.3;0.04714;[0.3, 0.4, 0.3];0.133333;0.2;0.1;0.04714;[0.1, 0.2, 0.1];;neurosity_session_20250613_175613;;
2025-06-13T17:56:29.137709;1749851789.137709;15.827697;;;;;;;0.133333;0.2;0.1;0.04714;[0.1, 0.2, 0.1];0.233333;0.3;0.2;0.04714;[0.2, 0.3, 0.2];0.433333;0.5;0.4;0.04714;[0.4, 0.5, 0.4];0.333333;0.4;0.3;0.04714;[0.3, 0.4, 0.3];0.133333;0.2;0.1;0.04714;[0.1, 0.2, 0.1];;neurosity_session_20250613_175613;;
2025-06-13T17:56:29.188610;1749851789.18861;15.878598;;;;;;;0.133333;0.2;0.1;0.04714;[0.1, 0.2, 0.1];0.233333;0.3;0.2;0.04714;[0.2, 0.3, 0.2];0.433333;0.5;0.4;0.04714;[0.4, 0.5, 0.4];0.333333;0.4;0.3;0.04714;[0.3, 0.4, 0.3];0.133333;0.2;0.1;0.04714;[0.1, 0.2, 0.1];;neurosity_session_20250613_175613;;
2025-06-13T17:56:29.239765;1749851789.239765;15.929753;;;;;;;0.133333;0.2;0.1;0.04714;[0.1, 0.2, 0.1];0.233333;0.3;0.2;0.04714;[0.2, 0.3, 0.2];0.433333;0.5;0.4;0.04714;[0.4, 0.5, 0.4];0.333333;0.4;0.3;0.04714;[0.3, 0.4, 0.3];0.133333;0.2;0.1;0.04714;[0.1, 0.2, 0.1];;neurosity_session_20250613_175613;;
2025-06-13T17:56:29.240198;1749851789.240198;15.930186;;;;;;;0.133333;0.2;0.1;0.04714;[0.1, 0.2, 0.1];0.233333;0.3;0.2;0.04714;[0.2, 0.3, 0.2];0.433333;0.5;0.4;0.04714;[0.4, 0.5, 0.4];0.333333;0.4;0.3;0.04714;[0.3, 0.4, 0.3];0.133333;0.2;0.1;0.04714;[0.1, 0.2, 0.1];;neurosity_session_20250613_175613;;
2025-06-13T17:56:29.341688;1749851789.341688;16.031676;;;;;;;0.133333;0.2;0.1;0.04714;[0.1, 0.2, 0.1];0.233333;0.3;0.2;0.04714;[0.2, 0.3, 0.2];0.433333;0.5;0.4;0.04714;[0.4, 0.5, 0.4];0.333333;0.4;0.3;0.04714;[0.3, 0.4, 0.3];0.133333;0.2;0.1;0.04714;[0.1, 0.2, 0.1];;neurosity_session_20250613_175613;;
2025-06-13T17:56:29.342172;1749851789.342172;16.03216;;;;;;;0.133333;0.2;0.1;0.04714;[0.1, 0.2, 0.1];0.233333;0.3;0.2;0.04714;[0.2, 0.3, 0.2];0.433333;0.5;0.4;0.04714;[0.4, 0.5, 0.4];0.333333;0.4;0.3;0.04714;[0.3, 0.4, 0.3];0.133333;0.2;0.1;0.04714;[0.1, 0.2, 0.1];;neurosity_session_20250613_175613;;
2025-06-13T17:56:29.393273;1749851789.393273;16.083261;;;;;;;0.133333;0.2;0.1;0.04714;[0.1, 0.2, 0.1];0.233333;0.3;0.2;0.04714;[0.2, 0.3, 0.2];0.433333;0.5;0.4;0.04714;[0.4, 0.5, 0.4];0.333333;0.4;0.3;0.04714;[0.3, 0.4, 0.3];0.133333;0.2;0.1;0.04714;[0.1, 0.2, 0.1];;neurosity_session_20250613_175613;;
2025-06-13T17:56:29.496282;1749851789.496282;16.18627;;;;;;;0.133333;0.2;0.1;0.04714;[0.1, 0.2, 0.1];0.233333;0.3;0.2;0.04714;[0.2, 0.3, 0.2];0.433333;0.5;0.4;0.04714;[0.4, 0.5, 0.4];0.333333;0.4;0.3;0.04714;[0.3, 0.4, 0.3];0.133333;0.2;0.1;0.04714;[0.1, 0.2, 0.1];;neurosity_session_20250613_175613;;
2025-06-13T17:56:29.549833;1749851789.549833;16.239821;;;;;;;0.133333;0.2;0.1;0.04714;[0.1, 0.2, 0.1];0.233333;0.3;0.2;0.04714;[0.2, 0.3, 0.2];0.433333;0.5;0.4;0.04714;[0.4, 0.5, 0.4];0.333333;0.4;0.3;0.04714;[0.3, 0.4, 0.3];0.133333;0.2;0.1;0.04714;[0.1, 0.2, 0.1];;neurosity_session_20250613_175613;;
2025-06-13T17:56:29.601010;1749851789.60101;16.290998;;;;;;;0.133333;0.2;0.1;0.04714;[0.1, 0.2, 0.1];0.233333;0.3;0.2;0.04714;[0.2, 0.3, 0.2];0.433333;0.5;0.4;0.04714;[0.4, 0.5, 0.4];0.333333;0.4;0.3;0.04714;[0.3, 0.4, 0.3];0.133333;0.2;0.1;0.04714;[0.1, 0.2, 0.1];;neurosity_session_20250613_175613;;
2025-06-13T17:56:29.652026;1749851789.652026;16.342014;;;;;;;0.133333;0.2;0.1;0.04714;[0.1, 0.2, 0.1];0.233333;0.3;0.2;0.04714;[0.2, 0.3, 0.2];0.433333;0.5;0.4;0.04714;[0.4, 0.5, 0.4];0.333333;0.4;0.3;0.04714;[0.3, 0.4, 0.3];0.133333;0.2;0.1;0.04714;[0.1, 0.2, 0.1];;neurosity_session_20250613_175613;;
2025-06-13T17:56:29.703116;1749851789.703116;16.393104;;;;;;;0.133333;0.2;0.1;0.04714;[0.1, 0.2, 0.1];0.233333;0.3;0.2;0.04714;[0.2, 0.3, 0.2];0.433333;0.5;0.4;0.04714;[0.4, 0.5, 0.4];0.333333;0.4;0.3;0.04714;[0.3, 0.4, 0.3];0.133333;0.2;0.1;0.04714;[0.1, 0.2, 0.1];;neurosity_session_20250613_175613;;
2025-06-13T17:56:29.704319;1749851789.704319;16.394307;0.8172371397976963;81.72371397976963;;;;;;;;;;;;;;;;;;;;;;;;;;;;;;;neurosity_session_20250613_175613;;
2025-06-13T17:56:29.805665;1749851789.805665;16.495653;;;;;;;0.133333;0.2;0.1;0.04714;[0.1, 0.2, 0.1];0.233333;0.3;0.2;0.04714;[0.2, 0.3, 0.2];0.433333;0.5;0.4;0.04714;[0.4, 0.5, 0.4];0.333333;0.4;0.3;0.04714;[0.3, 0.4, 0.3];0.133333;0.2;0.1;0.04714;[0.1, 0.2, 0.1];;neurosity_session_20250613_175613;;
2025-06-13T17:56:29.805868;1749851789.805868;16.495856;;;;;;;0.133333;0.2;0.1;0.04714;[0.1, 0.2, 0.1];0.233333;0.3;0.2;0.04714;[0.2, 0.3, 0.2];0.433333;0.5;0.4;0.04714;[0.4, 0.5, 0.4];0.333333;0.4;0.3;0.04714;[0.3, 0.4, 0.3];0.133333;0.2;0.1;0.04714;[0.1, 0.2, 0.1];;neurosity_session_20250613_175613;;
2025-06-13T17:56:29.857040;1749851789.85704;16.547028;;;0.5678416563122262;56.78416563122261;;;;;;;;;;;;;;;;;;;;;;;;;;;;;neurosity_session_20250613_175613;;
2025-06-13T17:56:29.908153;1749851789.908153;16.598141;;;;;;;0.133333;0.2;0.1;0.04714;[0.1, 0.2, 0.1];0.233333;0.3;0.2;0.04714;[0.2, 0.3, 0.2];0.433333;0.5;0.4;0.04714;[0.4, 0.5, 0.4];0.333333;0.4;0.3;0.04714;[0.3, 0.4, 0.3];0.133333;0.2;0.1;0.04714;[0.1, 0.2, 0.1];;neurosity_session_20250613_175613;;
2025-06-13T17:56:30.061920;1749851790.06192;16.751908;;;;;;;0.133333;0.2;0.1;0.04714;[0.1, 0.2, 0.1];0.233333;0.3;0.2;0.04714;[0.2, 0.3, 0.2];0.433333;0.5;0.4;0.04714;[0.4, 0.5, 0.4];0.333333;0.4;0.3;0.04714;[0.3, 0.4, 0.3];0.133333;0.2;0.1;0.04714;[0.1, 0.2, 0.1];;neurosity_session_20250613_175613;;
2025-06-13T17:56:30.164485;1749851790.164485;16.854473;;;;;;;0.133333;0.2;0.1;0.04714;[0.1, 0.2, 0.1];0.233333;0.3;0.2;0.04714;[0.2, 0.3, 0.2];0.433333;0.5;0.4;0.04714;[0.4, 0.5, 0.4];0.333333;0.4;0.3;0.04714;[0.3, 0.4, 0.3];0.133333;0.2;0.1;0.04714;[0.1, 0.2, 0.1];;neurosity_session_20250613_175613;;
2025-06-13T17:56:30.217776;1749851790.217776;16.907764;;;;;;;0.133333;0.2;0.1;0.04714;[0.1, 0.2, 0.1];0.233333;0.3;0.2;0.04714;[0.2, 0.3, 0.2];0.433333;0.5;0.4;0.04714;[0.4, 0.5, 0.4];0.333333;0.4;0.3;0.04714;[0.3, 0.4, 0.3];0.133333;0.2;0.1;0.04714;[0.1, 0.2, 0.1];;neurosity_session_20250613_175613;;
2025-06-13T17:56:30.370915;1749851790.370915;17.060903;;;;;;;0.133333;0.2;0.1;0.04714;[0.1, 0.2, 0.1];0.233333;0.3;0.2;0.04714;[0.2, 0.3, 0.2];0.433333;0.5;0.4;0.04714;[0.4, 0.5, 0.4];0.333333;0.4;0.3;0.04714;[0.3, 0.4, 0.3];0.133333;0.2;0.1;0.04714;[0.1, 0.2, 0.1];;neurosity_session_20250613_175613;;
2025-06-13T17:56:30.422034;1749851790.422034;17.112022;;;;;;;0.133333;0.2;0.1;0.04714;[0.1, 0.2, 0.1];0.233333;0.3;0.2;0.04714;[0.2, 0.3, 0.2];0.433333;0.5;0.4;0.04714;[0.4, 0.5, 0.4];0.333333;0.4;0.3;0.04714;[0.3, 0.4, 0.3];0.133333;0.2;0.1;0.04714;[0.1, 0.2, 0.1];;neurosity_session_20250613_175613;;
2025-06-13T17:56:30.473025;1749851790.473025;17.163013;;;;;;;0.133333;0.2;0.1;0.04714;[0.1, 0.2, 0.1];0.233333;0.3;0.2;0.04714;[0.2, 0.3, 0.2];0.433333;0.5;0.4;0.04714;[0.4, 0.5, 0.4];0.333333;0.4;0.3;0.04714;[0.3, 0.4, 0.3];0.133333;0.2;0.1;0.04714;[0.1, 0.2, 0.1];;neurosity_session_20250613_175613;;
2025-06-13T17:56:30.524025;1749851790.524025;17.214013;;;;;;;0.133333;0.2;0.1;0.04714;[0.1, 0.2, 0.1];0.233333;0.3;0.2;0.04714;[0.2, 0.3, 0.2];0.433333;0.5;0.4;0.04714;[0.4, 0.5, 0.4];0.333333;0.4;0.3;0.04714;[0.3, 0.4, 0.3];0.133333;0.2;0.1;0.04714;[0.1, 0.2, 0.1];;neurosity_session_20250613_175613;;
2025-06-13T17:56:30.524502;1749851790.524502;17.21449;;;;;;;0.133333;0.2;0.1;0.04714;[0.1, 0.2, 0.1];0.233333;0.3;0.2;0.04714;[0.2, 0.3, 0.2];0.433333;0.5;0.4;0.04714;[0.4, 0.5, 0.4];0.333333;0.4;0.3;0.04714;[0.3, 0.4, 0.3];0.133333;0.2;0.1;0.04714;[0.1, 0.2, 0.1];;neurosity_session_20250613_175613;;
2025-06-13T17:56:30.575634;1749851790.575634;17.265622;;;;;;;0.133333;0.2;0.1;0.04714;[0.1, 0.2, 0.1];0.233333;0.3;0.2;0.04714;[0.2, 0.3, 0.2];0.433333;0.5;0.4;0.04714;[0.4, 0.5, 0.4];0.333333;0.4;0.3;0.04714;[0.3, 0.4, 0.3];0.133333;0.2;0.1;0.04714;[0.1, 0.2, 0.1];;neurosity_session_20250613_175613;;
2025-06-13T17:56:30.626659;1749851790.626659;17.316647;;;;;;;0.133333;0.2;0.1;0.04714;[0.1, 0.2, 0.1];0.233333;0.3;0.2;0.04714;[0.2, 0.3, 0.2];0.433333;0.5;0.4;0.04714;[0.4, 0.5, 0.4];0.333333;0.4;0.3;0.04714;[0.3, 0.4, 0.3];0.133333;0.2;0.1;0.04714;[0.1, 0.2, 0.1];;neurosity_session_20250613_175613;;
2025-06-13T17:56:30.677642;1749851790.677642;17.36763;;;;;;;0.133333;0.2;0.1;0.04714;[0.1, 0.2, 0.1];0.233333;0.3;0.2;0.04714;[0.2, 0.3, 0.2];0.433333;0.5;0.4;0.04714;[0.4, 0.5, 0.4];0.333333;0.4;0.3;0.04714;[0.3, 0.4, 0.3];0.133333;0.2;0.1;0.04714;[0.1, 0.2, 0.1];;neurosity_session_20250613_175613;;
2025-06-13T17:56:30.728170;1749851790.72817;17.418158;;;;;;;0.133333;0.2;0.1;0.04714;[0.1, 0.2, 0.1];0.233333;0.3;0.2;0.04714;[0.2, 0.3, 0.2];0.433333;0.5;0.4;0.04714;[0.4, 0.5, 0.4];0.333333;0.4;0.3;0.04714;[0.3, 0.4, 0.3];0.133333;0.2;0.1;0.04714;[0.1, 0.2, 0.1];;neurosity_session_20250613_175613;;
2025-06-13T17:56:30.779231;1749851790.779231;17.469219;0.7643978803053976;76.43978803053976;;;;;;;;;;;;;;;;;;;;;;;;;;;;;;;neurosity_session_20250613_175613;;
2025-06-13T17:56:30.779483;1749851790.779483;17.469471;;;;;;;0.133333;0.2;0.1;0.04714;[0.1, 0.2, 0.1];0.233333;0.3;0.2;0.04714;[0.2, 0.3, 0.2];0.433333;0.5;0.4;0.04714;[0.4, 0.5, 0.4];0.333333;0.4;0.3;0.04714;[0.3, 0.4, 0.3];0.133333;0.2;0.1;0.04714;[0.1, 0.2, 0.1];;neurosity_session_20250613_175613;;
2025-06-13T17:56:30.779665;1749851790.779665;17.469653;;;;;;;0.133333;0.2;0.1;0.04714;[0.1, 0.2, 0.1];0.233333;0.3;0.2;0.04714;[0.2, 0.3, 0.2];0.433333;0.5;0.4;0.04714;[0.4, 0.5, 0.4];0.333333;0.4;0.3;0.04714;[0.3, 0.4, 0.3];0.133333;0.2;0.1;0.04714;[0.1, 0.2, 0.1];;neurosity_session_20250613_175613;;
2025-06-13T17:56:30.830045;1749851790.830045;17.520033;;;;;;;0.133333;0.2;0.1;0.04714;[0.1, 0.2, 0.1];0.233333;0.3;0.2;0.04714;[0.2, 0.3, 0.2];0.433333;0.5;0.4;0.04714;[0.4, 0.5, 0.4];0.333333;0.4;0.3;0.04714;[0.3, 0.4, 0.3];0.133333;0.2;0.1;0.04714;[0.1, 0.2, 0.1];;neurosity_session_20250613_175613;;
2025-06-13T17:56:30.981517;1749851790.981517;17.671505;;;0.5658232020106523;56.58232020106523;;;;;;;;;;;;;;;;;;;;;;;;;;;;;neurosity_session_20250613_175613;;
2025-06-13T17:56:31.032366;1749851791.032366;17.722354;;;;;;;0.133333;0.2;0.1;0.04714;[0.1, 0.2, 0.1];0.233333;0.3;0.2;0.04714;[0.2, 0.3, 0.2];0.433333;0.5;0.4;0.04714;[0.4, 0.5, 0.4];0.333333;0.4;0.3;0.04714;[0.3, 0.4, 0.3];0.133333;0.2;0.1;0.04714;[0.1, 0.2, 0.1];;neurosity_session_20250613_175613;;
2025-06-13T17:56:31.134174;1749851791.134174;17.824162;;;;;;;0.133333;0.2;0.1;0.04714;[0.1, 0.2, 0.1];0.233333;0.3;0.2;0.04714;[0.2, 0.3, 0.2];0.433333;0.5;0.4;0.04714;[0.4, 0.5, 0.4];0.333333;0.4;0.3;0.04714;[0.3, 0.4, 0.3];0.133333;0.2;0.1;0.04714;[0.1, 0.2, 0.1];;neurosity_session_20250613_175613;;
2025-06-13T17:56:31.134530;1749851791.13453;17.824518;;;;;;;0.133333;0.2;0.1;0.04714;[0.1, 0.2, 0.1];0.233333;0.3;0.2;0.04714;[0.2, 0.3, 0.2];0.433333;0.5;0.4;0.04714;[0.4, 0.5, 0.4];0.333333;0.4;0.3;0.04714;[0.3, 0.4, 0.3];0.133333;0.2;0.1;0.04714;[0.1, 0.2, 0.1];;neurosity_session_20250613_175613;;
2025-06-13T17:56:31.185217;1749851791.185217;17.875205;;;;;;;0.133333;0.2;0.1;0.04714;[0.1, 0.2, 0.1];0.233333;0.3;0.2;0.04714;[0.2, 0.3, 0.2];0.433333;0.5;0.4;0.04714;[0.4, 0.5, 0.4];0.333333;0.4;0.3;0.04714;[0.3, 0.4, 0.3];0.133333;0.2;0.1;0.04714;[0.1, 0.2, 0.1];;neurosity_session_20250613_175613;;
2025-06-13T17:56:31.236221;1749851791.236221;17.926209;;;;;;;0.133333;0.2;0.1;0.04714;[0.1, 0.2, 0.1];0.233333;0.3;0.2;0.04714;[0.2, 0.3, 0.2];0.433333;0.5;0.4;0.04714;[0.4, 0.5, 0.4];0.333333;0.4;0.3;0.04714;[0.3, 0.4, 0.3];0.133333;0.2;0.1;0.04714;[0.1, 0.2, 0.1];;neurosity_session_20250613_175613;;
2025-06-13T17:56:31.287113;1749851791.287113;17.977101;;;;;;;0.133333;0.2;0.1;0.04714;[0.1, 0.2, 0.1];0.233333;0.3;0.2;0.04714;[0.2, 0.3, 0.2];0.433333;0.5;0.4;0.04714;[0.4, 0.5, 0.4];0.333333;0.4;0.3;0.04714;[0.3, 0.4, 0.3];0.133333;0.2;0.1;0.04714;[0.1, 0.2, 0.1];;neurosity_session_20250613_175613;;
2025-06-13T17:56:31.338352;1749851791.338352;18.02834;;;;;;;0.133333;0.2;0.1;0.04714;[0.1, 0.2, 0.1];0.233333;0.3;0.2;0.04714;[0.2, 0.3, 0.2];0.433333;0.5;0.4;0.04714;[0.4, 0.5, 0.4];0.333333;0.4;0.3;0.04714;[0.3, 0.4, 0.3];0.133333;0.2;0.1;0.04714;[0.1, 0.2, 0.1];;neurosity_session_20250613_175613;;
2025-06-13T17:56:31.389363;1749851791.389363;18.079351;;;;;;;0.133333;0.2;0.1;0.04714;[0.1, 0.2, 0.1];0.233333;0.3;0.2;0.04714;[0.2, 0.3, 0.2];0.433333;0.5;0.4;0.04714;[0.4, 0.5, 0.4];0.333333;0.4;0.3;0.04714;[0.3, 0.4, 0.3];0.133333;0.2;0.1;0.04714;[0.1, 0.2, 0.1];;neurosity_session_20250613_175613;;
2025-06-13T17:56:31.440445;1749851791.440445;18.130433;;;;;;;0.133333;0.2;0.1;0.04714;[0.1, 0.2, 0.1];0.233333;0.3;0.2;0.04714;[0.2, 0.3, 0.2];0.433333;0.5;0.4;0.04714;[0.4, 0.5, 0.4];0.333333;0.4;0.3;0.04714;[0.3, 0.4, 0.3];0.133333;0.2;0.1;0.04714;[0.1, 0.2, 0.1];;neurosity_session_20250613_175613;;
2025-06-13T17:56:31.491474;1749851791.491474;18.181462;;;;;;;0.133333;0.2;0.1;0.04714;[0.1, 0.2, 0.1];0.233333;0.3;0.2;0.04714;[0.2, 0.3, 0.2];0.433333;0.5;0.4;0.04714;[0.4, 0.5, 0.4];0.333333;0.4;0.3;0.04714;[0.3, 0.4, 0.3];0.133333;0.2;0.1;0.04714;[0.1, 0.2, 0.1];;neurosity_session_20250613_175613;;
2025-06-13T17:56:31.491940;1749851791.49194;18.181928;;;;;;;0.133333;0.2;0.1;0.04714;[0.1, 0.2, 0.1];0.233333;0.3;0.2;0.04714;[0.2, 0.3, 0.2];0.433333;0.5;0.4;0.04714;[0.4, 0.5, 0.4];0.333333;0.4;0.3;0.04714;[0.3, 0.4, 0.3];0.133333;0.2;0.1;0.04714;[0.1, 0.2, 0.1];;neurosity_session_20250613_175613;;
2025-06-13T17:56:31.543273;1749851791.543273;18.233261;;;;;;;0.133333;0.2;0.1;0.04714;[0.1, 0.2, 0.1];0.233333;0.3;0.2;0.04714;[0.2, 0.3, 0.2];0.433333;0.5;0.4;0.04714;[0.4, 0.5, 0.4];0.333333;0.4;0.3;0.04714;[0.3, 0.4, 0.3];0.133333;0.2;0.1;0.04714;[0.1, 0.2, 0.1];;neurosity_session_20250613_175613;;
2025-06-13T17:56:31.594120;1749851791.59412;18.284108;;;;;;;0.133333;0.2;0.1;0.04714;[0.1, 0.2, 0.1];0.233333;0.3;0.2;0.04714;[0.2, 0.3, 0.2];0.433333;0.5;0.4;0.04714;[0.4, 0.5, 0.4];0.333333;0.4;0.3;0.04714;[0.3, 0.4, 0.3];0.133333;0.2;0.1;0.04714;[0.1, 0.2, 0.1];;neurosity_session_20250613_175613;;
2025-06-13T17:56:31.645172;1749851791.645172;18.33516;;;;;;;0.133333;0.2;0.1;0.04714;[0.1, 0.2, 0.1];0.233333;0.3;0.2;0.04714;[0.2, 0.3, 0.2];0.433333;0.5;0.4;0.04714;[0.4, 0.5, 0.4];0.333333;0.4;0.3;0.04714;[0.3, 0.4, 0.3];0.133333;0.2;0.1;0.04714;[0.1, 0.2, 0.1];;neurosity_session_20250613_175613;;
2025-06-13T17:56:31.645568;1749851791.645568;18.335556;;;;;;;0.133333;0.2;0.1;0.04714;[0.1, 0.2, 0.1];0.233333;0.3;0.2;0.04714;[0.2, 0.3, 0.2];0.433333;0.5;0.4;0.04714;[0.4, 0.5, 0.4];0.333333;0.4;0.3;0.04714;[0.3, 0.4, 0.3];0.133333;0.2;0.1;0.04714;[0.1, 0.2, 0.1];;neurosity_session_20250613_175613;;
2025-06-13T17:56:31.696187;1749851791.696187;18.386175;;;;;;;0.133333;0.2;0.1;0.04714;[0.1, 0.2, 0.1];0.233333;0.3;0.2;0.04714;[0.2, 0.3, 0.2];0.433333;0.5;0.4;0.04714;[0.4, 0.5, 0.4];0.333333;0.4;0.3;0.04714;[0.3, 0.4, 0.3];0.133333;0.2;0.1;0.04714;[0.1, 0.2, 0.1];;neurosity_session_20250613_175613;;
2025-06-13T17:56:31.696505;1749851791.696505;18.386493;0.8355483974328923;83.55483974328924;;;;;;;;;;;;;;;;;;;;;;;;;;;;;;;neurosity_session_20250613_175613;;
2025-06-13T17:56:31.848300;1749851791.8483;18.538288;;;0.6323683513211634;63.23683513211634;;;;;;;;;;;;;;;;;;;;;;;;;;;;;neurosity_session_20250613_175613;;
2025-06-13T17:56:31.898897;1749851791.898897;18.588885;;;;;;;0.133333;0.2;0.1;0.04714;[0.1, 0.2, 0.1];0.233333;0.3;0.2;0.04714;[0.2, 0.3, 0.2];0.433333;0.5;0.4;0.04714;[0.4, 0.5, 0.4];0.333333;0.4;0.3;0.04714;[0.3, 0.4, 0.3];0.133333;0.2;0.1;0.04714;[0.1, 0.2, 0.1];;neurosity_session_20250613_175613;;
2025-06-13T17:56:31.949979;1749851791.949979;18.639967;;;;;;;0.133333;0.2;0.1;0.04714;[0.1, 0.2, 0.1];0.233333;0.3;0.2;0.04714;[0.2, 0.3, 0.2];0.433333;0.5;0.4;0.04714;[0.4, 0.5, 0.4];0.333333;0.4;0.3;0.04714;[0.3, 0.4, 0.3];0.133333;0.2;0.1;0.04714;[0.1, 0.2, 0.1];;neurosity_session_20250613_175613;;
2025-06-13T17:56:32.001008;1749851792.001008;18.690996;;;;;;;0.133333;0.2;0.1;0.04714;[0.1, 0.2, 0.1];0.233333;0.3;0.2;0.04714;[0.2, 0.3, 0.2];0.433333;0.5;0.4;0.04714;[0.4, 0.5, 0.4];0.333333;0.4;0.3;0.04714;[0.3, 0.4, 0.3];0.133333;0.2;0.1;0.04714;[0.1, 0.2, 0.1];;neurosity_session_20250613_175613;;
2025-06-13T17:56:32.052138;1749851792.052138;18.742126;;;;;;;0.133333;0.2;0.1;0.04714;[0.1, 0.2, 0.1];0.233333;0.3;0.2;0.04714;[0.2, 0.3, 0.2];0.433333;0.5;0.4;0.04714;[0.4, 0.5, 0.4];0.333333;0.4;0.3;0.04714;[0.3, 0.4, 0.3];0.133333;0.2;0.1;0.04714;[0.1, 0.2, 0.1];;neurosity_session_20250613_175613;;
2025-06-13T17:56:32.204119;1749851792.204119;18.894107;;;;;;;0.133333;0.2;0.1;0.04714;[0.1, 0.2, 0.1];0.233333;0.3;0.2;0.04714;[0.2, 0.3, 0.2];0.433333;0.5;0.4;0.04714;[0.4, 0.5, 0.4];0.333333;0.4;0.3;0.04714;[0.3, 0.4, 0.3];0.133333;0.2;0.1;0.04714;[0.1, 0.2, 0.1];;neurosity_session_20250613_175613;;
2025-06-13T17:56:32.255182;1749851792.255182;18.94517;;;;;;;0.133333;0.2;0.1;0.04714;[0.1, 0.2, 0.1];0.233333;0.3;0.2;0.04714;[0.2, 0.3, 0.2];0.433333;0.5;0.4;0.04714;[0.4, 0.5, 0.4];0.333333;0.4;0.3;0.04714;[0.3, 0.4, 0.3];0.133333;0.2;0.1;0.04714;[0.1, 0.2, 0.1];;neurosity_session_20250613_175613;;
2025-06-13T17:56:32.306257;1749851792.306257;18.996245;;;;;;;0.133333;0.2;0.1;0.04714;[0.1, 0.2, 0.1];0.233333;0.3;0.2;0.04714;[0.2, 0.3, 0.2];0.433333;0.5;0.4;0.04714;[0.4, 0.5, 0.4];0.333333;0.4;0.3;0.04714;[0.3, 0.4, 0.3];0.133333;0.2;0.1;0.04714;[0.1, 0.2, 0.1];;neurosity_session_20250613_175613;;
2025-06-13T17:56:32.357195;1749851792.357195;19.047183;;;;;;;0.133333;0.2;0.1;0.04714;[0.1, 0.2, 0.1];0.233333;0.3;0.2;0.04714;[0.2, 0.3, 0.2];0.433333;0.5;0.4;0.04714;[0.4, 0.5, 0.4];0.333333;0.4;0.3;0.04714;[0.3, 0.4, 0.3];0.133333;0.2;0.1;0.04714;[0.1, 0.2, 0.1];;neurosity_session_20250613_175613;;
2025-06-13T17:56:32.357587;1749851792.357587;19.047575;;;;;;;0.133333;0.2;0.1;0.04714;[0.1, 0.2, 0.1];0.233333;0.3;0.2;0.04714;[0.2, 0.3, 0.2];0.433333;0.5;0.4;0.04714;[0.4, 0.5, 0.4];0.333333;0.4;0.3;0.04714;[0.3, 0.4, 0.3];0.133333;0.2;0.1;0.04714;[0.1, 0.2, 0.1];;neurosity_session_20250613_175613;;
2025-06-13T17:56:32.408241;1749851792.408241;19.098229;;;;;;;0.133333;0.2;0.1;0.04714;[0.1, 0.2, 0.1];0.233333;0.3;0.2;0.04714;[0.2, 0.3, 0.2];0.433333;0.5;0.4;0.04714;[0.4, 0.5, 0.4];0.333333;0.4;0.3;0.04714;[0.3, 0.4, 0.3];0.133333;0.2;0.1;0.04714;[0.1, 0.2, 0.1];;neurosity_session_20250613_175613;;
2025-06-13T17:56:32.459258;1749851792.459258;19.149246;;;;;;;0.133333;0.2;0.1;0.04714;[0.1, 0.2, 0.1];0.233333;0.3;0.2;0.04714;[0.2, 0.3, 0.2];0.433333;0.5;0.4;0.04714;[0.4, 0.5, 0.4];0.333333;0.4;0.3;0.04714;[0.3, 0.4, 0.3];0.133333;0.2;0.1;0.04714;[0.1, 0.2, 0.1];;neurosity_session_20250613_175613;;
2025-06-13T17:56:32.510309;1749851792.510309;19.200297;;;;;;;0.133333;0.2;0.1;0.04714;[0.1, 0.2, 0.1];0.233333;0.3;0.2;0.04714;[0.2, 0.3, 0.2];0.433333;0.5;0.4;0.04714;[0.4, 0.5, 0.4];0.333333;0.4;0.3;0.04714;[0.3, 0.4, 0.3];0.133333;0.2;0.1;0.04714;[0.1, 0.2, 0.1];;neurosity_session_20250613_175613;;
2025-06-13T17:56:32.561219;1749851792.561219;19.251207;;;;;;;0.133333;0.2;0.1;0.04714;[0.1, 0.2, 0.1];0.233333;0.3;0.2;0.04714;[0.2, 0.3, 0.2];0.433333;0.5;0.4;0.04714;[0.4, 0.5, 0.4];0.333333;0.4;0.3;0.04714;[0.3, 0.4, 0.3];0.133333;0.2;0.1;0.04714;[0.1, 0.2, 0.1];;neurosity_session_20250613_175613;;
2025-06-13T17:56:32.612444;1749851792.612444;19.302432;;;;;;;0.133333;0.2;0.1;0.04714;[0.1, 0.2, 0.1];0.233333;0.3;0.2;0.04714;[0.2, 0.3, 0.2];0.433333;0.5;0.4;0.04714;[0.4, 0.5, 0.4];0.333333;0.4;0.3;0.04714;[0.3, 0.4, 0.3];0.133333;0.2;0.1;0.04714;[0.1, 0.2, 0.1];;neurosity_session_20250613_175613;;
2025-06-13T17:56:32.612972;1749851792.612972;19.30296;;;;;;;0.133333;0.2;0.1;0.04714;[0.1, 0.2, 0.1];0.233333;0.3;0.2;0.04714;[0.2, 0.3, 0.2];0.433333;0.5;0.4;0.04714;[0.4, 0.5, 0.4];0.333333;0.4;0.3;0.04714;[0.3, 0.4, 0.3];0.133333;0.2;0.1;0.04714;[0.1, 0.2, 0.1];;neurosity_session_20250613_175613;;
2025-06-13T17:56:33.270527;1749851793.270527;19.960515;0.7916442302207864;79.16442302207865;;;;;;;;;;;;;;;;;;;;;;;;;;;;;;;neurosity_session_20250613_175613;;
2025-06-13T17:56:33.271566;1749851793.271566;19.961554;;;0.5899640346120758;58.99640346120758;;;;;;;;;;;;;;;;;;;;;;;;;;;;;neurosity_session_20250613_175613;;
2025-06-13T17:56:33.373451;1749851793.373451;20.063439;;;;;;;0.133333;0.2;0.1;0.04714;[0.1, 0.2, 0.1];0.233333;0.3;0.2;0.04714;[0.2, 0.3, 0.2];0.433333;0.5;0.4;0.04714;[0.4, 0.5, 0.4];0.333333;0.4;0.3;0.04714;[0.3, 0.4, 0.3];0.133333;0.2;0.1;0.04714;[0.1, 0.2, 0.1];;neurosity_session_20250613_175613;;
2025-06-13T17:56:33.426096;1749851793.426096;20.116084;;;;;;;0.133333;0.2;0.1;0.04714;[0.1, 0.2, 0.1];0.233333;0.3;0.2;0.04714;[0.2, 0.3, 0.2];0.433333;0.5;0.4;0.04714;[0.4, 0.5, 0.4];0.333333;0.4;0.3;0.04714;[0.3, 0.4, 0.3];0.133333;0.2;0.1;0.04714;[0.1, 0.2, 0.1];;neurosity_session_20250613_175613;;
2025-06-13T17:56:33.477096;1749851793.477096;20.167084;;;;;;;0.133333;0.2;0.1;0.04714;[0.1, 0.2, 0.1];0.233333;0.3;0.2;0.04714;[0.2, 0.3, 0.2];0.433333;0.5;0.4;0.04714;[0.4, 0.5, 0.4];0.333333;0.4;0.3;0.04714;[0.3, 0.4, 0.3];0.133333;0.2;0.1;0.04714;[0.1, 0.2, 0.1];;neurosity_session_20250613_175613;;
2025-06-13T17:56:33.528879;1749851793.528879;20.218867;;;;;;;0.133333;0.2;0.1;0.04714;[0.1, 0.2, 0.1];0.233333;0.3;0.2;0.04714;[0.2, 0.3, 0.2];0.433333;0.5;0.4;0.04714;[0.4, 0.5, 0.4];0.333333;0.4;0.3;0.04714;[0.3, 0.4, 0.3];0.133333;0.2;0.1;0.04714;[0.1, 0.2, 0.1];;neurosity_session_20250613_175613;;
2025-06-13T17:56:33.579857;1749851793.579857;20.269845;;;;;;;0.133333;0.2;0.1;0.04714;[0.1, 0.2, 0.1];0.233333;0.3;0.2;0.04714;[0.2, 0.3, 0.2];0.433333;0.5;0.4;0.04714;[0.4, 0.5, 0.4];0.333333;0.4;0.3;0.04714;[0.3, 0.4, 0.3];0.133333;0.2;0.1;0.04714;[0.1, 0.2, 0.1];;neurosity_session_20250613_175613;;
2025-06-13T17:56:33.630952;1749851793.630952;20.32094;;;;;;;0.133333;0.2;0.1;0.04714;[0.1, 0.2, 0.1];0.233333;0.3;0.2;0.04714;[0.2, 0.3, 0.2];0.433333;0.5;0.4;0.04714;[0.4, 0.5, 0.4];0.333333;0.4;0.3;0.04714;[0.3, 0.4, 0.3];0.133333;0.2;0.1;0.04714;[0.1, 0.2, 0.1];;neurosity_session_20250613_175613;;
2025-06-13T17:56:33.681852;1749851793.681852;20.37184;;;;;;;0.133333;0.2;0.1;0.04714;[0.1, 0.2, 0.1];0.233333;0.3;0.2;0.04714;[0.2, 0.3, 0.2];0.433333;0.5;0.4;0.04714;[0.4, 0.5, 0.4];0.333333;0.4;0.3;0.04714;[0.3, 0.4, 0.3];0.133333;0.2;0.1;0.04714;[0.1, 0.2, 0.1];;neurosity_session_20250613_175613;;
2025-06-13T17:56:33.732771;1749851793.732771;20.422759;;;;;;;0.133333;0.2;0.1;0.04714;[0.1, 0.2, 0.1];0.233333;0.3;0.2;0.04714;[0.2, 0.3, 0.2];0.433333;0.5;0.4;0.04714;[0.4, 0.5, 0.4];0.333333;0.4;0.3;0.04714;[0.3, 0.4, 0.3];0.133333;0.2;0.1;0.04714;[0.1, 0.2, 0.1];;neurosity_session_20250613_175613;;
2025-06-13T17:56:33.784429;1749851793.784429;20.474417;;;0.5578913916609805;55.789139166098046;;;;;;;;;;;;;;;;;;;;;;;;;;;;;neurosity_session_20250613_175613;;
2025-06-13T17:56:33.785183;1749851793.785183;20.475171;0.8852405852955614;88.52405852955614;;;;;;;;;;;;;;;;;;;;;;;;;;;;;;;neurosity_session_20250613_175613;;
2025-06-13T17:56:33.786193;1749851793.786193;20.476181;;;;;;;0.133333;0.2;0.1;0.04714;[0.1, 0.2, 0.1];0.233333;0.3;0.2;0.04714;[0.2, 0.3, 0.2];0.433333;0.5;0.4;0.04714;[0.4, 0.5, 0.4];0.333333;0.4;0.3;0.04714;[0.3, 0.4, 0.3];0.133333;0.2;0.1;0.04714;[0.1, 0.2, 0.1];;neurosity_session_20250613_175613;;
2025-06-13T17:56:33.838542;1749851793.838542;20.52853;;;;;;;0.133333;0.2;0.1;0.04714;[0.1, 0.2, 0.1];0.233333;0.3;0.2;0.04714;[0.2, 0.3, 0.2];0.433333;0.5;0.4;0.04714;[0.4, 0.5, 0.4];0.333333;0.4;0.3;0.04714;[0.3, 0.4, 0.3];0.133333;0.2;0.1;0.04714;[0.1, 0.2, 0.1];;neurosity_session_20250613_175613;;
2025-06-13T17:56:33.889731;1749851793.889731;20.579719;;;;;;;0.133333;0.2;0.1;0.04714;[0.1, 0.2, 0.1];0.233333;0.3;0.2;0.04714;[0.2, 0.3, 0.2];0.433333;0.5;0.4;0.04714;[0.4, 0.5, 0.4];0.333333;0.4;0.3;0.04714;[0.3, 0.4, 0.3];0.133333;0.2;0.1;0.04714;[0.1, 0.2, 0.1];;neurosity_session_20250613_175613;;
2025-06-13T17:56:33.991872;1749851793.991872;20.68186;;;;;;;0.133333;0.2;0.1;0.04714;[0.1, 0.2, 0.1];0.233333;0.3;0.2;0.04714;[0.2, 0.3, 0.2];0.433333;0.5;0.4;0.04714;[0.4, 0.5, 0.4];0.333333;0.4;0.3;0.04714;[0.3, 0.4, 0.3];0.133333;0.2;0.1;0.04714;[0.1, 0.2, 0.1];;neurosity_session_20250613_175613;;
2025-06-13T17:56:34.042543;1749851794.042543;20.732531;;;;;;;0.133333;0.2;0.1;0.04714;[0.1, 0.2, 0.1];0.233333;0.3;0.2;0.04714;[0.2, 0.3, 0.2];0.433333;0.5;0.4;0.04714;[0.4, 0.5, 0.4];0.333333;0.4;0.3;0.04714;[0.3, 0.4, 0.3];0.133333;0.2;0.1;0.04714;[0.1, 0.2, 0.1];;neurosity_session_20250613_175613;;
2025-06-13T17:56:34.095687;1749851794.095687;20.785675;;;;;;;0.133333;0.2;0.1;0.04714;[0.1, 0.2, 0.1];0.233333;0.3;0.2;0.04714;[0.2, 0.3, 0.2];0.433333;0.5;0.4;0.04714;[0.4, 0.5, 0.4];0.333333;0.4;0.3;0.04714;[0.3, 0.4, 0.3];0.133333;0.2;0.1;0.04714;[0.1, 0.2, 0.1];;neurosity_session_20250613_175613;;
2025-06-13T17:56:34.146637;1749851794.146637;20.836625;;;;;;;0.133333;0.2;0.1;0.04714;[0.1, 0.2, 0.1];0.233333;0.3;0.2;0.04714;[0.2, 0.3, 0.2];0.433333;0.5;0.4;0.04714;[0.4, 0.5, 0.4];0.333333;0.4;0.3;0.04714;[0.3, 0.4, 0.3];0.133333;0.2;0.1;0.04714;[0.1, 0.2, 0.1];;neurosity_session_20250613_175613;;
2025-06-13T17:56:34.202834;1749851794.202834;20.892822;;;;;;;0.133333;0.2;0.1;0.04714;[0.1, 0.2, 0.1];0.233333;0.3;0.2;0.04714;[0.2, 0.3, 0.2];0.433333;0.5;0.4;0.04714;[0.4, 0.5, 0.4];0.333333;0.4;0.3;0.04714;[0.3, 0.4, 0.3];0.133333;0.2;0.1;0.04714;[0.1, 0.2, 0.1];;neurosity_session_20250613_175613;;
2025-06-13T17:56:34.306446;1749851794.306446;20.996434;;;;;;;0.133333;0.2;0.1;0.04714;[0.1, 0.2, 0.1];0.233333;0.3;0.2;0.04714;[0.2, 0.3, 0.2];0.433333;0.5;0.4;0.04714;[0.4, 0.5, 0.4];0.333333;0.4;0.3;0.04714;[0.3, 0.4, 0.3];0.133333;0.2;0.1;0.04714;[0.1, 0.2, 0.1];;neurosity_session_20250613_175613;;
2025-06-13T17:56:34.357611;1749851794.357611;21.047599;;;;;;;0.133333;0.2;0.1;0.04714;[0.1, 0.2, 0.1];0.233333;0.3;0.2;0.04714;[0.2, 0.3, 0.2];0.433333;0.5;0.4;0.04714;[0.4, 0.5, 0.4];0.333333;0.4;0.3;0.04714;[0.3, 0.4, 0.3];0.133333;0.2;0.1;0.04714;[0.1, 0.2, 0.1];;neurosity_session_20250613_175613;;
2025-06-13T17:56:34.408851;1749851794.408851;21.098839;;;;;;;0.133333;0.2;0.1;0.04714;[0.1, 0.2, 0.1];0.233333;0.3;0.2;0.04714;[0.2, 0.3, 0.2];0.433333;0.5;0.4;0.04714;[0.4, 0.5, 0.4];0.333333;0.4;0.3;0.04714;[0.3, 0.4, 0.3];0.133333;0.2;0.1;0.04714;[0.1, 0.2, 0.1];;neurosity_session_20250613_175613;;
2025-06-13T17:56:34.461011;1749851794.461011;21.150999;;;;;;;0.133333;0.2;0.1;0.04714;[0.1, 0.2, 0.1];0.233333;0.3;0.2;0.04714;[0.2, 0.3, 0.2];0.433333;0.5;0.4;0.04714;[0.4, 0.5, 0.4];0.333333;0.4;0.3;0.04714;[0.3, 0.4, 0.3];0.133333;0.2;0.1;0.04714;[0.1, 0.2, 0.1];;neurosity_session_20250613_175613;;
2025-06-13T17:56:34.613977;1749851794.613977;21.303965;;;;;;;0.133333;0.2;0.1;0.04714;[0.1, 0.2, 0.1];0.233333;0.3;0.2;0.04714;[0.2, 0.3, 0.2];0.433333;0.5;0.4;0.04714;[0.4, 0.5, 0.4];0.333333;0.4;0.3;0.04714;[0.3, 0.4, 0.3];0.133333;0.2;0.1;0.04714;[0.1, 0.2, 0.1];;neurosity_session_20250613_175613;;
2025-06-13T17:56:34.664937;1749851794.664937;21.354925;;;;;;;0.133333;0.2;0.1;0.04714;[0.1, 0.2, 0.1];0.233333;0.3;0.2;0.04714;[0.2, 0.3, 0.2];0.433333;0.5;0.4;0.04714;[0.4, 0.5, 0.4];0.333333;0.4;0.3;0.04714;[0.3, 0.4, 0.3];0.133333;0.2;0.1;0.04714;[0.1, 0.2, 0.1];;neurosity_session_20250613_175613;;
2025-06-13T17:56:34.715553;1749851794.715553;21.405541;;;;;;;0.133333;0.2;0.1;0.04714;[0.1, 0.2, 0.1];0.233333;0.3;0.2;0.04714;[0.2, 0.3, 0.2];0.433333;0.5;0.4;0.04714;[0.4, 0.5, 0.4];0.333333;0.4;0.3;0.04714;[0.3, 0.4, 0.3];0.133333;0.2;0.1;0.04714;[0.1, 0.2, 0.1];;neurosity_session_20250613_175613;;
2025-06-13T17:56:34.715936;1749851794.715936;21.405924;;;;;;;0.133333;0.2;0.1;0.04714;[0.1, 0.2, 0.1];0.233333;0.3;0.2;0.04714;[0.2, 0.3, 0.2];0.433333;0.5;0.4;0.04714;[0.4, 0.5, 0.4];0.333333;0.4;0.3;0.04714;[0.3, 0.4, 0.3];0.133333;0.2;0.1;0.04714;[0.1, 0.2, 0.1];;neurosity_session_20250613_175613;;
2025-06-13T17:56:34.766546;1749851794.766546;21.456534;;;0.5233189541781257;52.33189541781257;;;;;;;;;;;;;;;;;;;;;;;;;;;;;neurosity_session_20250613_175613;;
2025-06-13T17:56:34.766890;1749851794.76689;21.456878;0.8404455379366133;84.04455379366132;;;;;;;;;;;;;;;;;;;;;;;;;;;;;;;neurosity_session_20250613_175613;;
2025-06-13T17:56:34.767141;1749851794.767141;21.457129;;;;;;;0.133333;0.2;0.1;0.04714;[0.1, 0.2, 0.1];0.233333;0.3;0.2;0.04714;[0.2, 0.3, 0.2];0.433333;0.5;0.4;0.04714;[0.4, 0.5, 0.4];0.333333;0.4;0.3;0.04714;[0.3, 0.4, 0.3];0.133333;0.2;0.1;0.04714;[0.1, 0.2, 0.1];;neurosity_session_20250613_175613;;
2025-06-13T17:56:34.818453;1749851794.818453;21.508441;;;;;;;0.133333;0.2;0.1;0.04714;[0.1, 0.2, 0.1];0.233333;0.3;0.2;0.04714;[0.2, 0.3, 0.2];0.433333;0.5;0.4;0.04714;[0.4, 0.5, 0.4];0.333333;0.4;0.3;0.04714;[0.3, 0.4, 0.3];0.133333;0.2;0.1;0.04714;[0.1, 0.2, 0.1];;neurosity_session_20250613_175613;;
2025-06-13T17:56:34.870370;1749851794.87037;21.560358;;;;;;;0.133333;0.2;0.1;0.04714;[0.1, 0.2, 0.1];0.233333;0.3;0.2;0.04714;[0.2, 0.3, 0.2];0.433333;0.5;0.4;0.04714;[0.4, 0.5, 0.4];0.333333;0.4;0.3;0.04714;[0.3, 0.4, 0.3];0.133333;0.2;0.1;0.04714;[0.1, 0.2, 0.1];;neurosity_session_20250613_175613;;
2025-06-13T17:56:34.922004;1749851794.922004;21.611992;;;;;;;0.133333;0.2;0.1;0.04714;[0.1, 0.2, 0.1];0.233333;0.3;0.2;0.04714;[0.2, 0.3, 0.2];0.433333;0.5;0.4;0.04714;[0.4, 0.5, 0.4];0.333333;0.4;0.3;0.04714;[0.3, 0.4, 0.3];0.133333;0.2;0.1;0.04714;[0.1, 0.2, 0.1];;neurosity_session_20250613_175613;;
2025-06-13T17:56:34.973124;1749851794.973124;21.663112;;;;;;;0.133333;0.2;0.1;0.04714;[0.1, 0.2, 0.1];0.233333;0.3;0.2;0.04714;[0.2, 0.3, 0.2];0.433333;0.5;0.4;0.04714;[0.4, 0.5, 0.4];0.333333;0.4;0.3;0.04714;[0.3, 0.4, 0.3];0.133333;0.2;0.1;0.04714;[0.1, 0.2, 0.1];;neurosity_session_20250613_175613;;
2025-06-13T17:56:35.024136;1749851795.024136;21.714124;;;;;;;0.133333;0.2;0.1;0.04714;[0.1, 0.2, 0.1];0.233333;0.3;0.2;0.04714;[0.2, 0.3, 0.2];0.433333;0.5;0.4;0.04714;[0.4, 0.5, 0.4];0.333333;0.4;0.3;0.04714;[0.3, 0.4, 0.3];0.133333;0.2;0.1;0.04714;[0.1, 0.2, 0.1];;neurosity_session_20250613_175613;;
2025-06-13T17:56:35.075068;1749851795.075068;21.765056;;;;;;;0.133333;0.2;0.1;0.04714;[0.1, 0.2, 0.1];0.233333;0.3;0.2;0.04714;[0.2, 0.3, 0.2];0.433333;0.5;0.4;0.04714;[0.4, 0.5, 0.4];0.333333;0.4;0.3;0.04714;[0.3, 0.4, 0.3];0.133333;0.2;0.1;0.04714;[0.1, 0.2, 0.1];;neurosity_session_20250613_175613;;
2025-06-13T17:56:35.125745;1749851795.125745;21.815733;;;;;;;0.133333;0.2;0.1;0.04714;[0.1, 0.2, 0.1];0.233333;0.3;0.2;0.04714;[0.2, 0.3, 0.2];0.433333;0.5;0.4;0.04714;[0.4, 0.5, 0.4];0.333333;0.4;0.3;0.04714;[0.3, 0.4, 0.3];0.133333;0.2;0.1;0.04714;[0.1, 0.2, 0.1];;neurosity_session_20250613_175613;;
2025-06-13T17:56:35.177383;1749851795.177383;21.867371;;;;;;;0.133333;0.2;0.1;0.04714;[0.1, 0.2, 0.1];0.233333;0.3;0.2;0.04714;[0.2, 0.3, 0.2];0.433333;0.5;0.4;0.04714;[0.4, 0.5, 0.4];0.333333;0.4;0.3;0.04714;[0.3, 0.4, 0.3];0.133333;0.2;0.1;0.04714;[0.1, 0.2, 0.1];;neurosity_session_20250613_175613;;
2025-06-13T17:56:35.280357;1749851795.280357;21.970345;;;;;;;0.133333;0.2;0.1;0.04714;[0.1, 0.2, 0.1];0.233333;0.3;0.2;0.04714;[0.2, 0.3, 0.2];0.433333;0.5;0.4;0.04714;[0.4, 0.5, 0.4];0.333333;0.4;0.3;0.04714;[0.3, 0.4, 0.3];0.133333;0.2;0.1;0.04714;[0.1, 0.2, 0.1];;neurosity_session_20250613_175613;;
2025-06-13T17:56:35.382337;1749851795.382337;22.072325;;;;;;;0.133333;0.2;0.1;0.04714;[0.1, 0.2, 0.1];0.233333;0.3;0.2;0.04714;[0.2, 0.3, 0.2];0.433333;0.5;0.4;0.04714;[0.4, 0.5, 0.4];0.333333;0.4;0.3;0.04714;[0.3, 0.4, 0.3];0.133333;0.2;0.1;0.04714;[0.1, 0.2, 0.1];;neurosity_session_20250613_175613;;
2025-06-13T17:56:35.433074;1749851795.433074;22.123062;;;;;;;0.133333;0.2;0.1;0.04714;[0.1, 0.2, 0.1];0.233333;0.3;0.2;0.04714;[0.2, 0.3, 0.2];0.433333;0.5;0.4;0.04714;[0.4, 0.5, 0.4];0.333333;0.4;0.3;0.04714;[0.3, 0.4, 0.3];0.133333;0.2;0.1;0.04714;[0.1, 0.2, 0.1];;neurosity_session_20250613_175613;;
2025-06-13T17:56:35.484508;1749851795.484508;22.174496;;;;;;;0.133333;0.2;0.1;0.04714;[0.1, 0.2, 0.1];0.233333;0.3;0.2;0.04714;[0.2, 0.3, 0.2];0.433333;0.5;0.4;0.04714;[0.4, 0.5, 0.4];0.333333;0.4;0.3;0.04714;[0.3, 0.4, 0.3];0.133333;0.2;0.1;0.04714;[0.1, 0.2, 0.1];;neurosity_session_20250613_175613;;
2025-06-13T17:56:35.586995;1749851795.586995;22.276983;;;;;;;0.133333;0.2;0.1;0.04714;[0.1, 0.2, 0.1];0.233333;0.3;0.2;0.04714;[0.2, 0.3, 0.2];0.433333;0.5;0.4;0.04714;[0.4, 0.5, 0.4];0.333333;0.4;0.3;0.04714;[0.3, 0.4, 0.3];0.133333;0.2;0.1;0.04714;[0.1, 0.2, 0.1];;neurosity_session_20250613_175613;;
2025-06-13T17:56:35.638175;1749851795.638175;22.328163;0.8170492168671415;81.70492168671414;;;;;;;;;;;;;;;;;;;;;;;;;;;;;;;neurosity_session_20250613_175613;;
2025-06-13T17:56:35.638717;1749851795.638717;22.328705;;;;;;;0.133333;0.2;0.1;0.04714;[0.1, 0.2, 0.1];0.233333;0.3;0.2;0.04714;[0.2, 0.3, 0.2];0.433333;0.5;0.4;0.04714;[0.4, 0.5, 0.4];0.333333;0.4;0.3;0.04714;[0.3, 0.4, 0.3];0.133333;0.2;0.1;0.04714;[0.1, 0.2, 0.1];;neurosity_session_20250613_175613;;
2025-06-13T17:56:35.690133;1749851795.690133;22.380121;;;;;;;0.133333;0.2;0.1;0.04714;[0.1, 0.2, 0.1];0.233333;0.3;0.2;0.04714;[0.2, 0.3, 0.2];0.433333;0.5;0.4;0.04714;[0.4, 0.5, 0.4];0.333333;0.4;0.3;0.04714;[0.3, 0.4, 0.3];0.133333;0.2;0.1;0.04714;[0.1, 0.2, 0.1];;neurosity_session_20250613_175613;;
2025-06-13T17:56:35.742426;1749851795.742426;22.432414;;;;;;;0.133333;0.2;0.1;0.04714;[0.1, 0.2, 0.1];0.233333;0.3;0.2;0.04714;[0.2, 0.3, 0.2];0.433333;0.5;0.4;0.04714;[0.4, 0.5, 0.4];0.333333;0.4;0.3;0.04714;[0.3, 0.4, 0.3];0.133333;0.2;0.1;0.04714;[0.1, 0.2, 0.1];;neurosity_session_20250613_175613;;
2025-06-13T17:56:35.796546;1749851795.796546;22.486534;;;;;;;0.133333;0.2;0.1;0.04714;[0.1, 0.2, 0.1];0.233333;0.3;0.2;0.04714;[0.2, 0.3, 0.2];0.433333;0.5;0.4;0.04714;[0.4, 0.5, 0.4];0.333333;0.4;0.3;0.04714;[0.3, 0.4, 0.3];0.133333;0.2;0.1;0.04714;[0.1, 0.2, 0.1];;neurosity_session_20250613_175613;;
2025-06-13T17:56:35.950975;1749851795.950975;22.640963;;;;;;;0.133333;0.2;0.1;0.04714;[0.1, 0.2, 0.1];0.233333;0.3;0.2;0.04714;[0.2, 0.3, 0.2];0.433333;0.5;0.4;0.04714;[0.4, 0.5, 0.4];0.333333;0.4;0.3;0.04714;[0.3, 0.4, 0.3];0.133333;0.2;0.1;0.04714;[0.1, 0.2, 0.1];;neurosity_session_20250613_175613;;
2025-06-13T17:56:36.002345;1749851796.002345;22.692333;;;;;;;0.133333;0.2;0.1;0.04714;[0.1, 0.2, 0.1];0.233333;0.3;0.2;0.04714;[0.2, 0.3, 0.2];0.433333;0.5;0.4;0.04714;[0.4, 0.5, 0.4];0.333333;0.4;0.3;0.04714;[0.3, 0.4, 0.3];0.133333;0.2;0.1;0.04714;[0.1, 0.2, 0.1];;neurosity_session_20250613_175613;;
2025-06-13T17:56:36.054487;1749851796.054487;22.744475;;;;;;;0.133333;0.2;0.1;0.04714;[0.1, 0.2, 0.1];0.233333;0.3;0.2;0.04714;[0.2, 0.3, 0.2];0.433333;0.5;0.4;0.04714;[0.4, 0.5, 0.4];0.333333;0.4;0.3;0.04714;[0.3, 0.4, 0.3];0.133333;0.2;0.1;0.04714;[0.1, 0.2, 0.1];;neurosity_session_20250613_175613;;
2025-06-13T17:56:36.157837;1749851796.157837;22.847825;;;;;;;0.133333;0.2;0.1;0.04714;[0.1, 0.2, 0.1];0.233333;0.3;0.2;0.04714;[0.2, 0.3, 0.2];0.433333;0.5;0.4;0.04714;[0.4, 0.5, 0.4];0.333333;0.4;0.3;0.04714;[0.3, 0.4, 0.3];0.133333;0.2;0.1;0.04714;[0.1, 0.2, 0.1];;neurosity_session_20250613_175613;;
2025-06-13T17:56:36.208761;1749851796.208761;22.898749;;;;;;;0.133333;0.2;0.1;0.04714;[0.1, 0.2, 0.1];0.233333;0.3;0.2;0.04714;[0.2, 0.3, 0.2];0.433333;0.5;0.4;0.04714;[0.4, 0.5, 0.4];0.333333;0.4;0.3;0.04714;[0.3, 0.4, 0.3];0.133333;0.2;0.1;0.04714;[0.1, 0.2, 0.1];;neurosity_session_20250613_175613;;
2025-06-13T17:56:36.261649;1749851796.261649;22.951637;;;0.41384333968462056;41.38433396846206;;;;;;;;;;;;;;;;;;;;;;;;;;;;;neurosity_session_20250613_175613;;
2025-06-13T17:56:36.415928;1749851796.415928;23.105916;;;;;;;0.133333;0.2;0.1;0.04714;[0.1, 0.2, 0.1];0.233333;0.3;0.2;0.04714;[0.2, 0.3, 0.2];0.433333;0.5;0.4;0.04714;[0.4, 0.5, 0.4];0.333333;0.4;0.3;0.04714;[0.3, 0.4, 0.3];0.133333;0.2;0.1;0.04714;[0.1, 0.2, 0.1];;neurosity_session_20250613_175613;;
2025-06-13T17:56:36.518314;1749851796.518314;23.208302;;;;;;;0.133333;0.2;0.1;0.04714;[0.1, 0.2, 0.1];0.233333;0.3;0.2;0.04714;[0.2, 0.3, 0.2];0.433333;0.5;0.4;0.04714;[0.4, 0.5, 0.4];0.333333;0.4;0.3;0.04714;[0.3, 0.4, 0.3];0.133333;0.2;0.1;0.04714;[0.1, 0.2, 0.1];;neurosity_session_20250613_175613;;
2025-06-13T17:56:36.569428;1749851796.569428;23.259416;;;;;;;0.133333;0.2;0.1;0.04714;[0.1, 0.2, 0.1];0.233333;0.3;0.2;0.04714;[0.2, 0.3, 0.2];0.433333;0.5;0.4;0.04714;[0.4, 0.5, 0.4];0.333333;0.4;0.3;0.04714;[0.3, 0.4, 0.3];0.133333;0.2;0.1;0.04714;[0.1, 0.2, 0.1];;neurosity_session_20250613_175613;;
2025-06-13T17:56:36.620892;1749851796.620892;23.31088;;;;;;;0.133333;0.2;0.1;0.04714;[0.1, 0.2, 0.1];0.233333;0.3;0.2;0.04714;[0.2, 0.3, 0.2];0.433333;0.5;0.4;0.04714;[0.4, 0.5, 0.4];0.333333;0.4;0.3;0.04714;[0.3, 0.4, 0.3];0.133333;0.2;0.1;0.04714;[0.1, 0.2, 0.1];;neurosity_session_20250613_175613;;
2025-06-13T17:56:36.621799;1749851796.621799;23.311787;0.8893558349199783;88.93558349199783;;;;;;;;;;;;;;;;;;;;;;;;;;;;;;;neurosity_session_20250613_175613;;
2025-06-13T17:56:36.673740;1749851796.67374;23.363728;;;;;;;0.133333;0.2;0.1;0.04714;[0.1, 0.2, 0.1];0.233333;0.3;0.2;0.04714;[0.2, 0.3, 0.2];0.433333;0.5;0.4;0.04714;[0.4, 0.5, 0.4];0.333333;0.4;0.3;0.04714;[0.3, 0.4, 0.3];0.133333;0.2;0.1;0.04714;[0.1, 0.2, 0.1];;neurosity_session_20250613_175613;;
2025-06-13T17:56:36.775656;1749851796.775656;23.465644;;;;;;;0.133333;0.2;0.1;0.04714;[0.1, 0.2, 0.1];0.233333;0.3;0.2;0.04714;[0.2, 0.3, 0.2];0.433333;0.5;0.4;0.04714;[0.4, 0.5, 0.4];0.333333;0.4;0.3;0.04714;[0.3, 0.4, 0.3];0.133333;0.2;0.1;0.04714;[0.1, 0.2, 0.1];;neurosity_session_20250613_175613;;
2025-06-13T17:56:36.826735;1749851796.826735;23.516723;;;;;;;0.133333;0.2;0.1;0.04714;[0.1, 0.2, 0.1];0.233333;0.3;0.2;0.04714;[0.2, 0.3, 0.2];0.433333;0.5;0.4;0.04714;[0.4, 0.5, 0.4];0.333333;0.4;0.3;0.04714;[0.3, 0.4, 0.3];0.133333;0.2;0.1;0.04714;[0.1, 0.2, 0.1];;neurosity_session_20250613_175613;;
2025-06-13T17:56:36.827408;1749851796.827408;23.517396;;;;;;;0.133333;0.2;0.1;0.04714;[0.1, 0.2, 0.1];0.233333;0.3;0.2;0.04714;[0.2, 0.3, 0.2];0.433333;0.5;0.4;0.04714;[0.4, 0.5, 0.4];0.333333;0.4;0.3;0.04714;[0.3, 0.4, 0.3];0.133333;0.2;0.1;0.04714;[0.1, 0.2, 0.1];;neurosity_session_20250613_175613;;
2025-06-13T17:56:36.878165;1749851796.878165;23.568153;;;0.4038565942734712;40.38565942734712;;;;;;;;;;;;;;;;;;;;;;;;;;;;;neurosity_session_20250613_175613;;
2025-06-13T17:56:36.878433;1749851796.878433;23.568421;;;;;;;0.133333;0.2;0.1;0.04714;[0.1, 0.2, 0.1];0.233333;0.3;0.2;0.04714;[0.2, 0.3, 0.2];0.433333;0.5;0.4;0.04714;[0.4, 0.5, 0.4];0.333333;0.4;0.3;0.04714;[0.3, 0.4, 0.3];0.133333;0.2;0.1;0.04714;[0.1, 0.2, 0.1];;neurosity_session_20250613_175613;;
2025-06-13T17:56:36.929474;1749851796.929474;23.619462;;;;;;;0.133333;0.2;0.1;0.04714;[0.1, 0.2, 0.1];0.233333;0.3;0.2;0.04714;[0.2, 0.3, 0.2];0.433333;0.5;0.4;0.04714;[0.4, 0.5, 0.4];0.333333;0.4;0.3;0.04714;[0.3, 0.4, 0.3];0.133333;0.2;0.1;0.04714;[0.1, 0.2, 0.1];;neurosity_session_20250613_175613;;
2025-06-13T17:56:36.980759;1749851796.980759;23.670747;;;;;;;0.133333;0.2;0.1;0.04714;[0.1, 0.2, 0.1];0.233333;0.3;0.2;0.04714;[0.2, 0.3, 0.2];0.433333;0.5;0.4;0.04714;[0.4, 0.5, 0.4];0.333333;0.4;0.3;0.04714;[0.3, 0.4, 0.3];0.133333;0.2;0.1;0.04714;[0.1, 0.2, 0.1];;neurosity_session_20250613_175613;;
2025-06-13T17:56:37.031689;1749851797.031689;23.721677;;;;;;;0.133333;0.2;0.1;0.04714;[0.1, 0.2, 0.1];0.233333;0.3;0.2;0.04714;[0.2, 0.3, 0.2];0.433333;0.5;0.4;0.04714;[0.4, 0.5, 0.4];0.333333;0.4;0.3;0.04714;[0.3, 0.4, 0.3];0.133333;0.2;0.1;0.04714;[0.1, 0.2, 0.1];;neurosity_session_20250613_175613;;
2025-06-13T17:56:37.082254;1749851797.082254;23.772242;;;;;;;0.133333;0.2;0.1;0.04714;[0.1, 0.2, 0.1];0.233333;0.3;0.2;0.04714;[0.2, 0.3, 0.2];0.433333;0.5;0.4;0.04714;[0.4, 0.5, 0.4];0.333333;0.4;0.3;0.04714;[0.3, 0.4, 0.3];0.133333;0.2;0.1;0.04714;[0.1, 0.2, 0.1];;neurosity_session_20250613_175613;;
2025-06-13T17:56:37.082695;1749851797.082695;23.772683;;;;;;;0.133333;0.2;0.1;0.04714;[0.1, 0.2, 0.1];0.233333;0.3;0.2;0.04714;[0.2, 0.3, 0.2];0.433333;0.5;0.4;0.04714;[0.4, 0.5, 0.4];0.333333;0.4;0.3;0.04714;[0.3, 0.4, 0.3];0.133333;0.2;0.1;0.04714;[0.1, 0.2, 0.1];;neurosity_session_20250613_175613;;
2025-06-13T17:56:37.133630;1749851797.13363;23.823618;;;;;;;0.133333;0.2;0.1;0.04714;[0.1, 0.2, 0.1];0.233333;0.3;0.2;0.04714;[0.2, 0.3, 0.2];0.433333;0.5;0.4;0.04714;[0.4, 0.5, 0.4];0.333333;0.4;0.3;0.04714;[0.3, 0.4, 0.3];0.133333;0.2;0.1;0.04714;[0.1, 0.2, 0.1];;neurosity_session_20250613_175613;;
2025-06-13T17:56:37.184603;1749851797.184603;23.874591;;;;;;;0.133333;0.2;0.1;0.04714;[0.1, 0.2, 0.1];0.233333;0.3;0.2;0.04714;[0.2, 0.3, 0.2];0.433333;0.5;0.4;0.04714;[0.4, 0.5, 0.4];0.333333;0.4;0.3;0.04714;[0.3, 0.4, 0.3];0.133333;0.2;0.1;0.04714;[0.1, 0.2, 0.1];;neurosity_session_20250613_175613;;
2025-06-13T17:56:37.236573;1749851797.236573;23.926561;;;;;;;0.133333;0.2;0.1;0.04714;[0.1, 0.2, 0.1];0.233333;0.3;0.2;0.04714;[0.2, 0.3, 0.2];0.433333;0.5;0.4;0.04714;[0.4, 0.5, 0.4];0.333333;0.4;0.3;0.04714;[0.3, 0.4, 0.3];0.133333;0.2;0.1;0.04714;[0.1, 0.2, 0.1];;neurosity_session_20250613_175613;;
2025-06-13T17:56:37.289328;1749851797.289328;23.979316;;;;;;;0.133333;0.2;0.1;0.04714;[0.1, 0.2, 0.1];0.233333;0.3;0.2;0.04714;[0.2, 0.3, 0.2];0.433333;0.5;0.4;0.04714;[0.4, 0.5, 0.4];0.333333;0.4;0.3;0.04714;[0.3, 0.4, 0.3];0.133333;0.2;0.1;0.04714;[0.1, 0.2, 0.1];;neurosity_session_20250613_175613;;
2025-06-13T17:56:37.340747;1749851797.340747;24.030735;;;;;;;0.133333;0.2;0.1;0.04714;[0.1, 0.2, 0.1];0.233333;0.3;0.2;0.04714;[0.2, 0.3, 0.2];0.433333;0.5;0.4;0.04714;[0.4, 0.5, 0.4];0.333333;0.4;0.3;0.04714;[0.3, 0.4, 0.3];0.133333;0.2;0.1;0.04714;[0.1, 0.2, 0.1];;neurosity_session_20250613_175613;;
2025-06-13T17:56:37.391506;1749851797.391506;24.081494;;;;;;;0.133333;0.2;0.1;0.04714;[0.1, 0.2, 0.1];0.233333;0.3;0.2;0.04714;[0.2, 0.3, 0.2];0.433333;0.5;0.4;0.04714;[0.4, 0.5, 0.4];0.333333;0.4;0.3;0.04714;[0.3, 0.4, 0.3];0.133333;0.2;0.1;0.04714;[0.1, 0.2, 0.1];;neurosity_session_20250613_175613;;
2025-06-13T17:56:37.442093;1749851797.442093;24.132081;;;;;;;0.133333;0.2;0.1;0.04714;[0.1, 0.2, 0.1];0.233333;0.3;0.2;0.04714;[0.2, 0.3, 0.2];0.433333;0.5;0.4;0.04714;[0.4, 0.5, 0.4];0.333333;0.4;0.3;0.04714;[0.3, 0.4, 0.3];0.133333;0.2;0.1;0.04714;[0.1, 0.2, 0.1];;neurosity_session_20250613_175613;;
2025-06-13T17:56:37.442488;1749851797.442488;24.132476;;;;;;;0.133333;0.2;0.1;0.04714;[0.1, 0.2, 0.1];0.233333;0.3;0.2;0.04714;[0.2, 0.3, 0.2];0.433333;0.5;0.4;0.04714;[0.4, 0.5, 0.4];0.333333;0.4;0.3;0.04714;[0.3, 0.4, 0.3];0.133333;0.2;0.1;0.04714;[0.1, 0.2, 0.1];;neurosity_session_20250613_175613;;
2025-06-13T17:56:37.493123;1749851797.493123;24.183111;;;;;;;0.133333;0.2;0.1;0.04714;[0.1, 0.2, 0.1];0.233333;0.3;0.2;0.04714;[0.2, 0.3, 0.2];0.433333;0.5;0.4;0.04714;[0.4, 0.5, 0.4];0.333333;0.4;0.3;0.04714;[0.3, 0.4, 0.3];0.133333;0.2;0.1;0.04714;[0.1, 0.2, 0.1];;neurosity_session_20250613_175613;;
2025-06-13T17:56:37.596051;1749851797.596051;24.286039;;;;;;;0.133333;0.2;0.1;0.04714;[0.1, 0.2, 0.1];0.233333;0.3;0.2;0.04714;[0.2, 0.3, 0.2];0.433333;0.5;0.4;0.04714;[0.4, 0.5, 0.4];0.333333;0.4;0.3;0.04714;[0.3, 0.4, 0.3];0.133333;0.2;0.1;0.04714;[0.1, 0.2, 0.1];;neurosity_session_20250613_175613;;
2025-06-13T17:56:37.597969;1749851797.597969;24.287957;;;;;;;0.133333;0.2;0.1;0.04714;[0.1, 0.2, 0.1];0.233333;0.3;0.2;0.04714;[0.2, 0.3, 0.2];0.433333;0.5;0.4;0.04714;[0.4, 0.5, 0.4];0.333333;0.4;0.3;0.04714;[0.3, 0.4, 0.3];0.133333;0.2;0.1;0.04714;[0.1, 0.2, 0.1];;neurosity_session_20250613_175613;;
2025-06-13T17:56:37.651343;1749851797.651343;24.341331;;;0.5926296884064943;59.262968840649435;;;;;;;;;;;;;;;;;;;;;;;;;;;;;neurosity_session_20250613_175613;;
2025-06-13T17:56:37.653127;1749851797.653127;24.343115;0.8765360877687249;87.65360877687249;;;;;;;;;;;;;;;;;;;;;;;;;;;;;;;neurosity_session_20250613_175613;;
2025-06-13T17:56:37.757392;1749851797.757392;24.44738;;;;;;;0.133333;0.2;0.1;0.04714;[0.1, 0.2, 0.1];0.233333;0.3;0.2;0.04714;[0.2, 0.3, 0.2];0.433333;0.5;0.4;0.04714;[0.4, 0.5, 0.4];0.333333;0.4;0.3;0.04714;[0.3, 0.4, 0.3];0.133333;0.2;0.1;0.04714;[0.1, 0.2, 0.1];;neurosity_session_20250613_175613;;
2025-06-13T17:56:37.860252;1749851797.860252;24.55024;;;;;;;0.133333;0.2;0.1;0.04714;[0.1, 0.2, 0.1];0.233333;0.3;0.2;0.04714;[0.2, 0.3, 0.2];0.433333;0.5;0.4;0.04714;[0.4, 0.5, 0.4];0.333333;0.4;0.3;0.04714;[0.3, 0.4, 0.3];0.133333;0.2;0.1;0.04714;[0.1, 0.2, 0.1];;neurosity_session_20250613_175613;;
2025-06-13T17:56:37.961930;1749851797.96193;24.651918;;;;;;;0.133333;0.2;0.1;0.04714;[0.1, 0.2, 0.1];0.233333;0.3;0.2;0.04714;[0.2, 0.3, 0.2];0.433333;0.5;0.4;0.04714;[0.4, 0.5, 0.4];0.333333;0.4;0.3;0.04714;[0.3, 0.4, 0.3];0.133333;0.2;0.1;0.04714;[0.1, 0.2, 0.1];;neurosity_session_20250613_175613;;
2025-06-13T17:56:37.962223;1749851797.962223;24.652211;;;;;;;0.133333;0.2;0.1;0.04714;[0.1, 0.2, 0.1];0.233333;0.3;0.2;0.04714;[0.2, 0.3, 0.2];0.433333;0.5;0.4;0.04714;[0.4, 0.5, 0.4];0.333333;0.4;0.3;0.04714;[0.3, 0.4, 0.3];0.133333;0.2;0.1;0.04714;[0.1, 0.2, 0.1];;neurosity_session_20250613_175613;;
2025-06-13T17:56:38.013180;1749851798.01318;24.703168;;;;;;;0.133333;0.2;0.1;0.04714;[0.1, 0.2, 0.1];0.233333;0.3;0.2;0.04714;[0.2, 0.3, 0.2];0.433333;0.5;0.4;0.04714;[0.4, 0.5, 0.4];0.333333;0.4;0.3;0.04714;[0.3, 0.4, 0.3];0.133333;0.2;0.1;0.04714;[0.1, 0.2, 0.1];;neurosity_session_20250613_175613;;
2025-06-13T17:56:38.064493;1749851798.064493;24.754481;;;;;;;0.133333;0.2;0.1;0.04714;[0.1, 0.2, 0.1];0.233333;0.3;0.2;0.04714;[0.2, 0.3, 0.2];0.433333;0.5;0.4;0.04714;[0.4, 0.5, 0.4];0.333333;0.4;0.3;0.04714;[0.3, 0.4, 0.3];0.133333;0.2;0.1;0.04714;[0.1, 0.2, 0.1];;neurosity_session_20250613_175613;;
2025-06-13T17:56:38.115420;1749851798.11542;24.805408;;;;;;;0.133333;0.2;0.1;0.04714;[0.1, 0.2, 0.1];0.233333;0.3;0.2;0.04714;[0.2, 0.3, 0.2];0.433333;0.5;0.4;0.04714;[0.4, 0.5, 0.4];0.333333;0.4;0.3;0.04714;[0.3, 0.4, 0.3];0.133333;0.2;0.1;0.04714;[0.1, 0.2, 0.1];;neurosity_session_20250613_175613;;
2025-06-13T17:56:38.167116;1749851798.167116;24.857104;;;;;;;0.133333;0.2;0.1;0.04714;[0.1, 0.2, 0.1];0.233333;0.3;0.2;0.04714;[0.2, 0.3, 0.2];0.433333;0.5;0.4;0.04714;[0.4, 0.5, 0.4];0.333333;0.4;0.3;0.04714;[0.3, 0.4, 0.3];0.133333;0.2;0.1;0.04714;[0.1, 0.2, 0.1];;neurosity_session_20250613_175613;;
2025-06-13T17:56:38.271511;1749851798.271511;24.961499;;;;;;;0.133333;0.2;0.1;0.04714;[0.1, 0.2, 0.1];0.233333;0.3;0.2;0.04714;[0.2, 0.3, 0.2];0.433333;0.5;0.4;0.04714;[0.4, 0.5, 0.4];0.333333;0.4;0.3;0.04714;[0.3, 0.4, 0.3];0.133333;0.2;0.1;0.04714;[0.1, 0.2, 0.1];;neurosity_session_20250613_175613;;
2025-06-13T17:56:38.373499;1749851798.373499;25.063487;;;;;;;0.133333;0.2;0.1;0.04714;[0.1, 0.2, 0.1];0.233333;0.3;0.2;0.04714;[0.2, 0.3, 0.2];0.433333;0.5;0.4;0.04714;[0.4, 0.5, 0.4];0.333333;0.4;0.3;0.04714;[0.3, 0.4, 0.3];0.133333;0.2;0.1;0.04714;[0.1, 0.2, 0.1];;neurosity_session_20250613_175613;;
2025-06-13T17:56:38.373821;1749851798.373821;25.063809;;;;;;;0.133333;0.2;0.1;0.04714;[0.1, 0.2, 0.1];0.233333;0.3;0.2;0.04714;[0.2, 0.3, 0.2];0.433333;0.5;0.4;0.04714;[0.4, 0.5, 0.4];0.333333;0.4;0.3;0.04714;[0.3, 0.4, 0.3];0.133333;0.2;0.1;0.04714;[0.1, 0.2, 0.1];;neurosity_session_20250613_175613;;
2025-06-13T17:56:38.424789;1749851798.424789;25.114777;;;;;;;0.133333;0.2;0.1;0.04714;[0.1, 0.2, 0.1];0.233333;0.3;0.2;0.04714;[0.2, 0.3, 0.2];0.433333;0.5;0.4;0.04714;[0.4, 0.5, 0.4];0.333333;0.4;0.3;0.04714;[0.3, 0.4, 0.3];0.133333;0.2;0.1;0.04714;[0.1, 0.2, 0.1];;neurosity_session_20250613_175613;;
2025-06-13T17:56:38.425810;1749851798.42581;25.115798;;;;;;;0.133333;0.2;0.1;0.04714;[0.1, 0.2, 0.1];0.233333;0.3;0.2;0.04714;[0.2, 0.3, 0.2];0.433333;0.5;0.4;0.04714;[0.4, 0.5, 0.4];0.333333;0.4;0.3;0.04714;[0.3, 0.4, 0.3];0.133333;0.2;0.1;0.04714;[0.1, 0.2, 0.1];;neurosity_session_20250613_175613;;
2025-06-13T17:56:38.477655;1749851798.477655;25.167643;;;;;;;0.133333;0.2;0.1;0.04714;[0.1, 0.2, 0.1];0.233333;0.3;0.2;0.04714;[0.2, 0.3, 0.2];0.433333;0.5;0.4;0.04714;[0.4, 0.5, 0.4];0.333333;0.4;0.3;0.04714;[0.3, 0.4, 0.3];0.133333;0.2;0.1;0.04714;[0.1, 0.2, 0.1];;neurosity_session_20250613_175613;;
2025-06-13T17:56:38.529956;1749851798.529956;25.219944;;;;;;;0.133333;0.2;0.1;0.04714;[0.1, 0.2, 0.1];0.233333;0.3;0.2;0.04714;[0.2, 0.3, 0.2];0.433333;0.5;0.4;0.04714;[0.4, 0.5, 0.4];0.333333;0.4;0.3;0.04714;[0.3, 0.4, 0.3];0.133333;0.2;0.1;0.04714;[0.1, 0.2, 0.1];;neurosity_session_20250613_175613;;
2025-06-13T17:56:38.633270;1749851798.63327;25.323258;;;;;;;0.133333;0.2;0.1;0.04714;[0.1, 0.2, 0.1];0.233333;0.3;0.2;0.04714;[0.2, 0.3, 0.2];0.433333;0.5;0.4;0.04714;[0.4, 0.5, 0.4];0.333333;0.4;0.3;0.04714;[0.3, 0.4, 0.3];0.133333;0.2;0.1;0.04714;[0.1, 0.2, 0.1];;neurosity_session_20250613_175613;;
2025-06-13T17:56:38.684913;1749851798.684913;25.374901;;;;;;;0.133333;0.2;0.1;0.04714;[0.1, 0.2, 0.1];0.233333;0.3;0.2;0.04714;[0.2, 0.3, 0.2];0.433333;0.5;0.4;0.04714;[0.4, 0.5, 0.4];0.333333;0.4;0.3;0.04714;[0.3, 0.4, 0.3];0.133333;0.2;0.1;0.04714;[0.1, 0.2, 0.1];;neurosity_session_20250613_175613;;
2025-06-13T17:56:38.737844;1749851798.737844;25.427832;;;;;;;0.133333;0.2;0.1;0.04714;[0.1, 0.2, 0.1];0.233333;0.3;0.2;0.04714;[0.2, 0.3, 0.2];0.433333;0.5;0.4;0.04714;[0.4, 0.5, 0.4];0.333333;0.4;0.3;0.04714;[0.3, 0.4, 0.3];0.133333;0.2;0.1;0.04714;[0.1, 0.2, 0.1];;neurosity_session_20250613_175613;;
2025-06-13T17:56:38.791531;1749851798.791531;25.481519;;;0.4854442409398549;48.54442409398549;;;;;;;;;;;;;;;;;;;;;;;;;;;;;neurosity_session_20250613_175613;;
2025-06-13T17:56:38.792087;1749851798.792087;25.482075;0.8086929657622893;80.86929657622893;;;;;;;;;;;;;;;;;;;;;;;;;;;;;;;neurosity_session_20250613_175613;;
2025-06-13T17:56:38.844220;1749851798.84422;25.534208;;;;;;;0.133333;0.2;0.1;0.04714;[0.1, 0.2, 0.1];0.233333;0.3;0.2;0.04714;[0.2, 0.3, 0.2];0.433333;0.5;0.4;0.04714;[0.4, 0.5, 0.4];0.333333;0.4;0.3;0.04714;[0.3, 0.4, 0.3];0.133333;0.2;0.1;0.04714;[0.1, 0.2, 0.1];;neurosity_session_20250613_175613;;
2025-06-13T17:56:38.946374;1749851798.946374;25.636362;;;;;;;0.133333;0.2;0.1;0.04714;[0.1, 0.2, 0.1];0.233333;0.3;0.2;0.04714;[0.2, 0.3, 0.2];0.433333;0.5;0.4;0.04714;[0.4, 0.5, 0.4];0.333333;0.4;0.3;0.04714;[0.3, 0.4, 0.3];0.133333;0.2;0.1;0.04714;[0.1, 0.2, 0.1];;neurosity_session_20250613_175613;;
2025-06-13T17:56:38.946958;1749851798.946958;25.636946;;;;;;;0.133333;0.2;0.1;0.04714;[0.1, 0.2, 0.1];0.233333;0.3;0.2;0.04714;[0.2, 0.3, 0.2];0.433333;0.5;0.4;0.04714;[0.4, 0.5, 0.4];0.333333;0.4;0.3;0.04714;[0.3, 0.4, 0.3];0.133333;0.2;0.1;0.04714;[0.1, 0.2, 0.1];;neurosity_session_20250613_175613;;
2025-06-13T17:56:39.049821;1749851799.049821;25.739809;;;;;;;0.133333;0.2;0.1;0.04714;[0.1, 0.2, 0.1];0.233333;0.3;0.2;0.04714;[0.2, 0.3, 0.2];0.433333;0.5;0.4;0.04714;[0.4, 0.5, 0.4];0.333333;0.4;0.3;0.04714;[0.3, 0.4, 0.3];0.133333;0.2;0.1;0.04714;[0.1, 0.2, 0.1];;neurosity_session_20250613_175613;;
2025-06-13T17:56:39.100746;1749851799.100746;25.790734;;;;;;;0.133333;0.2;0.1;0.04714;[0.1, 0.2, 0.1];0.233333;0.3;0.2;0.04714;[0.2, 0.3, 0.2];0.433333;0.5;0.4;0.04714;[0.4, 0.5, 0.4];0.333333;0.4;0.3;0.04714;[0.3, 0.4, 0.3];0.133333;0.2;0.1;0.04714;[0.1, 0.2, 0.1];;neurosity_session_20250613_175613;;
2025-06-13T17:56:39.101021;1749851799.101021;25.791009;;;;;;;0.133333;0.2;0.1;0.04714;[0.1, 0.2, 0.1];0.233333;0.3;0.2;0.04714;[0.2, 0.3, 0.2];0.433333;0.5;0.4;0.04714;[0.4, 0.5, 0.4];0.333333;0.4;0.3;0.04714;[0.3, 0.4, 0.3];0.133333;0.2;0.1;0.04714;[0.1, 0.2, 0.1];;neurosity_session_20250613_175613;;
2025-06-13T17:56:39.151719;1749851799.151719;25.841707;;;;;;;0.133333;0.2;0.1;0.04714;[0.1, 0.2, 0.1];0.233333;0.3;0.2;0.04714;[0.2, 0.3, 0.2];0.433333;0.5;0.4;0.04714;[0.4, 0.5, 0.4];0.333333;0.4;0.3;0.04714;[0.3, 0.4, 0.3];0.133333;0.2;0.1;0.04714;[0.1, 0.2, 0.1];;neurosity_session_20250613_175613;;
2025-06-13T17:56:39.202742;1749851799.202742;25.89273;;;;;;;0.133333;0.2;0.1;0.04714;[0.1, 0.2, 0.1];0.233333;0.3;0.2;0.04714;[0.2, 0.3, 0.2];0.433333;0.5;0.4;0.04714;[0.4, 0.5, 0.4];0.333333;0.4;0.3;0.04714;[0.3, 0.4, 0.3];0.133333;0.2;0.1;0.04714;[0.1, 0.2, 0.1];;neurosity_session_20250613_175613;;
2025-06-13T17:56:39.203165;1749851799.203165;25.893153;;;;;;;0.133333;0.2;0.1;0.04714;[0.1, 0.2, 0.1];0.233333;0.3;0.2;0.04714;[0.2, 0.3, 0.2];0.433333;0.5;0.4;0.04714;[0.4, 0.5, 0.4];0.333333;0.4;0.3;0.04714;[0.3, 0.4, 0.3];0.133333;0.2;0.1;0.04714;[0.1, 0.2, 0.1];;neurosity_session_20250613_175613;;
2025-06-13T17:56:39.254177;1749851799.254177;25.944165;;;;;;;0.133333;0.2;0.1;0.04714;[0.1, 0.2, 0.1];0.233333;0.3;0.2;0.04714;[0.2, 0.3, 0.2];0.433333;0.5;0.4;0.04714;[0.4, 0.5, 0.4];0.333333;0.4;0.3;0.04714;[0.3, 0.4, 0.3];0.133333;0.2;0.1;0.04714;[0.1, 0.2, 0.1];;neurosity_session_20250613_175613;;
2025-06-13T17:56:39.355972;1749851799.355972;26.04596;;;;;;;0.133333;0.2;0.1;0.04714;[0.1, 0.2, 0.1];0.233333;0.3;0.2;0.04714;[0.2, 0.3, 0.2];0.433333;0.5;0.4;0.04714;[0.4, 0.5, 0.4];0.333333;0.4;0.3;0.04714;[0.3, 0.4, 0.3];0.133333;0.2;0.1;0.04714;[0.1, 0.2, 0.1];;neurosity_session_20250613_175613;;
2025-06-13T17:56:39.356270;1749851799.35627;26.046258;;;;;;;0.133333;0.2;0.1;0.04714;[0.1, 0.2, 0.1];0.233333;0.3;0.2;0.04714;[0.2, 0.3, 0.2];0.433333;0.5;0.4;0.04714;[0.4, 0.5, 0.4];0.333333;0.4;0.3;0.04714;[0.3, 0.4, 0.3];0.133333;0.2;0.1;0.04714;[0.1, 0.2, 0.1];;neurosity_session_20250613_175613;;
2025-06-13T17:56:39.458811;1749851799.458811;26.148799;;;;;;;0.133333;0.2;0.1;0.04714;[0.1, 0.2, 0.1];0.233333;0.3;0.2;0.04714;[0.2, 0.3, 0.2];0.433333;0.5;0.4;0.04714;[0.4, 0.5, 0.4];0.333333;0.4;0.3;0.04714;[0.3, 0.4, 0.3];0.133333;0.2;0.1;0.04714;[0.1, 0.2, 0.1];;neurosity_session_20250613_175613;;
2025-06-13T17:56:39.560738;1749851799.560738;26.250726;;;;;;;0.133333;0.2;0.1;0.04714;[0.1, 0.2, 0.1];0.233333;0.3;0.2;0.04714;[0.2, 0.3, 0.2];0.433333;0.5;0.4;0.04714;[0.4, 0.5, 0.4];0.333333;0.4;0.3;0.04714;[0.3, 0.4, 0.3];0.133333;0.2;0.1;0.04714;[0.1, 0.2, 0.1];;neurosity_session_20250613_175613;;
2025-06-13T17:56:39.561060;1749851799.56106;26.251048;;;;;;;0.133333;0.2;0.1;0.04714;[0.1, 0.2, 0.1];0.233333;0.3;0.2;0.04714;[0.2, 0.3, 0.2];0.433333;0.5;0.4;0.04714;[0.4, 0.5, 0.4];0.333333;0.4;0.3;0.04714;[0.3, 0.4, 0.3];0.133333;0.2;0.1;0.04714;[0.1, 0.2, 0.1];;neurosity_session_20250613_175613;;
2025-06-13T17:56:39.611773;1749851799.611773;26.301761;0.7847621128734427;78.47621128734427;;;;;;;;;;;;;;;;;;;;;;;;;;;;;;;neurosity_session_20250613_175613;;
2025-06-13T17:56:39.612026;1749851799.612026;26.302014;;;0.5547318773833074;55.47318773833074;;;;;;;;;;;;;;;;;;;;;;;;;;;;;neurosity_session_20250613_175613;;
2025-06-13T17:56:39.612202;1749851799.612202;26.30219;;;;;;;0.133333;0.2;0.1;0.04714;[0.1, 0.2, 0.1];0.233333;0.3;0.2;0.04714;[0.2, 0.3, 0.2];0.433333;0.5;0.4;0.04714;[0.4, 0.5, 0.4];0.333333;0.4;0.3;0.04714;[0.3, 0.4, 0.3];0.133333;0.2;0.1;0.04714;[0.1, 0.2, 0.1];;neurosity_session_20250613_175613;;
2025-06-13T17:56:39.663083;1749851799.663083;26.353071;;;;;;;0.133333;0.2;0.1;0.04714;[0.1, 0.2, 0.1];0.233333;0.3;0.2;0.04714;[0.2, 0.3, 0.2];0.433333;0.5;0.4;0.04714;[0.4, 0.5, 0.4];0.333333;0.4;0.3;0.04714;[0.3, 0.4, 0.3];0.133333;0.2;0.1;0.04714;[0.1, 0.2, 0.1];;neurosity_session_20250613_175613;;
2025-06-13T17:56:39.714577;1749851799.714577;26.404565;;;;;;;0.133333;0.2;0.1;0.04714;[0.1, 0.2, 0.1];0.233333;0.3;0.2;0.04714;[0.2, 0.3, 0.2];0.433333;0.5;0.4;0.04714;[0.4, 0.5, 0.4];0.333333;0.4;0.3;0.04714;[0.3, 0.4, 0.3];0.133333;0.2;0.1;0.04714;[0.1, 0.2, 0.1];;neurosity_session_20250613_175613;;
2025-06-13T17:56:39.816331;1749851799.816331;26.506319;;;;;;;0.133333;0.2;0.1;0.04714;[0.1, 0.2, 0.1];0.233333;0.3;0.2;0.04714;[0.2, 0.3, 0.2];0.433333;0.5;0.4;0.04714;[0.4, 0.5, 0.4];0.333333;0.4;0.3;0.04714;[0.3, 0.4, 0.3];0.133333;0.2;0.1;0.04714;[0.1, 0.2, 0.1];;neurosity_session_20250613_175613;;
2025-06-13T17:56:39.867766;1749851799.867766;26.557754;;;;;;;0.133333;0.2;0.1;0.04714;[0.1, 0.2, 0.1];0.233333;0.3;0.2;0.04714;[0.2, 0.3, 0.2];0.433333;0.5;0.4;0.04714;[0.4, 0.5, 0.4];0.333333;0.4;0.3;0.04714;[0.3, 0.4, 0.3];0.133333;0.2;0.1;0.04714;[0.1, 0.2, 0.1];;neurosity_session_20250613_175613;;
2025-06-13T17:56:39.919243;1749851799.919243;26.609231;;;;;;;0.133333;0.2;0.1;0.04714;[0.1, 0.2, 0.1];0.233333;0.3;0.2;0.04714;[0.2, 0.3, 0.2];0.433333;0.5;0.4;0.04714;[0.4, 0.5, 0.4];0.333333;0.4;0.3;0.04714;[0.3, 0.4, 0.3];0.133333;0.2;0.1;0.04714;[0.1, 0.2, 0.1];;neurosity_session_20250613_175613;;
2025-06-13T17:56:39.969887;1749851799.969887;26.659875;;;;;;;0.133333;0.2;0.1;0.04714;[0.1, 0.2, 0.1];0.233333;0.3;0.2;0.04714;[0.2, 0.3, 0.2];0.433333;0.5;0.4;0.04714;[0.4, 0.5, 0.4];0.333333;0.4;0.3;0.04714;[0.3, 0.4, 0.3];0.133333;0.2;0.1;0.04714;[0.1, 0.2, 0.1];;neurosity_session_20250613_175613;;
2025-06-13T17:56:39.970165;1749851799.970165;26.660153;;;;;;;0.133333;0.2;0.1;0.04714;[0.1, 0.2, 0.1];0.233333;0.3;0.2;0.04714;[0.2, 0.3, 0.2];0.433333;0.5;0.4;0.04714;[0.4, 0.5, 0.4];0.333333;0.4;0.3;0.04714;[0.3, 0.4, 0.3];0.133333;0.2;0.1;0.04714;[0.1, 0.2, 0.1];;neurosity_session_20250613_175613;;
2025-06-13T17:56:40.020904;1749851800.020904;26.710892;;;;;;;0.133333;0.2;0.1;0.04714;[0.1, 0.2, 0.1];0.233333;0.3;0.2;0.04714;[0.2, 0.3, 0.2];0.433333;0.5;0.4;0.04714;[0.4, 0.5, 0.4];0.333333;0.4;0.3;0.04714;[0.3, 0.4, 0.3];0.133333;0.2;0.1;0.04714;[0.1, 0.2, 0.1];;neurosity_session_20250613_175613;;
2025-06-13T17:56:40.071491;1749851800.071491;26.761479;;;;;;;0.133333;0.2;0.1;0.04714;[0.1, 0.2, 0.1];0.233333;0.3;0.2;0.04714;[0.2, 0.3, 0.2];0.433333;0.5;0.4;0.04714;[0.4, 0.5, 0.4];0.333333;0.4;0.3;0.04714;[0.3, 0.4, 0.3];0.133333;0.2;0.1;0.04714;[0.1, 0.2, 0.1];;neurosity_session_20250613_175613;;
2025-06-13T17:56:40.072080;1749851800.07208;26.762068;;;;;;;0.133333;0.2;0.1;0.04714;[0.1, 0.2, 0.1];0.233333;0.3;0.2;0.04714;[0.2, 0.3, 0.2];0.433333;0.5;0.4;0.04714;[0.4, 0.5, 0.4];0.333333;0.4;0.3;0.04714;[0.3, 0.4, 0.3];0.133333;0.2;0.1;0.04714;[0.1, 0.2, 0.1];;neurosity_session_20250613_175613;;
2025-06-13T17:56:40.122740;1749851800.12274;26.812728;;;;;;;0.133333;0.2;0.1;0.04714;[0.1, 0.2, 0.1];0.233333;0.3;0.2;0.04714;[0.2, 0.3, 0.2];0.433333;0.5;0.4;0.04714;[0.4, 0.5, 0.4];0.333333;0.4;0.3;0.04714;[0.3, 0.4, 0.3];0.133333;0.2;0.1;0.04714;[0.1, 0.2, 0.1];;neurosity_session_20250613_175613;;
2025-06-13T17:56:40.173613;1749851800.173613;26.863601;;;;;;;0.133333;0.2;0.1;0.04714;[0.1, 0.2, 0.1];0.233333;0.3;0.2;0.04714;[0.2, 0.3, 0.2];0.433333;0.5;0.4;0.04714;[0.4, 0.5, 0.4];0.333333;0.4;0.3;0.04714;[0.3, 0.4, 0.3];0.133333;0.2;0.1;0.04714;[0.1, 0.2, 0.1];;neurosity_session_20250613_175613;;
2025-06-13T17:56:40.174101;1749851800.174101;26.864089;;;;;;;0.133333;0.2;0.1;0.04714;[0.1, 0.2, 0.1];0.233333;0.3;0.2;0.04714;[0.2, 0.3, 0.2];0.433333;0.5;0.4;0.04714;[0.4, 0.5, 0.4];0.333333;0.4;0.3;0.04714;[0.3, 0.4, 0.3];0.133333;0.2;0.1;0.04714;[0.1, 0.2, 0.1];;neurosity_session_20250613_175613;;
2025-06-13T17:56:40.275660;1749851800.27566;26.965648;;;;;;;0.133333;0.2;0.1;0.04714;[0.1, 0.2, 0.1];0.233333;0.3;0.2;0.04714;[0.2, 0.3, 0.2];0.433333;0.5;0.4;0.04714;[0.4, 0.5, 0.4];0.333333;0.4;0.3;0.04714;[0.3, 0.4, 0.3];0.133333;0.2;0.1;0.04714;[0.1, 0.2, 0.1];;neurosity_session_20250613_175613;;
2025-06-13T17:56:40.276012;1749851800.276012;26.966;;;;;;;0.133333;0.2;0.1;0.04714;[0.1, 0.2, 0.1];0.233333;0.3;0.2;0.04714;[0.2, 0.3, 0.2];0.433333;0.5;0.4;0.04714;[0.4, 0.5, 0.4];0.333333;0.4;0.3;0.04714;[0.3, 0.4, 0.3];0.133333;0.2;0.1;0.04714;[0.1, 0.2, 0.1];;neurosity_session_20250613_175613;;
2025-06-13T17:56:40.327041;1749851800.327041;27.017029;;;;;;;0.133333;0.2;0.1;0.04714;[0.1, 0.2, 0.1];0.233333;0.3;0.2;0.04714;[0.2, 0.3, 0.2];0.433333;0.5;0.4;0.04714;[0.4, 0.5, 0.4];0.333333;0.4;0.3;0.04714;[0.3, 0.4, 0.3];0.133333;0.2;0.1;0.04714;[0.1, 0.2, 0.1];;neurosity_session_20250613_175613;;
2025-06-13T17:56:40.378210;1749851800.37821;27.068198;;;;;;;0.133333;0.2;0.1;0.04714;[0.1, 0.2, 0.1];0.233333;0.3;0.2;0.04714;[0.2, 0.3, 0.2];0.433333;0.5;0.4;0.04714;[0.4, 0.5, 0.4];0.333333;0.4;0.3;0.04714;[0.3, 0.4, 0.3];0.133333;0.2;0.1;0.04714;[0.1, 0.2, 0.1];;neurosity_session_20250613_175613;;
2025-06-13T17:56:40.480843;1749851800.480843;27.170831;;;;;;;0.133333;0.2;0.1;0.04714;[0.1, 0.2, 0.1];0.233333;0.3;0.2;0.04714;[0.2, 0.3, 0.2];0.433333;0.5;0.4;0.04714;[0.4, 0.5, 0.4];0.333333;0.4;0.3;0.04714;[0.3, 0.4, 0.3];0.133333;0.2;0.1;0.04714;[0.1, 0.2, 0.1];;neurosity_session_20250613_175613;;
2025-06-13T17:56:40.482965;1749851800.482965;27.172953;;;;;;;0.133333;0.2;0.1;0.04714;[0.1, 0.2, 0.1];0.233333;0.3;0.2;0.04714;[0.2, 0.3, 0.2];0.433333;0.5;0.4;0.04714;[0.4, 0.5, 0.4];0.333333;0.4;0.3;0.04714;[0.3, 0.4, 0.3];0.133333;0.2;0.1;0.04714;[0.1, 0.2, 0.1];;neurosity_session_20250613_175613;;
2025-06-13T17:56:40.484900;1749851800.4849;27.174888;0.7005385240018764;70.05385240018765;;;;;;;;;;;;;;;;;;;;;;;;;;;;;;;neurosity_session_20250613_175613;;
2025-06-13T17:56:40.944747;1749851800.944747;27.634735;;;0.550138366045569;55.0138366045569;;;;;;;;;;;;;;;;;;;;;;;;;;;;;neurosity_session_20250613_175613;;
2025-06-13T17:56:41.047630;1749851801.04763;27.737618;;;;;;;0.133333;0.2;0.1;0.04714;[0.1, 0.2, 0.1];0.233333;0.3;0.2;0.04714;[0.2, 0.3, 0.2];0.433333;0.5;0.4;0.04714;[0.4, 0.5, 0.4];0.333333;0.4;0.3;0.04714;[0.3, 0.4, 0.3];0.133333;0.2;0.1;0.04714;[0.1, 0.2, 0.1];;neurosity_session_20250613_175613;;
2025-06-13T17:56:41.048543;1749851801.048543;27.738531;;;;;;;0.133333;0.2;0.1;0.04714;[0.1, 0.2, 0.1];0.233333;0.3;0.2;0.04714;[0.2, 0.3, 0.2];0.433333;0.5;0.4;0.04714;[0.4, 0.5, 0.4];0.333333;0.4;0.3;0.04714;[0.3, 0.4, 0.3];0.133333;0.2;0.1;0.04714;[0.1, 0.2, 0.1];;neurosity_session_20250613_175613;;
2025-06-13T17:56:41.099802;1749851801.099802;27.78979;;;;;;;0.133333;0.2;0.1;0.04714;[0.1, 0.2, 0.1];0.233333;0.3;0.2;0.04714;[0.2, 0.3, 0.2];0.433333;0.5;0.4;0.04714;[0.4, 0.5, 0.4];0.333333;0.4;0.3;0.04714;[0.3, 0.4, 0.3];0.133333;0.2;0.1;0.04714;[0.1, 0.2, 0.1];;neurosity_session_20250613_175613;;
2025-06-13T17:56:41.151079;1749851801.151079;27.841067;;;;;;;0.133333;0.2;0.1;0.04714;[0.1, 0.2, 0.1];0.233333;0.3;0.2;0.04714;[0.2, 0.3, 0.2];0.433333;0.5;0.4;0.04714;[0.4, 0.5, 0.4];0.333333;0.4;0.3;0.04714;[0.3, 0.4, 0.3];0.133333;0.2;0.1;0.04714;[0.1, 0.2, 0.1];;neurosity_session_20250613_175613;;
2025-06-13T17:56:41.202437;1749851801.202437;27.892425;;;;;;;0.133333;0.2;0.1;0.04714;[0.1, 0.2, 0.1];0.233333;0.3;0.2;0.04714;[0.2, 0.3, 0.2];0.433333;0.5;0.4;0.04714;[0.4, 0.5, 0.4];0.333333;0.4;0.3;0.04714;[0.3, 0.4, 0.3];0.133333;0.2;0.1;0.04714;[0.1, 0.2, 0.1];;neurosity_session_20250613_175613;;
2025-06-13T17:56:41.254610;1749851801.25461;27.944598;;;;;;;0.133333;0.2;0.1;0.04714;[0.1, 0.2, 0.1];0.233333;0.3;0.2;0.04714;[0.2, 0.3, 0.2];0.433333;0.5;0.4;0.04714;[0.4, 0.5, 0.4];0.333333;0.4;0.3;0.04714;[0.3, 0.4, 0.3];0.133333;0.2;0.1;0.04714;[0.1, 0.2, 0.1];;neurosity_session_20250613_175613;;
2025-06-13T17:56:41.305201;1749851801.305201;27.995189;;;;;;;0.133333;0.2;0.1;0.04714;[0.1, 0.2, 0.1];0.233333;0.3;0.2;0.04714;[0.2, 0.3, 0.2];0.433333;0.5;0.4;0.04714;[0.4, 0.5, 0.4];0.333333;0.4;0.3;0.04714;[0.3, 0.4, 0.3];0.133333;0.2;0.1;0.04714;[0.1, 0.2, 0.1];;neurosity_session_20250613_175613;;
2025-06-13T17:56:41.356444;1749851801.356444;28.046432;;;;;;;0.133333;0.2;0.1;0.04714;[0.1, 0.2, 0.1];0.233333;0.3;0.2;0.04714;[0.2, 0.3, 0.2];0.433333;0.5;0.4;0.04714;[0.4, 0.5, 0.4];0.333333;0.4;0.3;0.04714;[0.3, 0.4, 0.3];0.133333;0.2;0.1;0.04714;[0.1, 0.2, 0.1];;neurosity_session_20250613_175613;;
2025-06-13T17:56:41.356935;1749851801.356935;28.046923;;;;;;;0.133333;0.2;0.1;0.04714;[0.1, 0.2, 0.1];0.233333;0.3;0.2;0.04714;[0.2, 0.3, 0.2];0.433333;0.5;0.4;0.04714;[0.4, 0.5, 0.4];0.333333;0.4;0.3;0.04714;[0.3, 0.4, 0.3];0.133333;0.2;0.1;0.04714;[0.1, 0.2, 0.1];;neurosity_session_20250613_175613;;
2025-06-13T17:56:41.458165;1749851801.458165;28.148153;;;;;;;0.133333;0.2;0.1;0.04714;[0.1, 0.2, 0.1];0.233333;0.3;0.2;0.04714;[0.2, 0.3, 0.2];0.433333;0.5;0.4;0.04714;[0.4, 0.5, 0.4];0.333333;0.4;0.3;0.04714;[0.3, 0.4, 0.3];0.133333;0.2;0.1;0.04714;[0.1, 0.2, 0.1];;neurosity_session_20250613_175613;;
2025-06-13T17:56:41.509512;1749851801.509512;28.1995;;;;;;;0.133333;0.2;0.1;0.04714;[0.1, 0.2, 0.1];0.233333;0.3;0.2;0.04714;[0.2, 0.3, 0.2];0.433333;0.5;0.4;0.04714;[0.4, 0.5, 0.4];0.333333;0.4;0.3;0.04714;[0.3, 0.4, 0.3];0.133333;0.2;0.1;0.04714;[0.1, 0.2, 0.1];;neurosity_session_20250613_175613;;
2025-06-13T17:56:41.561519;1749851801.561519;28.251507;;;;;;;0.133333;0.2;0.1;0.04714;[0.1, 0.2, 0.1];0.233333;0.3;0.2;0.04714;[0.2, 0.3, 0.2];0.433333;0.5;0.4;0.04714;[0.4, 0.5, 0.4];0.333333;0.4;0.3;0.04714;[0.3, 0.4, 0.3];0.133333;0.2;0.1;0.04714;[0.1, 0.2, 0.1];;neurosity_session_20250613_175613;;
2025-06-13T17:56:41.665922;1749851801.665922;28.35591;;;;;;;0.133333;0.2;0.1;0.04714;[0.1, 0.2, 0.1];0.233333;0.3;0.2;0.04714;[0.2, 0.3, 0.2];0.433333;0.5;0.4;0.04714;[0.4, 0.5, 0.4];0.333333;0.4;0.3;0.04714;[0.3, 0.4, 0.3];0.133333;0.2;0.1;0.04714;[0.1, 0.2, 0.1];;neurosity_session_20250613_175613;;
2025-06-13T17:56:41.819916;1749851801.819916;28.509904;;;;;;;0.133333;0.2;0.1;0.04714;[0.1, 0.2, 0.1];0.233333;0.3;0.2;0.04714;[0.2, 0.3, 0.2];0.433333;0.5;0.4;0.04714;[0.4, 0.5, 0.4];0.333333;0.4;0.3;0.04714;[0.3, 0.4, 0.3];0.133333;0.2;0.1;0.04714;[0.1, 0.2, 0.1];;neurosity_session_20250613_175613;;
2025-06-13T17:56:41.870901;1749851801.870901;28.560889;;;;;;;0.133333;0.2;0.1;0.04714;[0.1, 0.2, 0.1];0.233333;0.3;0.2;0.04714;[0.2, 0.3, 0.2];0.433333;0.5;0.4;0.04714;[0.4, 0.5, 0.4];0.333333;0.4;0.3;0.04714;[0.3, 0.4, 0.3];0.133333;0.2;0.1;0.04714;[0.1, 0.2, 0.1];;neurosity_session_20250613_175613;;
2025-06-13T17:56:41.921791;1749851801.921791;28.611779;;;0.4515549088731554;45.155490887315544;;;;;;;;;;;;;;;;;;;;;;;;;;;;;neurosity_session_20250613_175613;;
2025-06-13T17:56:41.972777;1749851801.972777;28.662765;0.8658256169951419;86.58256169951419;;;;;;;;;;;;;;;;;;;;;;;;;;;;;;;neurosity_session_20250613_175613;;
2025-06-13T17:56:41.972993;1749851801.972993;28.662981;;;;;;;0.133333;0.2;0.1;0.04714;[0.1, 0.2, 0.1];0.233333;0.3;0.2;0.04714;[0.2, 0.3, 0.2];0.433333;0.5;0.4;0.04714;[0.4, 0.5, 0.4];0.333333;0.4;0.3;0.04714;[0.3, 0.4, 0.3];0.133333;0.2;0.1;0.04714;[0.1, 0.2, 0.1];;neurosity_session_20250613_175613;;
2025-06-13T17:56:41.973205;1749851801.973205;28.663193;;;;;;;0.133333;0.2;0.1;0.04714;[0.1, 0.2, 0.1];0.233333;0.3;0.2;0.04714;[0.2, 0.3, 0.2];0.433333;0.5;0.4;0.04714;[0.4, 0.5, 0.4];0.333333;0.4;0.3;0.04714;[0.3, 0.4, 0.3];0.133333;0.2;0.1;0.04714;[0.1, 0.2, 0.1];;neurosity_session_20250613_175613;;
2025-06-13T17:56:42.024138;1749851802.024138;28.714126;;;;;;;0.133333;0.2;0.1;0.04714;[0.1, 0.2, 0.1];0.233333;0.3;0.2;0.04714;[0.2, 0.3, 0.2];0.433333;0.5;0.4;0.04714;[0.4, 0.5, 0.4];0.333333;0.4;0.3;0.04714;[0.3, 0.4, 0.3];0.133333;0.2;0.1;0.04714;[0.1, 0.2, 0.1];;neurosity_session_20250613_175613;;
2025-06-13T17:56:42.024380;1749851802.02438;28.714368;;;;;;;0.133333;0.2;0.1;0.04714;[0.1, 0.2, 0.1];0.233333;0.3;0.2;0.04714;[0.2, 0.3, 0.2];0.433333;0.5;0.4;0.04714;[0.4, 0.5, 0.4];0.333333;0.4;0.3;0.04714;[0.3, 0.4, 0.3];0.133333;0.2;0.1;0.04714;[0.1, 0.2, 0.1];;neurosity_session_20250613_175613;;
2025-06-13T17:56:42.075254;1749851802.075254;28.765242;;;;;;;0.133333;0.2;0.1;0.04714;[0.1, 0.2, 0.1];0.233333;0.3;0.2;0.04714;[0.2, 0.3, 0.2];0.433333;0.5;0.4;0.04714;[0.4, 0.5, 0.4];0.333333;0.4;0.3;0.04714;[0.3, 0.4, 0.3];0.133333;0.2;0.1;0.04714;[0.1, 0.2, 0.1];;neurosity_session_20250613_175613;;
2025-06-13T17:56:42.126539;1749851802.126539;28.816527;;;;;;;0.133333;0.2;0.1;0.04714;[0.1, 0.2, 0.1];0.233333;0.3;0.2;0.04714;[0.2, 0.3, 0.2];0.433333;0.5;0.4;0.04714;[0.4, 0.5, 0.4];0.333333;0.4;0.3;0.04714;[0.3, 0.4, 0.3];0.133333;0.2;0.1;0.04714;[0.1, 0.2, 0.1];;neurosity_session_20250613_175613;;
2025-06-13T17:56:42.178550;1749851802.17855;28.868538;;;;;;;0.133333;0.2;0.1;0.04714;[0.1, 0.2, 0.1];0.233333;0.3;0.2;0.04714;[0.2, 0.3, 0.2];0.433333;0.5;0.4;0.04714;[0.4, 0.5, 0.4];0.333333;0.4;0.3;0.04714;[0.3, 0.4, 0.3];0.133333;0.2;0.1;0.04714;[0.1, 0.2, 0.1];;neurosity_session_20250613_175613;;
2025-06-13T17:56:42.281038;1749851802.281038;28.971026;;;;;;;0.133333;0.2;0.1;0.04714;[0.1, 0.2, 0.1];0.233333;0.3;0.2;0.04714;[0.2, 0.3, 0.2];0.433333;0.5;0.4;0.04714;[0.4, 0.5, 0.4];0.333333;0.4;0.3;0.04714;[0.3, 0.4, 0.3];0.133333;0.2;0.1;0.04714;[0.1, 0.2, 0.1];;neurosity_session_20250613_175613;;
2025-06-13T17:56:42.281593;1749851802.281593;28.971581;;;;;;;0.133333;0.2;0.1;0.04714;[0.1, 0.2, 0.1];0.233333;0.3;0.2;0.04714;[0.2, 0.3, 0.2];0.433333;0.5;0.4;0.04714;[0.4, 0.5, 0.4];0.333333;0.4;0.3;0.04714;[0.3, 0.4, 0.3];0.133333;0.2;0.1;0.04714;[0.1, 0.2, 0.1];;neurosity_session_20250613_175613;;
2025-06-13T17:56:42.332717;1749851802.332717;29.022705;;;;;;;0.133333;0.2;0.1;0.04714;[0.1, 0.2, 0.1];0.233333;0.3;0.2;0.04714;[0.2, 0.3, 0.2];0.433333;0.5;0.4;0.04714;[0.4, 0.5, 0.4];0.333333;0.4;0.3;0.04714;[0.3, 0.4, 0.3];0.133333;0.2;0.1;0.04714;[0.1, 0.2, 0.1];;neurosity_session_20250613_175613;;
2025-06-13T17:56:42.383718;1749851802.383718;29.073706;;;;;;;0.133333;0.2;0.1;0.04714;[0.1, 0.2, 0.1];0.233333;0.3;0.2;0.04714;[0.2, 0.3, 0.2];0.433333;0.5;0.4;0.04714;[0.4, 0.5, 0.4];0.333333;0.4;0.3;0.04714;[0.3, 0.4, 0.3];0.133333;0.2;0.1;0.04714;[0.1, 0.2, 0.1];;neurosity_session_20250613_175613;;
2025-06-13T17:56:42.434643;1749851802.434643;29.124631;;;;;;;0.133333;0.2;0.1;0.04714;[0.1, 0.2, 0.1];0.233333;0.3;0.2;0.04714;[0.2, 0.3, 0.2];0.433333;0.5;0.4;0.04714;[0.4, 0.5, 0.4];0.333333;0.4;0.3;0.04714;[0.3, 0.4, 0.3];0.133333;0.2;0.1;0.04714;[0.1, 0.2, 0.1];;neurosity_session_20250613_175613;;
2025-06-13T17:56:42.434858;1749851802.434858;29.124846;;;;;;;0.133333;0.2;0.1;0.04714;[0.1, 0.2, 0.1];0.233333;0.3;0.2;0.04714;[0.2, 0.3, 0.2];0.433333;0.5;0.4;0.04714;[0.4, 0.5, 0.4];0.333333;0.4;0.3;0.04714;[0.3, 0.4, 0.3];0.133333;0.2;0.1;0.04714;[0.1, 0.2, 0.1];;neurosity_session_20250613_175613;;
2025-06-13T17:56:42.486320;1749851802.48632;29.176308;;;;;;;0.133333;0.2;0.1;0.04714;[0.1, 0.2, 0.1];0.233333;0.3;0.2;0.04714;[0.2, 0.3, 0.2];0.433333;0.5;0.4;0.04714;[0.4, 0.5, 0.4];0.333333;0.4;0.3;0.04714;[0.3, 0.4, 0.3];0.133333;0.2;0.1;0.04714;[0.1, 0.2, 0.1];;neurosity_session_20250613_175613;;
2025-06-13T17:56:42.590057;1749851802.590057;29.280045;;;0.4886303045761838;48.86303045761838;;;;;;;;;;;;;;;;;;;;;;;;;;;;;neurosity_session_20250613_175613;;
2025-06-13T17:56:42.590977;1749851802.590977;29.280965;0.9143652621055971;91.4365262105597;;;;;;;;;;;;;;;;;;;;;;;;;;;;;;;neurosity_session_20250613_175613;;
2025-06-13T17:56:42.642073;1749851802.642073;29.332061;;;;;;;0.133333;0.2;0.1;0.04714;[0.1, 0.2, 0.1];0.233333;0.3;0.2;0.04714;[0.2, 0.3, 0.2];0.433333;0.5;0.4;0.04714;[0.4, 0.5, 0.4];0.333333;0.4;0.3;0.04714;[0.3, 0.4, 0.3];0.133333;0.2;0.1;0.04714;[0.1, 0.2, 0.1];;neurosity_session_20250613_175613;;
2025-06-13T17:56:42.642885;1749851802.642885;29.332873;;;;;;;0.133333;0.2;0.1;0.04714;[0.1, 0.2, 0.1];0.233333;0.3;0.2;0.04714;[0.2, 0.3, 0.2];0.433333;0.5;0.4;0.04714;[0.4, 0.5, 0.4];0.333333;0.4;0.3;0.04714;[0.3, 0.4, 0.3];0.133333;0.2;0.1;0.04714;[0.1, 0.2, 0.1];;neurosity_session_20250613_175613;;
2025-06-13T17:56:42.643450;1749851802.64345;29.333438;;;;;;;0.133333;0.2;0.1;0.04714;[0.1, 0.2, 0.1];0.233333;0.3;0.2;0.04714;[0.2, 0.3, 0.2];0.433333;0.5;0.4;0.04714;[0.4, 0.5, 0.4];0.333333;0.4;0.3;0.04714;[0.3, 0.4, 0.3];0.133333;0.2;0.1;0.04714;[0.1, 0.2, 0.1];;neurosity_session_20250613_175613;;
2025-06-13T17:56:42.694164;1749851802.694164;29.384152;;;;;;;0.133333;0.2;0.1;0.04714;[0.1, 0.2, 0.1];0.233333;0.3;0.2;0.04714;[0.2, 0.3, 0.2];0.433333;0.5;0.4;0.04714;[0.4, 0.5, 0.4];0.333333;0.4;0.3;0.04714;[0.3, 0.4, 0.3];0.133333;0.2;0.1;0.04714;[0.1, 0.2, 0.1];;neurosity_session_20250613_175613;;
2025-06-13T17:56:42.745156;1749851802.745156;29.435144;;;;;;;0.133333;0.2;0.1;0.04714;[0.1, 0.2, 0.1];0.233333;0.3;0.2;0.04714;[0.2, 0.3, 0.2];0.433333;0.5;0.4;0.04714;[0.4, 0.5, 0.4];0.333333;0.4;0.3;0.04714;[0.3, 0.4, 0.3];0.133333;0.2;0.1;0.04714;[0.1, 0.2, 0.1];;neurosity_session_20250613_175613;;
2025-06-13T17:56:42.745450;1749851802.74545;29.435438;;;;;;;0.133333;0.2;0.1;0.04714;[0.1, 0.2, 0.1];0.233333;0.3;0.2;0.04714;[0.2, 0.3, 0.2];0.433333;0.5;0.4;0.04714;[0.4, 0.5, 0.4];0.333333;0.4;0.3;0.04714;[0.3, 0.4, 0.3];0.133333;0.2;0.1;0.04714;[0.1, 0.2, 0.1];;neurosity_session_20250613_175613;;
2025-06-13T17:56:42.796263;1749851802.796263;29.486251;;;;;;;0.133333;0.2;0.1;0.04714;[0.1, 0.2, 0.1];0.233333;0.3;0.2;0.04714;[0.2, 0.3, 0.2];0.433333;0.5;0.4;0.04714;[0.4, 0.5, 0.4];0.333333;0.4;0.3;0.04714;[0.3, 0.4, 0.3];0.133333;0.2;0.1;0.04714;[0.1, 0.2, 0.1];;neurosity_session_20250613_175613;;
2025-06-13T17:56:42.846996;1749851802.846996;29.536984;;;;;;;0.133333;0.2;0.1;0.04714;[0.1, 0.2, 0.1];0.233333;0.3;0.2;0.04714;[0.2, 0.3, 0.2];0.433333;0.5;0.4;0.04714;[0.4, 0.5, 0.4];0.333333;0.4;0.3;0.04714;[0.3, 0.4, 0.3];0.133333;0.2;0.1;0.04714;[0.1, 0.2, 0.1];;neurosity_session_20250613_175613;;
2025-06-13T17:56:42.898037;1749851802.898037;29.588025;;;;;;;0.133333;0.2;0.1;0.04714;[0.1, 0.2, 0.1];0.233333;0.3;0.2;0.04714;[0.2, 0.3, 0.2];0.433333;0.5;0.4;0.04714;[0.4, 0.5, 0.4];0.333333;0.4;0.3;0.04714;[0.3, 0.4, 0.3];0.133333;0.2;0.1;0.04714;[0.1, 0.2, 0.1];;neurosity_session_20250613_175613;;
2025-06-13T17:56:42.948986;1749851802.948986;29.638974;;;;;;;0.133333;0.2;0.1;0.04714;[0.1, 0.2, 0.1];0.233333;0.3;0.2;0.04714;[0.2, 0.3, 0.2];0.433333;0.5;0.4;0.04714;[0.4, 0.5, 0.4];0.333333;0.4;0.3;0.04714;[0.3, 0.4, 0.3];0.133333;0.2;0.1;0.04714;[0.1, 0.2, 0.1];;neurosity_session_20250613_175613;;
2025-06-13T17:56:42.949269;1749851802.949269;29.639257;;;;;;;0.133333;0.2;0.1;0.04714;[0.1, 0.2, 0.1];0.233333;0.3;0.2;0.04714;[0.2, 0.3, 0.2];0.433333;0.5;0.4;0.04714;[0.4, 0.5, 0.4];0.333333;0.4;0.3;0.04714;[0.3, 0.4, 0.3];0.133333;0.2;0.1;0.04714;[0.1, 0.2, 0.1];;neurosity_session_20250613_175613;;
2025-06-13T17:56:42.999707;1749851802.999707;29.689695;;;;;;;0.133333;0.2;0.1;0.04714;[0.1, 0.2, 0.1];0.233333;0.3;0.2;0.04714;[0.2, 0.3, 0.2];0.433333;0.5;0.4;0.04714;[0.4, 0.5, 0.4];0.333333;0.4;0.3;0.04714;[0.3, 0.4, 0.3];0.133333;0.2;0.1;0.04714;[0.1, 0.2, 0.1];;neurosity_session_20250613_175613;;
2025-06-13T17:56:42.999904;1749851802.999904;29.689892;;;;;;;0.133333;0.2;0.1;0.04714;[0.1, 0.2, 0.1];0.233333;0.3;0.2;0.04714;[0.2, 0.3, 0.2];0.433333;0.5;0.4;0.04714;[0.4, 0.5, 0.4];0.333333;0.4;0.3;0.04714;[0.3, 0.4, 0.3];0.133333;0.2;0.1;0.04714;[0.1, 0.2, 0.1];;neurosity_session_20250613_175613;;
2025-06-13T17:56:43.101696;1749851803.101696;29.791684;;;;;;;0.133333;0.2;0.1;0.04714;[0.1, 0.2, 0.1];0.233333;0.3;0.2;0.04714;[0.2, 0.3, 0.2];0.433333;0.5;0.4;0.04714;[0.4, 0.5, 0.4];0.333333;0.4;0.3;0.04714;[0.3, 0.4, 0.3];0.133333;0.2;0.1;0.04714;[0.1, 0.2, 0.1];;neurosity_session_20250613_175613;;
2025-06-13T17:56:43.204112;1749851803.204112;29.8941;;;;;;;0.133333;0.2;0.1;0.04714;[0.1, 0.2, 0.1];0.233333;0.3;0.2;0.04714;[0.2, 0.3, 0.2];0.433333;0.5;0.4;0.04714;[0.4, 0.5, 0.4];0.333333;0.4;0.3;0.04714;[0.3, 0.4, 0.3];0.133333;0.2;0.1;0.04714;[0.1, 0.2, 0.1];;neurosity_session_20250613_175613;;
2025-06-13T17:56:43.255214;1749851803.255214;29.945202;;;;;;;0.133333;0.2;0.1;0.04714;[0.1, 0.2, 0.1];0.233333;0.3;0.2;0.04714;[0.2, 0.3, 0.2];0.433333;0.5;0.4;0.04714;[0.4, 0.5, 0.4];0.333333;0.4;0.3;0.04714;[0.3, 0.4, 0.3];0.133333;0.2;0.1;0.04714;[0.1, 0.2, 0.1];;neurosity_session_20250613_175613;;
2025-06-13T17:56:43.306404;1749851803.306404;29.996392;;;;;;;0.133333;0.2;0.1;0.04714;[0.1, 0.2, 0.1];0.233333;0.3;0.2;0.04714;[0.2, 0.3, 0.2];0.433333;0.5;0.4;0.04714;[0.4, 0.5, 0.4];0.333333;0.4;0.3;0.04714;[0.3, 0.4, 0.3];0.133333;0.2;0.1;0.04714;[0.1, 0.2, 0.1];;neurosity_session_20250613_175613;;
2025-06-13T17:56:43.357295;1749851803.357295;30.047283;;;;;;;0.133333;0.2;0.1;0.04714;[0.1, 0.2, 0.1];0.233333;0.3;0.2;0.04714;[0.2, 0.3, 0.2];0.433333;0.5;0.4;0.04714;[0.4, 0.5, 0.4];0.333333;0.4;0.3;0.04714;[0.3, 0.4, 0.3];0.133333;0.2;0.1;0.04714;[0.1, 0.2, 0.1];;neurosity_session_20250613_175613;;
2025-06-13T17:56:43.612066;1749851803.612066;30.302054;0.9055798188098747;90.55798188098747;;;;;;;;;;;;;;;;;;;;;;;;;;;;;;;neurosity_session_20250613_175613;;
2025-06-13T17:56:43.612351;1749851803.612351;30.302339;;;0.40822032577435563;40.822032577435564;;;;;;;;;;;;;;;;;;;;;;;;;;;;;neurosity_session_20250613_175613;;
2025-06-13T17:56:43.662998;1749851803.662998;30.352986;;;;;;;0.133333;0.2;0.1;0.04714;[0.1, 0.2, 0.1];0.233333;0.3;0.2;0.04714;[0.2, 0.3, 0.2];0.433333;0.5;0.4;0.04714;[0.4, 0.5, 0.4];0.333333;0.4;0.3;0.04714;[0.3, 0.4, 0.3];0.133333;0.2;0.1;0.04714;[0.1, 0.2, 0.1];;neurosity_session_20250613_175613;;
2025-06-13T17:56:43.713547;1749851803.713547;30.403535;;;;;;;0.133333;0.2;0.1;0.04714;[0.1, 0.2, 0.1];0.233333;0.3;0.2;0.04714;[0.2, 0.3, 0.2];0.433333;0.5;0.4;0.04714;[0.4, 0.5, 0.4];0.333333;0.4;0.3;0.04714;[0.3, 0.4, 0.3];0.133333;0.2;0.1;0.04714;[0.1, 0.2, 0.1];;neurosity_session_20250613_175613;;
2025-06-13T17:56:43.764051;1749851803.764051;30.454039;;;;;;;0.133333;0.2;0.1;0.04714;[0.1, 0.2, 0.1];0.233333;0.3;0.2;0.04714;[0.2, 0.3, 0.2];0.433333;0.5;0.4;0.04714;[0.4, 0.5, 0.4];0.333333;0.4;0.3;0.04714;[0.3, 0.4, 0.3];0.133333;0.2;0.1;0.04714;[0.1, 0.2, 0.1];;neurosity_session_20250613_175613;;
2025-06-13T17:56:43.764388;1749851803.764388;30.454376;;;;;;;0.133333;0.2;0.1;0.04714;[0.1, 0.2, 0.1];0.233333;0.3;0.2;0.04714;[0.2, 0.3, 0.2];0.433333;0.5;0.4;0.04714;[0.4, 0.5, 0.4];0.333333;0.4;0.3;0.04714;[0.3, 0.4, 0.3];0.133333;0.2;0.1;0.04714;[0.1, 0.2, 0.1];;neurosity_session_20250613_175613;;
2025-06-13T17:56:43.815189;1749851803.815189;30.505177;;;;;;;0.133333;0.2;0.1;0.04714;[0.1, 0.2, 0.1];0.233333;0.3;0.2;0.04714;[0.2, 0.3, 0.2];0.433333;0.5;0.4;0.04714;[0.4, 0.5, 0.4];0.333333;0.4;0.3;0.04714;[0.3, 0.4, 0.3];0.133333;0.2;0.1;0.04714;[0.1, 0.2, 0.1];;neurosity_session_20250613_175613;;
2025-06-13T17:56:44.019256;1749851804.019256;30.709244;;;;;;;0.133333;0.2;0.1;0.04714;[0.1, 0.2, 0.1];0.233333;0.3;0.2;0.04714;[0.2, 0.3, 0.2];0.433333;0.5;0.4;0.04714;[0.4, 0.5, 0.4];0.333333;0.4;0.3;0.04714;[0.3, 0.4, 0.3];0.133333;0.2;0.1;0.04714;[0.1, 0.2, 0.1];;neurosity_session_20250613_175613;;
2025-06-13T17:56:44.326535;1749851804.326535;31.016523;;;;;;;0.133333;0.2;0.1;0.04714;[0.1, 0.2, 0.1];0.233333;0.3;0.2;0.04714;[0.2, 0.3, 0.2];0.433333;0.5;0.4;0.04714;[0.4, 0.5, 0.4];0.333333;0.4;0.3;0.04714;[0.3, 0.4, 0.3];0.133333;0.2;0.1;0.04714;[0.1, 0.2, 0.1];;neurosity_session_20250613_175613;;
2025-06-13T17:56:44.377202;1749851804.377202;31.06719;;;;;;;0.133333;0.2;0.1;0.04714;[0.1, 0.2, 0.1];0.233333;0.3;0.2;0.04714;[0.2, 0.3, 0.2];0.433333;0.5;0.4;0.04714;[0.4, 0.5, 0.4];0.333333;0.4;0.3;0.04714;[0.3, 0.4, 0.3];0.133333;0.2;0.1;0.04714;[0.1, 0.2, 0.1];;neurosity_session_20250613_175613;;
2025-06-13T17:56:44.428334;1749851804.428334;31.118322;;;;;;;0.133333;0.2;0.1;0.04714;[0.1, 0.2, 0.1];0.233333;0.3;0.2;0.04714;[0.2, 0.3, 0.2];0.433333;0.5;0.4;0.04714;[0.4, 0.5, 0.4];0.333333;0.4;0.3;0.04714;[0.3, 0.4, 0.3];0.133333;0.2;0.1;0.04714;[0.1, 0.2, 0.1];;neurosity_session_20250613_175613;;
2025-06-13T17:56:44.479300;1749851804.4793;31.169288;;;;;;;0.133333;0.2;0.1;0.04714;[0.1, 0.2, 0.1];0.233333;0.3;0.2;0.04714;[0.2, 0.3, 0.2];0.433333;0.5;0.4;0.04714;[0.4, 0.5, 0.4];0.333333;0.4;0.3;0.04714;[0.3, 0.4, 0.3];0.133333;0.2;0.1;0.04714;[0.1, 0.2, 0.1];;neurosity_session_20250613_175613;;
2025-06-13T17:56:44.530412;1749851804.530412;31.2204;;;;;;;0.133333;0.2;0.1;0.04714;[0.1, 0.2, 0.1];0.233333;0.3;0.2;0.04714;[0.2, 0.3, 0.2];0.433333;0.5;0.4;0.04714;[0.4, 0.5, 0.4];0.333333;0.4;0.3;0.04714;[0.3, 0.4, 0.3];0.133333;0.2;0.1;0.04714;[0.1, 0.2, 0.1];;neurosity_session_20250613_175613;;
2025-06-13T17:56:44.530993;1749851804.530993;31.220981;;;;;;;0.133333;0.2;0.1;0.04714;[0.1, 0.2, 0.1];0.233333;0.3;0.2;0.04714;[0.2, 0.3, 0.2];0.433333;0.5;0.4;0.04714;[0.4, 0.5, 0.4];0.333333;0.4;0.3;0.04714;[0.3, 0.4, 0.3];0.133333;0.2;0.1;0.04714;[0.1, 0.2, 0.1];;neurosity_session_20250613_175613;;
2025-06-13T17:56:44.582095;1749851804.582095;31.272083;;;;;;;0.133333;0.2;0.1;0.04714;[0.1, 0.2, 0.1];0.233333;0.3;0.2;0.04714;[0.2, 0.3, 0.2];0.433333;0.5;0.4;0.04714;[0.4, 0.5, 0.4];0.333333;0.4;0.3;0.04714;[0.3, 0.4, 0.3];0.133333;0.2;0.1;0.04714;[0.1, 0.2, 0.1];;neurosity_session_20250613_175613;;
2025-06-13T17:56:44.633199;1749851804.633199;31.323187;0.880747974905104;88.0747974905104;;;;;;;;;;;;;;;;;;;;;;;;;;;;;;;neurosity_session_20250613_175613;;
2025-06-13T17:56:44.684070;1749851804.68407;31.374058;;;0.6145341564605078;61.45341564605078;;;;;;;;;;;;;;;;;;;;;;;;;;;;;neurosity_session_20250613_175613;;
2025-06-13T17:56:44.734744;1749851804.734744;31.424732;;;;;;;0.133333;0.2;0.1;0.04714;[0.1, 0.2, 0.1];0.233333;0.3;0.2;0.04714;[0.2, 0.3, 0.2];0.433333;0.5;0.4;0.04714;[0.4, 0.5, 0.4];0.333333;0.4;0.3;0.04714;[0.3, 0.4, 0.3];0.133333;0.2;0.1;0.04714;[0.1, 0.2, 0.1];;neurosity_session_20250613_175613;;
2025-06-13T17:56:44.735027;1749851804.735027;31.425015;;;;;;;0.133333;0.2;0.1;0.04714;[0.1, 0.2, 0.1];0.233333;0.3;0.2;0.04714;[0.2, 0.3, 0.2];0.433333;0.5;0.4;0.04714;[0.4, 0.5, 0.4];0.333333;0.4;0.3;0.04714;[0.3, 0.4, 0.3];0.133333;0.2;0.1;0.04714;[0.1, 0.2, 0.1];;neurosity_session_20250613_175613;;
2025-06-13T17:56:44.735247;1749851804.735247;31.425235;;;;;;;0.133333;0.2;0.1;0.04714;[0.1, 0.2, 0.1];0.233333;0.3;0.2;0.04714;[0.2, 0.3, 0.2];0.433333;0.5;0.4;0.04714;[0.4, 0.5, 0.4];0.333333;0.4;0.3;0.04714;[0.3, 0.4, 0.3];0.133333;0.2;0.1;0.04714;[0.1, 0.2, 0.1];;neurosity_session_20250613_175613;;
2025-06-13T17:56:44.735421;1749851804.735421;31.425409;;;;;;;0.133333;0.2;0.1;0.04714;[0.1, 0.2, 0.1];0.233333;0.3;0.2;0.04714;[0.2, 0.3, 0.2];0.433333;0.5;0.4;0.04714;[0.4, 0.5, 0.4];0.333333;0.4;0.3;0.04714;[0.3, 0.4, 0.3];0.133333;0.2;0.1;0.04714;[0.1, 0.2, 0.1];;neurosity_session_20250613_175613;;
2025-06-13T17:56:44.735745;1749851804.735745;31.425733;;;;;;;0.133333;0.2;0.1;0.04714;[0.1, 0.2, 0.1];0.233333;0.3;0.2;0.04714;[0.2, 0.3, 0.2];0.433333;0.5;0.4;0.04714;[0.4, 0.5, 0.4];0.333333;0.4;0.3;0.04714;[0.3, 0.4, 0.3];0.133333;0.2;0.1;0.04714;[0.1, 0.2, 0.1];;neurosity_session_20250613_175613;;
2025-06-13T17:56:44.786690;1749851804.78669;31.476678;;;;;;;0.133333;0.2;0.1;0.04714;[0.1, 0.2, 0.1];0.233333;0.3;0.2;0.04714;[0.2, 0.3, 0.2];0.433333;0.5;0.4;0.04714;[0.4, 0.5, 0.4];0.333333;0.4;0.3;0.04714;[0.3, 0.4, 0.3];0.133333;0.2;0.1;0.04714;[0.1, 0.2, 0.1];;neurosity_session_20250613_175613;;
2025-06-13T17:56:44.838214;1749851804.838214;31.528202;;;;;;;0.133333;0.2;0.1;0.04714;[0.1, 0.2, 0.1];0.233333;0.3;0.2;0.04714;[0.2, 0.3, 0.2];0.433333;0.5;0.4;0.04714;[0.4, 0.5, 0.4];0.333333;0.4;0.3;0.04714;[0.3, 0.4, 0.3];0.133333;0.2;0.1;0.04714;[0.1, 0.2, 0.1];;neurosity_session_20250613_175613;;
2025-06-13T17:56:44.889325;1749851804.889325;31.579313;;;;;;;0.133333;0.2;0.1;0.04714;[0.1, 0.2, 0.1];0.233333;0.3;0.2;0.04714;[0.2, 0.3, 0.2];0.433333;0.5;0.4;0.04714;[0.4, 0.5, 0.4];0.333333;0.4;0.3;0.04714;[0.3, 0.4, 0.3];0.133333;0.2;0.1;0.04714;[0.1, 0.2, 0.1];;neurosity_session_20250613_175613;;
2025-06-13T17:56:44.940368;1749851804.940368;31.630356;;;;;;;0.133333;0.2;0.1;0.04714;[0.1, 0.2, 0.1];0.233333;0.3;0.2;0.04714;[0.2, 0.3, 0.2];0.433333;0.5;0.4;0.04714;[0.4, 0.5, 0.4];0.333333;0.4;0.3;0.04714;[0.3, 0.4, 0.3];0.133333;0.2;0.1;0.04714;[0.1, 0.2, 0.1];;neurosity_session_20250613_175613;;
2025-06-13T17:56:44.991005;1749851804.991005;31.680993;;;;;;;0.133333;0.2;0.1;0.04714;[0.1, 0.2, 0.1];0.233333;0.3;0.2;0.04714;[0.2, 0.3, 0.2];0.433333;0.5;0.4;0.04714;[0.4, 0.5, 0.4];0.333333;0.4;0.3;0.04714;[0.3, 0.4, 0.3];0.133333;0.2;0.1;0.04714;[0.1, 0.2, 0.1];;neurosity_session_20250613_175613;;
2025-06-13T17:56:44.991263;1749851804.991263;31.681251;;;;;;;0.133333;0.2;0.1;0.04714;[0.1, 0.2, 0.1];0.233333;0.3;0.2;0.04714;[0.2, 0.3, 0.2];0.433333;0.5;0.4;0.04714;[0.4, 0.5, 0.4];0.333333;0.4;0.3;0.04714;[0.3, 0.4, 0.3];0.133333;0.2;0.1;0.04714;[0.1, 0.2, 0.1];;neurosity_session_20250613_175613;;
2025-06-13T17:56:45.041937;1749851805.041937;31.731925;;;;;;;0.133333;0.2;0.1;0.04714;[0.1, 0.2, 0.1];0.233333;0.3;0.2;0.04714;[0.2, 0.3, 0.2];0.433333;0.5;0.4;0.04714;[0.4, 0.5, 0.4];0.333333;0.4;0.3;0.04714;[0.3, 0.4, 0.3];0.133333;0.2;0.1;0.04714;[0.1, 0.2, 0.1];;neurosity_session_20250613_175613;;
2025-06-13T17:56:45.042190;1749851805.04219;31.732178;;;;;;;0.133333;0.2;0.1;0.04714;[0.1, 0.2, 0.1];0.233333;0.3;0.2;0.04714;[0.2, 0.3, 0.2];0.433333;0.5;0.4;0.04714;[0.4, 0.5, 0.4];0.333333;0.4;0.3;0.04714;[0.3, 0.4, 0.3];0.133333;0.2;0.1;0.04714;[0.1, 0.2, 0.1];;neurosity_session_20250613_175613;;
2025-06-13T17:56:45.093146;1749851805.093146;31.783134;;;;;;;0.133333;0.2;0.1;0.04714;[0.1, 0.2, 0.1];0.233333;0.3;0.2;0.04714;[0.2, 0.3, 0.2];0.433333;0.5;0.4;0.04714;[0.4, 0.5, 0.4];0.333333;0.4;0.3;0.04714;[0.3, 0.4, 0.3];0.133333;0.2;0.1;0.04714;[0.1, 0.2, 0.1];;neurosity_session_20250613_175613;;
2025-06-13T17:56:45.144175;1749851805.144175;31.834163;;;;;;;0.133333;0.2;0.1;0.04714;[0.1, 0.2, 0.1];0.233333;0.3;0.2;0.04714;[0.2, 0.3, 0.2];0.433333;0.5;0.4;0.04714;[0.4, 0.5, 0.4];0.333333;0.4;0.3;0.04714;[0.3, 0.4, 0.3];0.133333;0.2;0.1;0.04714;[0.1, 0.2, 0.1];;neurosity_session_20250613_175613;;
2025-06-13T17:56:45.144467;1749851805.144467;31.834455;;;;;;;0.133333;0.2;0.1;0.04714;[0.1, 0.2, 0.1];0.233333;0.3;0.2;0.04714;[0.2, 0.3, 0.2];0.433333;0.5;0.4;0.04714;[0.4, 0.5, 0.4];0.333333;0.4;0.3;0.04714;[0.3, 0.4, 0.3];0.133333;0.2;0.1;0.04714;[0.1, 0.2, 0.1];;neurosity_session_20250613_175613;;
2025-06-13T17:56:45.195196;1749851805.195196;31.885184;;;;;;;0.133333;0.2;0.1;0.04714;[0.1, 0.2, 0.1];0.233333;0.3;0.2;0.04714;[0.2, 0.3, 0.2];0.433333;0.5;0.4;0.04714;[0.4, 0.5, 0.4];0.333333;0.4;0.3;0.04714;[0.3, 0.4, 0.3];0.133333;0.2;0.1;0.04714;[0.1, 0.2, 0.1];;neurosity_session_20250613_175613;;
2025-06-13T17:56:45.246235;1749851805.246235;31.936223;;;;;;;0.133333;0.2;0.1;0.04714;[0.1, 0.2, 0.1];0.233333;0.3;0.2;0.04714;[0.2, 0.3, 0.2];0.433333;0.5;0.4;0.04714;[0.4, 0.5, 0.4];0.333333;0.4;0.3;0.04714;[0.3, 0.4, 0.3];0.133333;0.2;0.1;0.04714;[0.1, 0.2, 0.1];;neurosity_session_20250613_175613;;
2025-06-13T17:56:45.398138;1749851805.398138;32.088126;0.7407519473446913;74.07519473446914;;;;;;;;;;;;;;;;;;;;;;;;;;;;;;;neurosity_session_20250613_175613;;
2025-06-13T17:56:45.701887;1749851805.701887;32.391875;;;0.4974185575173128;49.74185575173128;;;;;;;;;;;;;;;;;;;;;;;;;;;;;neurosity_session_20250613_175613;;
2025-06-13T17:56:45.752335;1749851805.752335;32.442323;;;;;;;0.133333;0.2;0.1;0.04714;[0.1, 0.2, 0.1];0.233333;0.3;0.2;0.04714;[0.2, 0.3, 0.2];0.433333;0.5;0.4;0.04714;[0.4, 0.5, 0.4];0.333333;0.4;0.3;0.04714;[0.3, 0.4, 0.3];0.133333;0.2;0.1;0.04714;[0.1, 0.2, 0.1];;neurosity_session_20250613_175613;;
2025-06-13T17:56:45.752704;1749851805.752704;32.442692;;;;;;;0.133333;0.2;0.1;0.04714;[0.1, 0.2, 0.1];0.233333;0.3;0.2;0.04714;[0.2, 0.3, 0.2];0.433333;0.5;0.4;0.04714;[0.4, 0.5, 0.4];0.333333;0.4;0.3;0.04714;[0.3, 0.4, 0.3];0.133333;0.2;0.1;0.04714;[0.1, 0.2, 0.1];;neurosity_session_20250613_175613;;
2025-06-13T17:56:45.803299;1749851805.803299;32.493287;;;;;;;0.133333;0.2;0.1;0.04714;[0.1, 0.2, 0.1];0.233333;0.3;0.2;0.04714;[0.2, 0.3, 0.2];0.433333;0.5;0.4;0.04714;[0.4, 0.5, 0.4];0.333333;0.4;0.3;0.04714;[0.3, 0.4, 0.3];0.133333;0.2;0.1;0.04714;[0.1, 0.2, 0.1];;neurosity_session_20250613_175613;;
2025-06-13T17:56:45.854183;1749851805.854183;32.544171;;;;;;;0.133333;0.2;0.1;0.04714;[0.1, 0.2, 0.1];0.233333;0.3;0.2;0.04714;[0.2, 0.3, 0.2];0.433333;0.5;0.4;0.04714;[0.4, 0.5, 0.4];0.333333;0.4;0.3;0.04714;[0.3, 0.4, 0.3];0.133333;0.2;0.1;0.04714;[0.1, 0.2, 0.1];;neurosity_session_20250613_175613;;
2025-06-13T17:56:45.854532;1749851805.854532;32.54452;;;;;;;0.133333;0.2;0.1;0.04714;[0.1, 0.2, 0.1];0.233333;0.3;0.2;0.04714;[0.2, 0.3, 0.2];0.433333;0.5;0.4;0.04714;[0.4, 0.5, 0.4];0.333333;0.4;0.3;0.04714;[0.3, 0.4, 0.3];0.133333;0.2;0.1;0.04714;[0.1, 0.2, 0.1];;neurosity_session_20250613_175613;;
2025-06-13T17:56:45.905022;1749851805.905022;32.59501;;;;;;;0.133333;0.2;0.1;0.04714;[0.1, 0.2, 0.1];0.233333;0.3;0.2;0.04714;[0.2, 0.3, 0.2];0.433333;0.5;0.4;0.04714;[0.4, 0.5, 0.4];0.333333;0.4;0.3;0.04714;[0.3, 0.4, 0.3];0.133333;0.2;0.1;0.04714;[0.1, 0.2, 0.1];;neurosity_session_20250613_175613;;
2025-06-13T17:56:45.956378;1749851805.956378;32.646366;;;;;;;0.133333;0.2;0.1;0.04714;[0.1, 0.2, 0.1];0.233333;0.3;0.2;0.04714;[0.2, 0.3, 0.2];0.433333;0.5;0.4;0.04714;[0.4, 0.5, 0.4];0.333333;0.4;0.3;0.04714;[0.3, 0.4, 0.3];0.133333;0.2;0.1;0.04714;[0.1, 0.2, 0.1];;neurosity_session_20250613_175613;;
2025-06-13T17:56:46.007609;1749851806.007609;32.697597;;;;;;;0.133333;0.2;0.1;0.04714;[0.1, 0.2, 0.1];0.233333;0.3;0.2;0.04714;[0.2, 0.3, 0.2];0.433333;0.5;0.4;0.04714;[0.4, 0.5, 0.4];0.333333;0.4;0.3;0.04714;[0.3, 0.4, 0.3];0.133333;0.2;0.1;0.04714;[0.1, 0.2, 0.1];;neurosity_session_20250613_175613;;
2025-06-13T17:56:46.007884;1749851806.007884;32.697872;;;;;;;0.133333;0.2;0.1;0.04714;[0.1, 0.2, 0.1];0.233333;0.3;0.2;0.04714;[0.2, 0.3, 0.2];0.433333;0.5;0.4;0.04714;[0.4, 0.5, 0.4];0.333333;0.4;0.3;0.04714;[0.3, 0.4, 0.3];0.133333;0.2;0.1;0.04714;[0.1, 0.2, 0.1];;neurosity_session_20250613_175613;;
2025-06-13T17:56:46.109464;1749851806.109464;32.799452;;;;;;;0.133333;0.2;0.1;0.04714;[0.1, 0.2, 0.1];0.233333;0.3;0.2;0.04714;[0.2, 0.3, 0.2];0.433333;0.5;0.4;0.04714;[0.4, 0.5, 0.4];0.333333;0.4;0.3;0.04714;[0.3, 0.4, 0.3];0.133333;0.2;0.1;0.04714;[0.1, 0.2, 0.1];;neurosity_session_20250613_175613;;
2025-06-13T17:56:46.109976;1749851806.109976;32.799964;;;;;;;0.133333;0.2;0.1;0.04714;[0.1, 0.2, 0.1];0.233333;0.3;0.2;0.04714;[0.2, 0.3, 0.2];0.433333;0.5;0.4;0.04714;[0.4, 0.5, 0.4];0.333333;0.4;0.3;0.04714;[0.3, 0.4, 0.3];0.133333;0.2;0.1;0.04714;[0.1, 0.2, 0.1];;neurosity_session_20250613_175613;;
2025-06-13T17:56:46.110453;1749851806.110453;32.800441;;;;;;;0.133333;0.2;0.1;0.04714;[0.1, 0.2, 0.1];0.233333;0.3;0.2;0.04714;[0.2, 0.3, 0.2];0.433333;0.5;0.4;0.04714;[0.4, 0.5, 0.4];0.333333;0.4;0.3;0.04714;[0.3, 0.4, 0.3];0.133333;0.2;0.1;0.04714;[0.1, 0.2, 0.1];;neurosity_session_20250613_175613;;
2025-06-13T17:56:46.161581;1749851806.161581;32.851569;;;;;;;0.133333;0.2;0.1;0.04714;[0.1, 0.2, 0.1];0.233333;0.3;0.2;0.04714;[0.2, 0.3, 0.2];0.433333;0.5;0.4;0.04714;[0.4, 0.5, 0.4];0.333333;0.4;0.3;0.04714;[0.3, 0.4, 0.3];0.133333;0.2;0.1;0.04714;[0.1, 0.2, 0.1];;neurosity_session_20250613_175613;;
2025-06-13T17:56:46.212815;1749851806.212815;32.902803;;;;;;;0.133333;0.2;0.1;0.04714;[0.1, 0.2, 0.1];0.233333;0.3;0.2;0.04714;[0.2, 0.3, 0.2];0.433333;0.5;0.4;0.04714;[0.4, 0.5, 0.4];0.333333;0.4;0.3;0.04714;[0.3, 0.4, 0.3];0.133333;0.2;0.1;0.04714;[0.1, 0.2, 0.1];;neurosity_session_20250613_175613;;
2025-06-13T17:56:46.263707;1749851806.263707;32.953695;;;;;;;0.133333;0.2;0.1;0.04714;[0.1, 0.2, 0.1];0.233333;0.3;0.2;0.04714;[0.2, 0.3, 0.2];0.433333;0.5;0.4;0.04714;[0.4, 0.5, 0.4];0.333333;0.4;0.3;0.04714;[0.3, 0.4, 0.3];0.133333;0.2;0.1;0.04714;[0.1, 0.2, 0.1];;neurosity_session_20250613_175613;;
2025-06-13T17:56:46.975628;1749851806.975628;33.665616;0.7620072602749521;76.20072602749521;;;;;;;;;;;;;;;;;;;;;;;;;;;;;;;neurosity_session_20250613_175613;;
2025-06-13T17:56:46.976123;1749851806.976123;33.666111;;;0.5093191554174372;50.93191554174372;;;;;;;;;;;;;;;;;;;;;;;;;;;;;neurosity_session_20250613_175613;;
2025-06-13T17:56:47.027645;1749851807.027645;33.717633;;;;;;;0.133333;0.2;0.1;0.04714;[0.1, 0.2, 0.1];0.233333;0.3;0.2;0.04714;[0.2, 0.3, 0.2];0.433333;0.5;0.4;0.04714;[0.4, 0.5, 0.4];0.333333;0.4;0.3;0.04714;[0.3, 0.4, 0.3];0.133333;0.2;0.1;0.04714;[0.1, 0.2, 0.1];;neurosity_session_20250613_175613;;
2025-06-13T17:56:47.181384;1749851807.181384;33.871372;;;;;;;0.133333;0.2;0.1;0.04714;[0.1, 0.2, 0.1];0.233333;0.3;0.2;0.04714;[0.2, 0.3, 0.2];0.433333;0.5;0.4;0.04714;[0.4, 0.5, 0.4];0.333333;0.4;0.3;0.04714;[0.3, 0.4, 0.3];0.133333;0.2;0.1;0.04714;[0.1, 0.2, 0.1];;neurosity_session_20250613_175613;;
2025-06-13T17:56:47.232630;1749851807.23263;33.922618;;;;;;;0.133333;0.2;0.1;0.04714;[0.1, 0.2, 0.1];0.233333;0.3;0.2;0.04714;[0.2, 0.3, 0.2];0.433333;0.5;0.4;0.04714;[0.4, 0.5, 0.4];0.333333;0.4;0.3;0.04714;[0.3, 0.4, 0.3];0.133333;0.2;0.1;0.04714;[0.1, 0.2, 0.1];;neurosity_session_20250613_175613;;
2025-06-13T17:56:47.233162;1749851807.233162;33.92315;;;;;;;0.133333;0.2;0.1;0.04714;[0.1, 0.2, 0.1];0.233333;0.3;0.2;0.04714;[0.2, 0.3, 0.2];0.433333;0.5;0.4;0.04714;[0.4, 0.5, 0.4];0.333333;0.4;0.3;0.04714;[0.3, 0.4, 0.3];0.133333;0.2;0.1;0.04714;[0.1, 0.2, 0.1];;neurosity_session_20250613_175613;;
2025-06-13T17:56:47.284746;1749851807.284746;33.974734;;;;;;;0.133333;0.2;0.1;0.04714;[0.1, 0.2, 0.1];0.233333;0.3;0.2;0.04714;[0.2, 0.3, 0.2];0.433333;0.5;0.4;0.04714;[0.4, 0.5, 0.4];0.333333;0.4;0.3;0.04714;[0.3, 0.4, 0.3];0.133333;0.2;0.1;0.04714;[0.1, 0.2, 0.1];;neurosity_session_20250613_175613;;
2025-06-13T17:56:47.337499;1749851807.337499;34.027487;0.851191070862442;85.1191070862442;;;;;;;;;;;;;;;;;;;;;;;;;;;;;;;neurosity_session_20250613_175613;;
2025-06-13T17:56:47.440853;1749851807.440853;34.130841;;;;;;;0.133333;0.2;0.1;0.04714;[0.1, 0.2, 0.1];0.233333;0.3;0.2;0.04714;[0.2, 0.3, 0.2];0.433333;0.5;0.4;0.04714;[0.4, 0.5, 0.4];0.333333;0.4;0.3;0.04714;[0.3, 0.4, 0.3];0.133333;0.2;0.1;0.04714;[0.1, 0.2, 0.1];;neurosity_session_20250613_175613;;
2025-06-13T17:56:47.491917;1749851807.491917;34.181905;;;;;;;0.133333;0.2;0.1;0.04714;[0.1, 0.2, 0.1];0.233333;0.3;0.2;0.04714;[0.2, 0.3, 0.2];0.433333;0.5;0.4;0.04714;[0.4, 0.5, 0.4];0.333333;0.4;0.3;0.04714;[0.3, 0.4, 0.3];0.133333;0.2;0.1;0.04714;[0.1, 0.2, 0.1];;neurosity_session_20250613_175613;;
2025-06-13T17:56:47.492536;1749851807.492536;34.182524;;;0.4041944982312235;40.41944982312235;;;;;;;;;;;;;;;;;;;;;;;;;;;;;neurosity_session_20250613_175613;;
2025-06-13T17:56:47.646833;1749851807.646833;34.336821;;;;;;;0.133333;0.2;0.1;0.04714;[0.1, 0.2, 0.1];0.233333;0.3;0.2;0.04714;[0.2, 0.3, 0.2];0.433333;0.5;0.4;0.04714;[0.4, 0.5, 0.4];0.333333;0.4;0.3;0.04714;[0.3, 0.4, 0.3];0.133333;0.2;0.1;0.04714;[0.1, 0.2, 0.1];;neurosity_session_20250613_175613;;
2025-06-13T17:56:47.749801;1749851807.749801;34.439789;;;;;;;0.133333;0.2;0.1;0.04714;[0.1, 0.2, 0.1];0.233333;0.3;0.2;0.04714;[0.2, 0.3, 0.2];0.433333;0.5;0.4;0.04714;[0.4, 0.5, 0.4];0.333333;0.4;0.3;0.04714;[0.3, 0.4, 0.3];0.133333;0.2;0.1;0.04714;[0.1, 0.2, 0.1];;neurosity_session_20250613_175613;;
2025-06-13T17:56:47.750490;1749851807.75049;34.440478;;;;;;;0.133333;0.2;0.1;0.04714;[0.1, 0.2, 0.1];0.233333;0.3;0.2;0.04714;[0.2, 0.3, 0.2];0.433333;0.5;0.4;0.04714;[0.4, 0.5, 0.4];0.333333;0.4;0.3;0.04714;[0.3, 0.4, 0.3];0.133333;0.2;0.1;0.04714;[0.1, 0.2, 0.1];;neurosity_session_20250613_175613;;
2025-06-13T17:56:47.801497;1749851807.801497;34.491485;;;;;;;0.133333;0.2;0.1;0.04714;[0.1, 0.2, 0.1];0.233333;0.3;0.2;0.04714;[0.2, 0.3, 0.2];0.433333;0.5;0.4;0.04714;[0.4, 0.5, 0.4];0.333333;0.4;0.3;0.04714;[0.3, 0.4, 0.3];0.133333;0.2;0.1;0.04714;[0.1, 0.2, 0.1];;neurosity_session_20250613_175613;;
2025-06-13T17:56:47.852872;1749851807.852872;34.54286;;;;;;;0.133333;0.2;0.1;0.04714;[0.1, 0.2, 0.1];0.233333;0.3;0.2;0.04714;[0.2, 0.3, 0.2];0.433333;0.5;0.4;0.04714;[0.4, 0.5, 0.4];0.333333;0.4;0.3;0.04714;[0.3, 0.4, 0.3];0.133333;0.2;0.1;0.04714;[0.1, 0.2, 0.1];;neurosity_session_20250613_175613;;
2025-06-13T17:56:47.955062;1749851807.955062;34.64505;;;;;;;0.133333;0.2;0.1;0.04714;[0.1, 0.2, 0.1];0.233333;0.3;0.2;0.04714;[0.2, 0.3, 0.2];0.433333;0.5;0.4;0.04714;[0.4, 0.5, 0.4];0.333333;0.4;0.3;0.04714;[0.3, 0.4, 0.3];0.133333;0.2;0.1;0.04714;[0.1, 0.2, 0.1];;neurosity_session_20250613_175613;;
2025-06-13T17:56:47.955327;1749851807.955327;34.645315;;;;;;;0.133333;0.2;0.1;0.04714;[0.1, 0.2, 0.1];0.233333;0.3;0.2;0.04714;[0.2, 0.3, 0.2];0.433333;0.5;0.4;0.04714;[0.4, 0.5, 0.4];0.333333;0.4;0.3;0.04714;[0.3, 0.4, 0.3];0.133333;0.2;0.1;0.04714;[0.1, 0.2, 0.1];;neurosity_session_20250613_175613;;
2025-06-13T17:56:48.006236;1749851808.006236;34.696224;;;;;;;0.133333;0.2;0.1;0.04714;[0.1, 0.2, 0.1];0.233333;0.3;0.2;0.04714;[0.2, 0.3, 0.2];0.433333;0.5;0.4;0.04714;[0.4, 0.5, 0.4];0.333333;0.4;0.3;0.04714;[0.3, 0.4, 0.3];0.133333;0.2;0.1;0.04714;[0.1, 0.2, 0.1];;neurosity_session_20250613_175613;;
2025-06-13T17:56:48.057025;1749851808.057025;34.747013;;;;;;;0.133333;0.2;0.1;0.04714;[0.1, 0.2, 0.1];0.233333;0.3;0.2;0.04714;[0.2, 0.3, 0.2];0.433333;0.5;0.4;0.04714;[0.4, 0.5, 0.4];0.333333;0.4;0.3;0.04714;[0.3, 0.4, 0.3];0.133333;0.2;0.1;0.04714;[0.1, 0.2, 0.1];;neurosity_session_20250613_175613;;
2025-06-13T17:56:48.108093;1749851808.108093;34.798081;;;;;;;0.133333;0.2;0.1;0.04714;[0.1, 0.2, 0.1];0.233333;0.3;0.2;0.04714;[0.2, 0.3, 0.2];0.433333;0.5;0.4;0.04714;[0.4, 0.5, 0.4];0.333333;0.4;0.3;0.04714;[0.3, 0.4, 0.3];0.133333;0.2;0.1;0.04714;[0.1, 0.2, 0.1];;neurosity_session_20250613_175613;;
2025-06-13T17:56:48.108847;1749851808.108847;34.798835;;;;;;;0.133333;0.2;0.1;0.04714;[0.1, 0.2, 0.1];0.233333;0.3;0.2;0.04714;[0.2, 0.3, 0.2];0.433333;0.5;0.4;0.04714;[0.4, 0.5, 0.4];0.333333;0.4;0.3;0.04714;[0.3, 0.4, 0.3];0.133333;0.2;0.1;0.04714;[0.1, 0.2, 0.1];;neurosity_session_20250613_175613;;
2025-06-13T17:56:48.159921;1749851808.159921;34.849909;;;;;;;0.133333;0.2;0.1;0.04714;[0.1, 0.2, 0.1];0.233333;0.3;0.2;0.04714;[0.2, 0.3, 0.2];0.433333;0.5;0.4;0.04714;[0.4, 0.5, 0.4];0.333333;0.4;0.3;0.04714;[0.3, 0.4, 0.3];0.133333;0.2;0.1;0.04714;[0.1, 0.2, 0.1];;neurosity_session_20250613_175613;;
2025-06-13T17:56:48.211359;1749851808.211359;34.901347;;;;;;;0.133333;0.2;0.1;0.04714;[0.1, 0.2, 0.1];0.233333;0.3;0.2;0.04714;[0.2, 0.3, 0.2];0.433333;0.5;0.4;0.04714;[0.4, 0.5, 0.4];0.333333;0.4;0.3;0.04714;[0.3, 0.4, 0.3];0.133333;0.2;0.1;0.04714;[0.1, 0.2, 0.1];;neurosity_session_20250613_175613;;
2025-06-13T17:56:48.263106;1749851808.263106;34.953094;;;;;;;0.133333;0.2;0.1;0.04714;[0.1, 0.2, 0.1];0.233333;0.3;0.2;0.04714;[0.2, 0.3, 0.2];0.433333;0.5;0.4;0.04714;[0.4, 0.5, 0.4];0.333333;0.4;0.3;0.04714;[0.3, 0.4, 0.3];0.133333;0.2;0.1;0.04714;[0.1, 0.2, 0.1];;neurosity_session_20250613_175613;;
2025-06-13T17:56:48.264097;1749851808.264097;34.954085;;;;;;;0.133333;0.2;0.1;0.04714;[0.1, 0.2, 0.1];0.233333;0.3;0.2;0.04714;[0.2, 0.3, 0.2];0.433333;0.5;0.4;0.04714;[0.4, 0.5, 0.4];0.333333;0.4;0.3;0.04714;[0.3, 0.4, 0.3];0.133333;0.2;0.1;0.04714;[0.1, 0.2, 0.1];;neurosity_session_20250613_175613;;
2025-06-13T17:56:48.365930;1749851808.36593;35.055918;;;;;;;0.133333;0.2;0.1;0.04714;[0.1, 0.2, 0.1];0.233333;0.3;0.2;0.04714;[0.2, 0.3, 0.2];0.433333;0.5;0.4;0.04714;[0.4, 0.5, 0.4];0.333333;0.4;0.3;0.04714;[0.3, 0.4, 0.3];0.133333;0.2;0.1;0.04714;[0.1, 0.2, 0.1];;neurosity_session_20250613_175613;;
2025-06-13T17:56:48.366457;1749851808.366457;35.056445;;;0.3868440097818712;38.68440097818712;;;;;;;;;;;;;;;;;;;;;;;;;;;;;neurosity_session_20250613_175613;;
2025-06-13T17:56:48.366862;1749851808.366862;35.05685;0.8085421715166006;80.85421715166005;;;;;;;;;;;;;;;;;;;;;;;;;;;;;;;neurosity_session_20250613_175613;;
2025-06-13T17:56:48.417852;1749851808.417852;35.10784;;;;;;;0.133333;0.2;0.1;0.04714;[0.1, 0.2, 0.1];0.233333;0.3;0.2;0.04714;[0.2, 0.3, 0.2];0.433333;0.5;0.4;0.04714;[0.4, 0.5, 0.4];0.333333;0.4;0.3;0.04714;[0.3, 0.4, 0.3];0.133333;0.2;0.1;0.04714;[0.1, 0.2, 0.1];;neurosity_session_20250613_175613;;
2025-06-13T17:56:48.468870;1749851808.46887;35.158858;;;;;;;0.133333;0.2;0.1;0.04714;[0.1, 0.2, 0.1];0.233333;0.3;0.2;0.04714;[0.2, 0.3, 0.2];0.433333;0.5;0.4;0.04714;[0.4, 0.5, 0.4];0.333333;0.4;0.3;0.04714;[0.3, 0.4, 0.3];0.133333;0.2;0.1;0.04714;[0.1, 0.2, 0.1];;neurosity_session_20250613_175613;;
2025-06-13T17:56:48.469431;1749851808.469431;35.159419;;;;;;;0.133333;0.2;0.1;0.04714;[0.1, 0.2, 0.1];0.233333;0.3;0.2;0.04714;[0.2, 0.3, 0.2];0.433333;0.5;0.4;0.04714;[0.4, 0.5, 0.4];0.333333;0.4;0.3;0.04714;[0.3, 0.4, 0.3];0.133333;0.2;0.1;0.04714;[0.1, 0.2, 0.1];;neurosity_session_20250613_175613;;
2025-06-13T17:56:48.520500;1749851808.5205;35.210488;;;;;;;0.133333;0.2;0.1;0.04714;[0.1, 0.2, 0.1];0.233333;0.3;0.2;0.04714;[0.2, 0.3, 0.2];0.433333;0.5;0.4;0.04714;[0.4, 0.5, 0.4];0.333333;0.4;0.3;0.04714;[0.3, 0.4, 0.3];0.133333;0.2;0.1;0.04714;[0.1, 0.2, 0.1];;neurosity_session_20250613_175613;;
2025-06-13T17:56:48.571593;1749851808.571593;35.261581;;;;;;;0.133333;0.2;0.1;0.04714;[0.1, 0.2, 0.1];0.233333;0.3;0.2;0.04714;[0.2, 0.3, 0.2];0.433333;0.5;0.4;0.04714;[0.4, 0.5, 0.4];0.333333;0.4;0.3;0.04714;[0.3, 0.4, 0.3];0.133333;0.2;0.1;0.04714;[0.1, 0.2, 0.1];;neurosity_session_20250613_175613;;
2025-06-13T17:56:48.572317;1749851808.572317;35.262305;;;;;;;0.133333;0.2;0.1;0.04714;[0.1, 0.2, 0.1];0.233333;0.3;0.2;0.04714;[0.2, 0.3, 0.2];0.433333;0.5;0.4;0.04714;[0.4, 0.5, 0.4];0.333333;0.4;0.3;0.04714;[0.3, 0.4, 0.3];0.133333;0.2;0.1;0.04714;[0.1, 0.2, 0.1];;neurosity_session_20250613_175613;;
2025-06-13T17:56:48.623409;1749851808.623409;35.313397;;;;;;;0.133333;0.2;0.1;0.04714;[0.1, 0.2, 0.1];0.233333;0.3;0.2;0.04714;[0.2, 0.3, 0.2];0.433333;0.5;0.4;0.04714;[0.4, 0.5, 0.4];0.333333;0.4;0.3;0.04714;[0.3, 0.4, 0.3];0.133333;0.2;0.1;0.04714;[0.1, 0.2, 0.1];;neurosity_session_20250613_175613;;
2025-06-13T17:56:48.724793;1749851808.724793;35.414781;;;;;;;0.133333;0.2;0.1;0.04714;[0.1, 0.2, 0.1];0.233333;0.3;0.2;0.04714;[0.2, 0.3, 0.2];0.433333;0.5;0.4;0.04714;[0.4, 0.5, 0.4];0.333333;0.4;0.3;0.04714;[0.3, 0.4, 0.3];0.133333;0.2;0.1;0.04714;[0.1, 0.2, 0.1];;neurosity_session_20250613_175613;;
2025-06-13T17:56:48.775624;1749851808.775624;35.465612;;;;;;;0.133333;0.2;0.1;0.04714;[0.1, 0.2, 0.1];0.233333;0.3;0.2;0.04714;[0.2, 0.3, 0.2];0.433333;0.5;0.4;0.04714;[0.4, 0.5, 0.4];0.333333;0.4;0.3;0.04714;[0.3, 0.4, 0.3];0.133333;0.2;0.1;0.04714;[0.1, 0.2, 0.1];;neurosity_session_20250613_175613;;
2025-06-13T17:56:48.775995;1749851808.775995;35.465983;;;;;;;0.133333;0.2;0.1;0.04714;[0.1, 0.2, 0.1];0.233333;0.3;0.2;0.04714;[0.2, 0.3, 0.2];0.433333;0.5;0.4;0.04714;[0.4, 0.5, 0.4];0.333333;0.4;0.3;0.04714;[0.3, 0.4, 0.3];0.133333;0.2;0.1;0.04714;[0.1, 0.2, 0.1];;neurosity_session_20250613_175613;;
2025-06-13T17:56:48.827236;1749851808.827236;35.517224;;;;;;;0.133333;0.2;0.1;0.04714;[0.1, 0.2, 0.1];0.233333;0.3;0.2;0.04714;[0.2, 0.3, 0.2];0.433333;0.5;0.4;0.04714;[0.4, 0.5, 0.4];0.333333;0.4;0.3;0.04714;[0.3, 0.4, 0.3];0.133333;0.2;0.1;0.04714;[0.1, 0.2, 0.1];;neurosity_session_20250613_175613;;
2025-06-13T17:56:48.827611;1749851808.827611;35.517599;;;;;;;0.133333;0.2;0.1;0.04714;[0.1, 0.2, 0.1];0.233333;0.3;0.2;0.04714;[0.2, 0.3, 0.2];0.433333;0.5;0.4;0.04714;[0.4, 0.5, 0.4];0.333333;0.4;0.3;0.04714;[0.3, 0.4, 0.3];0.133333;0.2;0.1;0.04714;[0.1, 0.2, 0.1];;neurosity_session_20250613_175613;;
2025-06-13T17:56:48.878390;1749851808.87839;35.568378;;;;;;;0.133333;0.2;0.1;0.04714;[0.1, 0.2, 0.1];0.233333;0.3;0.2;0.04714;[0.2, 0.3, 0.2];0.433333;0.5;0.4;0.04714;[0.4, 0.5, 0.4];0.333333;0.4;0.3;0.04714;[0.3, 0.4, 0.3];0.133333;0.2;0.1;0.04714;[0.1, 0.2, 0.1];;neurosity_session_20250613_175613;;
2025-06-13T17:56:48.979867;1749851808.979867;35.669855;;;;;;;0.133333;0.2;0.1;0.04714;[0.1, 0.2, 0.1];0.233333;0.3;0.2;0.04714;[0.2, 0.3, 0.2];0.433333;0.5;0.4;0.04714;[0.4, 0.5, 0.4];0.333333;0.4;0.3;0.04714;[0.3, 0.4, 0.3];0.133333;0.2;0.1;0.04714;[0.1, 0.2, 0.1];;neurosity_session_20250613_175613;;
2025-06-13T17:56:48.980058;1749851808.980058;35.670046;;;;;;;0.133333;0.2;0.1;0.04714;[0.1, 0.2, 0.1];0.233333;0.3;0.2;0.04714;[0.2, 0.3, 0.2];0.433333;0.5;0.4;0.04714;[0.4, 0.5, 0.4];0.333333;0.4;0.3;0.04714;[0.3, 0.4, 0.3];0.133333;0.2;0.1;0.04714;[0.1, 0.2, 0.1];;neurosity_session_20250613_175613;;
2025-06-13T17:56:49.031153;1749851809.031153;35.721141;;;;;;;0.133333;0.2;0.1;0.04714;[0.1, 0.2, 0.1];0.233333;0.3;0.2;0.04714;[0.2, 0.3, 0.2];0.433333;0.5;0.4;0.04714;[0.4, 0.5, 0.4];0.333333;0.4;0.3;0.04714;[0.3, 0.4, 0.3];0.133333;0.2;0.1;0.04714;[0.1, 0.2, 0.1];;neurosity_session_20250613_175613;;
2025-06-13T17:56:49.031577;1749851809.031577;35.721565;;;;;;;0.133333;0.2;0.1;0.04714;[0.1, 0.2, 0.1];0.233333;0.3;0.2;0.04714;[0.2, 0.3, 0.2];0.433333;0.5;0.4;0.04714;[0.4, 0.5, 0.4];0.333333;0.4;0.3;0.04714;[0.3, 0.4, 0.3];0.133333;0.2;0.1;0.04714;[0.1, 0.2, 0.1];;neurosity_session_20250613_175613;;
2025-06-13T17:56:49.082373;1749851809.082373;35.772361;;;;;;;0.133333;0.2;0.1;0.04714;[0.1, 0.2, 0.1];0.233333;0.3;0.2;0.04714;[0.2, 0.3, 0.2];0.433333;0.5;0.4;0.04714;[0.4, 0.5, 0.4];0.333333;0.4;0.3;0.04714;[0.3, 0.4, 0.3];0.133333;0.2;0.1;0.04714;[0.1, 0.2, 0.1];;neurosity_session_20250613_175613;;
2025-06-13T17:56:49.184737;1749851809.184737;35.874725;;;;;;;0.133333;0.2;0.1;0.04714;[0.1, 0.2, 0.1];0.233333;0.3;0.2;0.04714;[0.2, 0.3, 0.2];0.433333;0.5;0.4;0.04714;[0.4, 0.5, 0.4];0.333333;0.4;0.3;0.04714;[0.3, 0.4, 0.3];0.133333;0.2;0.1;0.04714;[0.1, 0.2, 0.1];;neurosity_session_20250613_175613;;
2025-06-13T17:56:49.235799;1749851809.235799;35.925787;;;;;;;0.133333;0.2;0.1;0.04714;[0.1, 0.2, 0.1];0.233333;0.3;0.2;0.04714;[0.2, 0.3, 0.2];0.433333;0.5;0.4;0.04714;[0.4, 0.5, 0.4];0.333333;0.4;0.3;0.04714;[0.3, 0.4, 0.3];0.133333;0.2;0.1;0.04714;[0.1, 0.2, 0.1];;neurosity_session_20250613_175613;;
2025-06-13T17:56:49.236312;1749851809.236312;35.9263;;;;;;;0.133333;0.2;0.1;0.04714;[0.1, 0.2, 0.1];0.233333;0.3;0.2;0.04714;[0.2, 0.3, 0.2];0.433333;0.5;0.4;0.04714;[0.4, 0.5, 0.4];0.333333;0.4;0.3;0.04714;[0.3, 0.4, 0.3];0.133333;0.2;0.1;0.04714;[0.1, 0.2, 0.1];;neurosity_session_20250613_175613;;
2025-06-13T17:56:49.287020;1749851809.28702;35.977008;;;;;;;0.133333;0.2;0.1;0.04714;[0.1, 0.2, 0.1];0.233333;0.3;0.2;0.04714;[0.2, 0.3, 0.2];0.433333;0.5;0.4;0.04714;[0.4, 0.5, 0.4];0.333333;0.4;0.3;0.04714;[0.3, 0.4, 0.3];0.133333;0.2;0.1;0.04714;[0.1, 0.2, 0.1];;neurosity_session_20250613_175613;;
2025-06-13T17:56:49.337879;1749851809.337879;36.027867;;;;;;;0.133333;0.2;0.1;0.04714;[0.1, 0.2, 0.1];0.233333;0.3;0.2;0.04714;[0.2, 0.3, 0.2];0.433333;0.5;0.4;0.04714;[0.4, 0.5, 0.4];0.333333;0.4;0.3;0.04714;[0.3, 0.4, 0.3];0.133333;0.2;0.1;0.04714;[0.1, 0.2, 0.1];;neurosity_session_20250613_175613;;
2025-06-13T17:56:49.389010;1749851809.38901;36.078998;;;;;;;0.133333;0.2;0.1;0.04714;[0.1, 0.2, 0.1];0.233333;0.3;0.2;0.04714;[0.2, 0.3, 0.2];0.433333;0.5;0.4;0.04714;[0.4, 0.5, 0.4];0.333333;0.4;0.3;0.04714;[0.3, 0.4, 0.3];0.133333;0.2;0.1;0.04714;[0.1, 0.2, 0.1];;neurosity_session_20250613_175613;;
2025-06-13T17:56:49.390629;1749851809.390629;36.080617;;;0.40794564355898355;40.79456435589835;;;;;;;;;;;;;;;;;;;;;;;;;;;;;neurosity_session_20250613_175613;;
2025-06-13T17:56:49.444037;1749851809.444037;36.134025;;;;;;;0.133333;0.2;0.1;0.04714;[0.1, 0.2, 0.1];0.233333;0.3;0.2;0.04714;[0.2, 0.3, 0.2];0.433333;0.5;0.4;0.04714;[0.4, 0.5, 0.4];0.333333;0.4;0.3;0.04714;[0.3, 0.4, 0.3];0.133333;0.2;0.1;0.04714;[0.1, 0.2, 0.1];;neurosity_session_20250613_175613;;
2025-06-13T17:56:49.446475;1749851809.446475;36.136463;0.828290126960155;82.8290126960155;;;;;;;;;;;;;;;;;;;;;;;;;;;;;;;neurosity_session_20250613_175613;;
2025-06-13T17:56:49.498521;1749851809.498521;36.188509;;;;;;;0.133333;0.2;0.1;0.04714;[0.1, 0.2, 0.1];0.233333;0.3;0.2;0.04714;[0.2, 0.3, 0.2];0.433333;0.5;0.4;0.04714;[0.4, 0.5, 0.4];0.333333;0.4;0.3;0.04714;[0.3, 0.4, 0.3];0.133333;0.2;0.1;0.04714;[0.1, 0.2, 0.1];;neurosity_session_20250613_175613;;
2025-06-13T17:56:49.600701;1749851809.600701;36.290689;;;;;;;0.133333;0.2;0.1;0.04714;[0.1, 0.2, 0.1];0.233333;0.3;0.2;0.04714;[0.2, 0.3, 0.2];0.433333;0.5;0.4;0.04714;[0.4, 0.5, 0.4];0.333333;0.4;0.3;0.04714;[0.3, 0.4, 0.3];0.133333;0.2;0.1;0.04714;[0.1, 0.2, 0.1];;neurosity_session_20250613_175613;;
2025-06-13T17:56:49.704563;1749851809.704563;36.394551;;;;;;;0.133333;0.2;0.1;0.04714;[0.1, 0.2, 0.1];0.233333;0.3;0.2;0.04714;[0.2, 0.3, 0.2];0.433333;0.5;0.4;0.04714;[0.4, 0.5, 0.4];0.333333;0.4;0.3;0.04714;[0.3, 0.4, 0.3];0.133333;0.2;0.1;0.04714;[0.1, 0.2, 0.1];;neurosity_session_20250613_175613;;
2025-06-13T17:56:49.840203;1749851809.840203;36.530191;;;;;;;0.133333;0.2;0.1;0.04714;[0.1, 0.2, 0.1];0.233333;0.3;0.2;0.04714;[0.2, 0.3, 0.2];0.433333;0.5;0.4;0.04714;[0.4, 0.5, 0.4];0.333333;0.4;0.3;0.04714;[0.3, 0.4, 0.3];0.133333;0.2;0.1;0.04714;[0.1, 0.2, 0.1];;neurosity_session_20250613_175613;;
2025-06-13T17:56:50.155639;1749851810.155639;36.845627;;;;;;;0.133333;0.2;0.1;0.04714;[0.1, 0.2, 0.1];0.233333;0.3;0.2;0.04714;[0.2, 0.3, 0.2];0.433333;0.5;0.4;0.04714;[0.4, 0.5, 0.4];0.333333;0.4;0.3;0.04714;[0.3, 0.4, 0.3];0.133333;0.2;0.1;0.04714;[0.1, 0.2, 0.1];;neurosity_session_20250613_175613;;
2025-06-13T17:56:50.314646;1749851810.314646;37.004634;;;;;;;0.133333;0.2;0.1;0.04714;[0.1, 0.2, 0.1];0.233333;0.3;0.2;0.04714;[0.2, 0.3, 0.2];0.433333;0.5;0.4;0.04714;[0.4, 0.5, 0.4];0.333333;0.4;0.3;0.04714;[0.3, 0.4, 0.3];0.133333;0.2;0.1;0.04714;[0.1, 0.2, 0.1];;neurosity_session_20250613_175613;;
2025-06-13T17:56:50.366332;1749851810.366332;37.05632;;;;;;;0.133333;0.2;0.1;0.04714;[0.1, 0.2, 0.1];0.233333;0.3;0.2;0.04714;[0.2, 0.3, 0.2];0.433333;0.5;0.4;0.04714;[0.4, 0.5, 0.4];0.333333;0.4;0.3;0.04714;[0.3, 0.4, 0.3];0.133333;0.2;0.1;0.04714;[0.1, 0.2, 0.1];;neurosity_session_20250613_175613;;
2025-06-13T17:56:50.467742;1749851810.467742;37.15773;;;;;;;0.133333;0.2;0.1;0.04714;[0.1, 0.2, 0.1];0.233333;0.3;0.2;0.04714;[0.2, 0.3, 0.2];0.433333;0.5;0.4;0.04714;[0.4, 0.5, 0.4];0.333333;0.4;0.3;0.04714;[0.3, 0.4, 0.3];0.133333;0.2;0.1;0.04714;[0.1, 0.2, 0.1];;neurosity_session_20250613_175613;;
2025-06-13T17:56:50.518970;1749851810.51897;37.208958;;;;;;;0.133333;0.2;0.1;0.04714;[0.1, 0.2, 0.1];0.233333;0.3;0.2;0.04714;[0.2, 0.3, 0.2];0.433333;0.5;0.4;0.04714;[0.4, 0.5, 0.4];0.333333;0.4;0.3;0.04714;[0.3, 0.4, 0.3];0.133333;0.2;0.1;0.04714;[0.1, 0.2, 0.1];;neurosity_session_20250613_175613;;
2025-06-13T17:56:50.569958;1749851810.569958;37.259946;;;;;;;0.133333;0.2;0.1;0.04714;[0.1, 0.2, 0.1];0.233333;0.3;0.2;0.04714;[0.2, 0.3, 0.2];0.433333;0.5;0.4;0.04714;[0.4, 0.5, 0.4];0.333333;0.4;0.3;0.04714;[0.3, 0.4, 0.3];0.133333;0.2;0.1;0.04714;[0.1, 0.2, 0.1];;neurosity_session_20250613_175613;;
2025-06-13T17:56:50.570577;1749851810.570577;37.260565;;;;;;;0.133333;0.2;0.1;0.04714;[0.1, 0.2, 0.1];0.233333;0.3;0.2;0.04714;[0.2, 0.3, 0.2];0.433333;0.5;0.4;0.04714;[0.4, 0.5, 0.4];0.333333;0.4;0.3;0.04714;[0.3, 0.4, 0.3];0.133333;0.2;0.1;0.04714;[0.1, 0.2, 0.1];;neurosity_session_20250613_175613;;
2025-06-13T17:56:50.621513;1749851810.621513;37.311501;;;;;;;0.133333;0.2;0.1;0.04714;[0.1, 0.2, 0.1];0.233333;0.3;0.2;0.04714;[0.2, 0.3, 0.2];0.433333;0.5;0.4;0.04714;[0.4, 0.5, 0.4];0.333333;0.4;0.3;0.04714;[0.3, 0.4, 0.3];0.133333;0.2;0.1;0.04714;[0.1, 0.2, 0.1];;neurosity_session_20250613_175613;;
2025-06-13T17:56:50.672373;1749851810.672373;37.362361;;;;;;;0.133333;0.2;0.1;0.04714;[0.1, 0.2, 0.1];0.233333;0.3;0.2;0.04714;[0.2, 0.3, 0.2];0.433333;0.5;0.4;0.04714;[0.4, 0.5, 0.4];0.333333;0.4;0.3;0.04714;[0.3, 0.4, 0.3];0.133333;0.2;0.1;0.04714;[0.1, 0.2, 0.1];;neurosity_session_20250613_175613;;
2025-06-13T17:56:50.672641;1749851810.672641;37.362629;0.7727963561034529;77.27963561034528;;;;;;;;;;;;;;;;;;;;;;;;;;;;;;;neurosity_session_20250613_175613;;
2025-06-13T17:56:50.723603;1749851810.723603;37.413591;;;0.36374164224433;36.374164224432995;;;;;;;;;;;;;;;;;;;;;;;;;;;;;neurosity_session_20250613_175613;;
2025-06-13T17:56:50.724480;1749851810.72448;37.414468;;;;;;;0.133333;0.2;0.1;0.04714;[0.1, 0.2, 0.1];0.233333;0.3;0.2;0.04714;[0.2, 0.3, 0.2];0.433333;0.5;0.4;0.04714;[0.4, 0.5, 0.4];0.333333;0.4;0.3;0.04714;[0.3, 0.4, 0.3];0.133333;0.2;0.1;0.04714;[0.1, 0.2, 0.1];;neurosity_session_20250613_175613;;
2025-06-13T17:56:50.725073;1749851810.725073;37.415061;;;;;;;0.133333;0.2;0.1;0.04714;[0.1, 0.2, 0.1];0.233333;0.3;0.2;0.04714;[0.2, 0.3, 0.2];0.433333;0.5;0.4;0.04714;[0.4, 0.5, 0.4];0.333333;0.4;0.3;0.04714;[0.3, 0.4, 0.3];0.133333;0.2;0.1;0.04714;[0.1, 0.2, 0.1];;neurosity_session_20250613_175613;;
2025-06-13T17:56:50.827246;1749851810.827246;37.517234;;;;;;;0.133333;0.2;0.1;0.04714;[0.1, 0.2, 0.1];0.233333;0.3;0.2;0.04714;[0.2, 0.3, 0.2];0.433333;0.5;0.4;0.04714;[0.4, 0.5, 0.4];0.333333;0.4;0.3;0.04714;[0.3, 0.4, 0.3];0.133333;0.2;0.1;0.04714;[0.1, 0.2, 0.1];;neurosity_session_20250613_175613;;
2025-06-13T17:56:50.878638;1749851810.878638;37.568626;;;;;;;0.133333;0.2;0.1;0.04714;[0.1, 0.2, 0.1];0.233333;0.3;0.2;0.04714;[0.2, 0.3, 0.2];0.433333;0.5;0.4;0.04714;[0.4, 0.5, 0.4];0.333333;0.4;0.3;0.04714;[0.3, 0.4, 0.3];0.133333;0.2;0.1;0.04714;[0.1, 0.2, 0.1];;neurosity_session_20250613_175613;;
2025-06-13T17:56:50.930022;1749851810.930022;37.62001;;;;;;;0.133333;0.2;0.1;0.04714;[0.1, 0.2, 0.1];0.233333;0.3;0.2;0.04714;[0.2, 0.3, 0.2];0.433333;0.5;0.4;0.04714;[0.4, 0.5, 0.4];0.333333;0.4;0.3;0.04714;[0.3, 0.4, 0.3];0.133333;0.2;0.1;0.04714;[0.1, 0.2, 0.1];;neurosity_session_20250613_175613;;
2025-06-13T17:56:50.980906;1749851810.980906;37.670894;;;;;;;0.133333;0.2;0.1;0.04714;[0.1, 0.2, 0.1];0.233333;0.3;0.2;0.04714;[0.2, 0.3, 0.2];0.433333;0.5;0.4;0.04714;[0.4, 0.5, 0.4];0.333333;0.4;0.3;0.04714;[0.3, 0.4, 0.3];0.133333;0.2;0.1;0.04714;[0.1, 0.2, 0.1];;neurosity_session_20250613_175613;;
2025-06-13T17:56:51.032411;1749851811.032411;37.722399;;;;;;;0.133333;0.2;0.1;0.04714;[0.1, 0.2, 0.1];0.233333;0.3;0.2;0.04714;[0.2, 0.3, 0.2];0.433333;0.5;0.4;0.04714;[0.4, 0.5, 0.4];0.333333;0.4;0.3;0.04714;[0.3, 0.4, 0.3];0.133333;0.2;0.1;0.04714;[0.1, 0.2, 0.1];;neurosity_session_20250613_175613;;
2025-06-13T17:56:52.002954;1749851812.002954;38.692942;0.5853459590097756;58.53459590097756;;;;;;;;;;;;;;;;;;;;;;;;;;;;;;;neurosity_session_20250613_175613;;
2025-06-13T17:56:52.003239;1749851812.003239;38.693227;;;0.4711506002589427;47.115060025894266;;;;;;;;;;;;;;;;;;;;;;;;;;;;;neurosity_session_20250613_175613;;
2025-06-13T17:56:52.054063;1749851812.054063;38.744051;;;;;;;0.133333;0.2;0.1;0.04714;[0.1, 0.2, 0.1];0.233333;0.3;0.2;0.04714;[0.2, 0.3, 0.2];0.433333;0.5;0.4;0.04714;[0.4, 0.5, 0.4];0.333333;0.4;0.3;0.04714;[0.3, 0.4, 0.3];0.133333;0.2;0.1;0.04714;[0.1, 0.2, 0.1];;neurosity_session_20250613_175613;;
2025-06-13T17:56:52.054591;1749851812.054591;38.744579;;;;;;;0.133333;0.2;0.1;0.04714;[0.1, 0.2, 0.1];0.233333;0.3;0.2;0.04714;[0.2, 0.3, 0.2];0.433333;0.5;0.4;0.04714;[0.4, 0.5, 0.4];0.333333;0.4;0.3;0.04714;[0.3, 0.4, 0.3];0.133333;0.2;0.1;0.04714;[0.1, 0.2, 0.1];;neurosity_session_20250613_175613;;
2025-06-13T17:56:52.106224;1749851812.106224;38.796212;;;;;;;0.133333;0.2;0.1;0.04714;[0.1, 0.2, 0.1];0.233333;0.3;0.2;0.04714;[0.2, 0.3, 0.2];0.433333;0.5;0.4;0.04714;[0.4, 0.5, 0.4];0.333333;0.4;0.3;0.04714;[0.3, 0.4, 0.3];0.133333;0.2;0.1;0.04714;[0.1, 0.2, 0.1];;neurosity_session_20250613_175613;;
2025-06-13T17:56:52.208699;1749851812.208699;38.898687;;;;;;;0.133333;0.2;0.1;0.04714;[0.1, 0.2, 0.1];0.233333;0.3;0.2;0.04714;[0.2, 0.3, 0.2];0.433333;0.5;0.4;0.04714;[0.4, 0.5, 0.4];0.333333;0.4;0.3;0.04714;[0.3, 0.4, 0.3];0.133333;0.2;0.1;0.04714;[0.1, 0.2, 0.1];;neurosity_session_20250613_175613;;
2025-06-13T17:56:52.209201;1749851812.209201;38.899189;0.6587697822587465;65.87697822587465;;;;;;;;;;;;;;;;;;;;;;;;;;;;;;;neurosity_session_20250613_175613;;
2025-06-13T17:56:52.259840;1749851812.25984;38.949828;;;;;;;0.133333;0.2;0.1;0.04714;[0.1, 0.2, 0.1];0.233333;0.3;0.2;0.04714;[0.2, 0.3, 0.2];0.433333;0.5;0.4;0.04714;[0.4, 0.5, 0.4];0.333333;0.4;0.3;0.04714;[0.3, 0.4, 0.3];0.133333;0.2;0.1;0.04714;[0.1, 0.2, 0.1];;neurosity_session_20250613_175613;;
2025-06-13T17:56:52.260183;1749851812.260183;38.950171;;;;;;;0.133333;0.2;0.1;0.04714;[0.1, 0.2, 0.1];0.233333;0.3;0.2;0.04714;[0.2, 0.3, 0.2];0.433333;0.5;0.4;0.04714;[0.4, 0.5, 0.4];0.333333;0.4;0.3;0.04714;[0.3, 0.4, 0.3];0.133333;0.2;0.1;0.04714;[0.1, 0.2, 0.1];;neurosity_session_20250613_175613;;
2025-06-13T17:56:52.311161;1749851812.311161;39.001149;;;;;;;0.133333;0.2;0.1;0.04714;[0.1, 0.2, 0.1];0.233333;0.3;0.2;0.04714;[0.2, 0.3, 0.2];0.433333;0.5;0.4;0.04714;[0.4, 0.5, 0.4];0.333333;0.4;0.3;0.04714;[0.3, 0.4, 0.3];0.133333;0.2;0.1;0.04714;[0.1, 0.2, 0.1];;neurosity_session_20250613_175613;;
2025-06-13T17:56:52.311601;1749851812.311601;39.001589;;;;;;;0.133333;0.2;0.1;0.04714;[0.1, 0.2, 0.1];0.233333;0.3;0.2;0.04714;[0.2, 0.3, 0.2];0.433333;0.5;0.4;0.04714;[0.4, 0.5, 0.4];0.333333;0.4;0.3;0.04714;[0.3, 0.4, 0.3];0.133333;0.2;0.1;0.04714;[0.1, 0.2, 0.1];;neurosity_session_20250613_175613;;
2025-06-13T17:56:52.362356;1749851812.362356;39.052344;;;;;;;0.133333;0.2;0.1;0.04714;[0.1, 0.2, 0.1];0.233333;0.3;0.2;0.04714;[0.2, 0.3, 0.2];0.433333;0.5;0.4;0.04714;[0.4, 0.5, 0.4];0.333333;0.4;0.3;0.04714;[0.3, 0.4, 0.3];0.133333;0.2;0.1;0.04714;[0.1, 0.2, 0.1];;neurosity_session_20250613_175613;;
2025-06-13T17:56:52.362760;1749851812.36276;39.052748;;;0.3941284888350361;39.41284888350361;;;;;;;;;;;;;;;;;;;;;;;;;;;;;neurosity_session_20250613_175613;;
2025-06-13T17:56:52.413481;1749851812.413481;39.103469;;;;;;;0.133333;0.2;0.1;0.04714;[0.1, 0.2, 0.1];0.233333;0.3;0.2;0.04714;[0.2, 0.3, 0.2];0.433333;0.5;0.4;0.04714;[0.4, 0.5, 0.4];0.333333;0.4;0.3;0.04714;[0.3, 0.4, 0.3];0.133333;0.2;0.1;0.04714;[0.1, 0.2, 0.1];;neurosity_session_20250613_175613;;
2025-06-13T17:56:52.414123;1749851812.414123;39.104111;;;;;;;0.133333;0.2;0.1;0.04714;[0.1, 0.2, 0.1];0.233333;0.3;0.2;0.04714;[0.2, 0.3, 0.2];0.433333;0.5;0.4;0.04714;[0.4, 0.5, 0.4];0.333333;0.4;0.3;0.04714;[0.3, 0.4, 0.3];0.133333;0.2;0.1;0.04714;[0.1, 0.2, 0.1];;neurosity_session_20250613_175613;;
2025-06-13T17:56:52.465511;1749851812.465511;39.155499;;;;;;;0.133333;0.2;0.1;0.04714;[0.1, 0.2, 0.1];0.233333;0.3;0.2;0.04714;[0.2, 0.3, 0.2];0.433333;0.5;0.4;0.04714;[0.4, 0.5, 0.4];0.333333;0.4;0.3;0.04714;[0.3, 0.4, 0.3];0.133333;0.2;0.1;0.04714;[0.1, 0.2, 0.1];;neurosity_session_20250613_175613;;
2025-06-13T17:56:52.516750;1749851812.51675;39.206738;;;;;;;0.133333;0.2;0.1;0.04714;[0.1, 0.2, 0.1];0.233333;0.3;0.2;0.04714;[0.2, 0.3, 0.2];0.433333;0.5;0.4;0.04714;[0.4, 0.5, 0.4];0.333333;0.4;0.3;0.04714;[0.3, 0.4, 0.3];0.133333;0.2;0.1;0.04714;[0.1, 0.2, 0.1];;neurosity_session_20250613_175613;;
2025-06-13T17:56:52.567603;1749851812.567603;39.257591;;;;;;;0.133333;0.2;0.1;0.04714;[0.1, 0.2, 0.1];0.233333;0.3;0.2;0.04714;[0.2, 0.3, 0.2];0.433333;0.5;0.4;0.04714;[0.4, 0.5, 0.4];0.333333;0.4;0.3;0.04714;[0.3, 0.4, 0.3];0.133333;0.2;0.1;0.04714;[0.1, 0.2, 0.1];;neurosity_session_20250613_175613;;
2025-06-13T17:56:52.618421;1749851812.618421;39.308409;;;;;;;0.133333;0.2;0.1;0.04714;[0.1, 0.2, 0.1];0.233333;0.3;0.2;0.04714;[0.2, 0.3, 0.2];0.433333;0.5;0.4;0.04714;[0.4, 0.5, 0.4];0.333333;0.4;0.3;0.04714;[0.3, 0.4, 0.3];0.133333;0.2;0.1;0.04714;[0.1, 0.2, 0.1];;neurosity_session_20250613_175613;;
2025-06-13T17:56:52.618618;1749851812.618618;39.308606;;;;;;;0.133333;0.2;0.1;0.04714;[0.1, 0.2, 0.1];0.233333;0.3;0.2;0.04714;[0.2, 0.3, 0.2];0.433333;0.5;0.4;0.04714;[0.4, 0.5, 0.4];0.333333;0.4;0.3;0.04714;[0.3, 0.4, 0.3];0.133333;0.2;0.1;0.04714;[0.1, 0.2, 0.1];;neurosity_session_20250613_175613;;
2025-06-13T17:56:52.669835;1749851812.669835;39.359823;;;;;;;0.133333;0.2;0.1;0.04714;[0.1, 0.2, 0.1];0.233333;0.3;0.2;0.04714;[0.2, 0.3, 0.2];0.433333;0.5;0.4;0.04714;[0.4, 0.5, 0.4];0.333333;0.4;0.3;0.04714;[0.3, 0.4, 0.3];0.133333;0.2;0.1;0.04714;[0.1, 0.2, 0.1];;neurosity_session_20250613_175613;;
2025-06-13T17:56:52.670556;1749851812.670556;39.360544;;;;;;;0.133333;0.2;0.1;0.04714;[0.1, 0.2, 0.1];0.233333;0.3;0.2;0.04714;[0.2, 0.3, 0.2];0.433333;0.5;0.4;0.04714;[0.4, 0.5, 0.4];0.333333;0.4;0.3;0.04714;[0.3, 0.4, 0.3];0.133333;0.2;0.1;0.04714;[0.1, 0.2, 0.1];;neurosity_session_20250613_175613;;
2025-06-13T17:56:52.721503;1749851812.721503;39.411491;;;;;;;0.133333;0.2;0.1;0.04714;[0.1, 0.2, 0.1];0.233333;0.3;0.2;0.04714;[0.2, 0.3, 0.2];0.433333;0.5;0.4;0.04714;[0.4, 0.5, 0.4];0.333333;0.4;0.3;0.04714;[0.3, 0.4, 0.3];0.133333;0.2;0.1;0.04714;[0.1, 0.2, 0.1];;neurosity_session_20250613_175613;;
2025-06-13T17:56:52.772612;1749851812.772612;39.4626;;;;;;;0.133333;0.2;0.1;0.04714;[0.1, 0.2, 0.1];0.233333;0.3;0.2;0.04714;[0.2, 0.3, 0.2];0.433333;0.5;0.4;0.04714;[0.4, 0.5, 0.4];0.333333;0.4;0.3;0.04714;[0.3, 0.4, 0.3];0.133333;0.2;0.1;0.04714;[0.1, 0.2, 0.1];;neurosity_session_20250613_175613;;
2025-06-13T17:56:52.773204;1749851812.773204;39.463192;;;;;;;0.133333;0.2;0.1;0.04714;[0.1, 0.2, 0.1];0.233333;0.3;0.2;0.04714;[0.2, 0.3, 0.2];0.433333;0.5;0.4;0.04714;[0.4, 0.5, 0.4];0.333333;0.4;0.3;0.04714;[0.3, 0.4, 0.3];0.133333;0.2;0.1;0.04714;[0.1, 0.2, 0.1];;neurosity_session_20250613_175613;;
2025-06-13T17:56:52.824096;1749851812.824096;39.514084;;;;;;;0.133333;0.2;0.1;0.04714;[0.1, 0.2, 0.1];0.233333;0.3;0.2;0.04714;[0.2, 0.3, 0.2];0.433333;0.5;0.4;0.04714;[0.4, 0.5, 0.4];0.333333;0.4;0.3;0.04714;[0.3, 0.4, 0.3];0.133333;0.2;0.1;0.04714;[0.1, 0.2, 0.1];;neurosity_session_20250613_175613;;
2025-06-13T17:56:52.875405;1749851812.875405;39.565393;;;;;;;0.133333;0.2;0.1;0.04714;[0.1, 0.2, 0.1];0.233333;0.3;0.2;0.04714;[0.2, 0.3, 0.2];0.433333;0.5;0.4;0.04714;[0.4, 0.5, 0.4];0.333333;0.4;0.3;0.04714;[0.3, 0.4, 0.3];0.133333;0.2;0.1;0.04714;[0.1, 0.2, 0.1];;neurosity_session_20250613_175613;;
2025-06-13T17:56:53.028694;1749851813.028694;39.718682;;;;;;;0.133333;0.2;0.1;0.04714;[0.1, 0.2, 0.1];0.233333;0.3;0.2;0.04714;[0.2, 0.3, 0.2];0.433333;0.5;0.4;0.04714;[0.4, 0.5, 0.4];0.333333;0.4;0.3;0.04714;[0.3, 0.4, 0.3];0.133333;0.2;0.1;0.04714;[0.1, 0.2, 0.1];;neurosity_session_20250613_175613;;
2025-06-13T17:56:53.132013;1749851813.132013;39.822001;;;;;;;0.133333;0.2;0.1;0.04714;[0.1, 0.2, 0.1];0.233333;0.3;0.2;0.04714;[0.2, 0.3, 0.2];0.433333;0.5;0.4;0.04714;[0.4, 0.5, 0.4];0.333333;0.4;0.3;0.04714;[0.3, 0.4, 0.3];0.133333;0.2;0.1;0.04714;[0.1, 0.2, 0.1];;neurosity_session_20250613_175613;;
2025-06-13T17:56:53.189917;1749851813.189917;39.879905;;;;;;;0.133333;0.2;0.1;0.04714;[0.1, 0.2, 0.1];0.233333;0.3;0.2;0.04714;[0.2, 0.3, 0.2];0.433333;0.5;0.4;0.04714;[0.4, 0.5, 0.4];0.333333;0.4;0.3;0.04714;[0.3, 0.4, 0.3];0.133333;0.2;0.1;0.04714;[0.1, 0.2, 0.1];;neurosity_session_20250613_175613;;
2025-06-13T17:56:53.225603;1749851813.225603;39.915591;0.7223957735087931;72.23957735087932;;;;;;;;;;;;;;;;;;;;;;;;;;;;;;;neurosity_session_20250613_175613;;
2025-06-13T17:56:53.277666;1749851813.277666;39.967654;;;0.3058974917374431;30.58974917374431;;;;;;;;;;;;;;;;;;;;;;;;;;;;;neurosity_session_20250613_175613;;
2025-06-13T17:56:53.329332;1749851813.329332;40.01932;;;;;;;0.133333;0.2;0.1;0.04714;[0.1, 0.2, 0.1];0.233333;0.3;0.2;0.04714;[0.2, 0.3, 0.2];0.433333;0.5;0.4;0.04714;[0.4, 0.5, 0.4];0.333333;0.4;0.3;0.04714;[0.3, 0.4, 0.3];0.133333;0.2;0.1;0.04714;[0.1, 0.2, 0.1];;neurosity_session_20250613_175613;;
2025-06-13T17:56:53.450730;1749851813.45073;40.140718;;;;;;;0.133333;0.2;0.1;0.04714;[0.1, 0.2, 0.1];0.233333;0.3;0.2;0.04714;[0.2, 0.3, 0.2];0.433333;0.5;0.4;0.04714;[0.4, 0.5, 0.4];0.333333;0.4;0.3;0.04714;[0.3, 0.4, 0.3];0.133333;0.2;0.1;0.04714;[0.1, 0.2, 0.1];;neurosity_session_20250613_175613;;
2025-06-13T17:56:53.636770;1749851813.63677;40.326758;;;;;;;0.133333;0.2;0.1;0.04714;[0.1, 0.2, 0.1];0.233333;0.3;0.2;0.04714;[0.2, 0.3, 0.2];0.433333;0.5;0.4;0.04714;[0.4, 0.5, 0.4];0.333333;0.4;0.3;0.04714;[0.3, 0.4, 0.3];0.133333;0.2;0.1;0.04714;[0.1, 0.2, 0.1];;neurosity_session_20250613_175613;;
2025-06-13T17:56:53.739439;1749851813.739439;40.429427;;;;;;;0.133333;0.2;0.1;0.04714;[0.1, 0.2, 0.1];0.233333;0.3;0.2;0.04714;[0.2, 0.3, 0.2];0.433333;0.5;0.4;0.04714;[0.4, 0.5, 0.4];0.333333;0.4;0.3;0.04714;[0.3, 0.4, 0.3];0.133333;0.2;0.1;0.04714;[0.1, 0.2, 0.1];;neurosity_session_20250613_175613;;
2025-06-13T17:56:53.841483;1749851813.841483;40.531471;;;;;;;0.133333;0.2;0.1;0.04714;[0.1, 0.2, 0.1];0.233333;0.3;0.2;0.04714;[0.2, 0.3, 0.2];0.433333;0.5;0.4;0.04714;[0.4, 0.5, 0.4];0.333333;0.4;0.3;0.04714;[0.3, 0.4, 0.3];0.133333;0.2;0.1;0.04714;[0.1, 0.2, 0.1];;neurosity_session_20250613_175613;;
2025-06-13T17:56:53.892868;1749851813.892868;40.582856;;;;;;;0.133333;0.2;0.1;0.04714;[0.1, 0.2, 0.1];0.233333;0.3;0.2;0.04714;[0.2, 0.3, 0.2];0.433333;0.5;0.4;0.04714;[0.4, 0.5, 0.4];0.333333;0.4;0.3;0.04714;[0.3, 0.4, 0.3];0.133333;0.2;0.1;0.04714;[0.1, 0.2, 0.1];;neurosity_session_20250613_175613;;
2025-06-13T17:56:53.943891;1749851813.943891;40.633879;;;;;;;0.133333;0.2;0.1;0.04714;[0.1, 0.2, 0.1];0.233333;0.3;0.2;0.04714;[0.2, 0.3, 0.2];0.433333;0.5;0.4;0.04714;[0.4, 0.5, 0.4];0.333333;0.4;0.3;0.04714;[0.3, 0.4, 0.3];0.133333;0.2;0.1;0.04714;[0.1, 0.2, 0.1];;neurosity_session_20250613_175613;;
2025-06-13T17:56:54.045641;1749851814.045641;40.735629;;;;;;;0.133333;0.2;0.1;0.04714;[0.1, 0.2, 0.1];0.233333;0.3;0.2;0.04714;[0.2, 0.3, 0.2];0.433333;0.5;0.4;0.04714;[0.4, 0.5, 0.4];0.333333;0.4;0.3;0.04714;[0.3, 0.4, 0.3];0.133333;0.2;0.1;0.04714;[0.1, 0.2, 0.1];;neurosity_session_20250613_175613;;
2025-06-13T17:56:54.096414;1749851814.096414;40.786402;;;;;;;0.133333;0.2;0.1;0.04714;[0.1, 0.2, 0.1];0.233333;0.3;0.2;0.04714;[0.2, 0.3, 0.2];0.433333;0.5;0.4;0.04714;[0.4, 0.5, 0.4];0.333333;0.4;0.3;0.04714;[0.3, 0.4, 0.3];0.133333;0.2;0.1;0.04714;[0.1, 0.2, 0.1];;neurosity_session_20250613_175613;;
2025-06-13T17:56:54.148277;1749851814.148277;40.838265;;;;;;;0.133333;0.2;0.1;0.04714;[0.1, 0.2, 0.1];0.233333;0.3;0.2;0.04714;[0.2, 0.3, 0.2];0.433333;0.5;0.4;0.04714;[0.4, 0.5, 0.4];0.333333;0.4;0.3;0.04714;[0.3, 0.4, 0.3];0.133333;0.2;0.1;0.04714;[0.1, 0.2, 0.1];;neurosity_session_20250613_175613;;
2025-06-13T17:56:54.199451;1749851814.199451;40.889439;;;;;;;0.133333;0.2;0.1;0.04714;[0.1, 0.2, 0.1];0.233333;0.3;0.2;0.04714;[0.2, 0.3, 0.2];0.433333;0.5;0.4;0.04714;[0.4, 0.5, 0.4];0.333333;0.4;0.3;0.04714;[0.3, 0.4, 0.3];0.133333;0.2;0.1;0.04714;[0.1, 0.2, 0.1];;neurosity_session_20250613_175613;;
2025-06-13T17:56:54.250355;1749851814.250355;40.940343;;;;;;;0.133333;0.2;0.1;0.04714;[0.1, 0.2, 0.1];0.233333;0.3;0.2;0.04714;[0.2, 0.3, 0.2];0.433333;0.5;0.4;0.04714;[0.4, 0.5, 0.4];0.333333;0.4;0.3;0.04714;[0.3, 0.4, 0.3];0.133333;0.2;0.1;0.04714;[0.1, 0.2, 0.1];;neurosity_session_20250613_175613;;
2025-06-13T17:56:54.250546;1749851814.250546;40.940534;0.6827308302314515;68.27308302314515;;;;;;;;;;;;;;;;;;;;;;;;;;;;;;;neurosity_session_20250613_175613;;
2025-06-13T17:56:54.250624;1749851814.250624;40.940612;;;0.4522871341921765;45.22871341921765;;;;;;;;;;;;;;;;;;;;;;;;;;;;;neurosity_session_20250613_175613;;
2025-06-13T17:56:54.250885;1749851814.250885;40.940873;;;;;;;0.133333;0.2;0.1;0.04714;[0.1, 0.2, 0.1];0.233333;0.3;0.2;0.04714;[0.2, 0.3, 0.2];0.433333;0.5;0.4;0.04714;[0.4, 0.5, 0.4];0.333333;0.4;0.3;0.04714;[0.3, 0.4, 0.3];0.133333;0.2;0.1;0.04714;[0.1, 0.2, 0.1];;neurosity_session_20250613_175613;;
2025-06-13T17:56:54.301482;1749851814.301482;40.99147;;;;;;;0.133333;0.2;0.1;0.04714;[0.1, 0.2, 0.1];0.233333;0.3;0.2;0.04714;[0.2, 0.3, 0.2];0.433333;0.5;0.4;0.04714;[0.4, 0.5, 0.4];0.333333;0.4;0.3;0.04714;[0.3, 0.4, 0.3];0.133333;0.2;0.1;0.04714;[0.1, 0.2, 0.1];;neurosity_session_20250613_175613;;
2025-06-13T17:56:54.302016;1749851814.302016;40.992004;;;;;;;0.133333;0.2;0.1;0.04714;[0.1, 0.2, 0.1];0.233333;0.3;0.2;0.04714;[0.2, 0.3, 0.2];0.433333;0.5;0.4;0.04714;[0.4, 0.5, 0.4];0.333333;0.4;0.3;0.04714;[0.3, 0.4, 0.3];0.133333;0.2;0.1;0.04714;[0.1, 0.2, 0.1];;neurosity_session_20250613_175613;;
2025-06-13T17:56:54.353028;1749851814.353028;41.043016;;;;;;;0.133333;0.2;0.1;0.04714;[0.1, 0.2, 0.1];0.233333;0.3;0.2;0.04714;[0.2, 0.3, 0.2];0.433333;0.5;0.4;0.04714;[0.4, 0.5, 0.4];0.333333;0.4;0.3;0.04714;[0.3, 0.4, 0.3];0.133333;0.2;0.1;0.04714;[0.1, 0.2, 0.1];;neurosity_session_20250613_175613;;
2025-06-13T17:56:54.353328;1749851814.353328;41.043316;;;;;;;0.133333;0.2;0.1;0.04714;[0.1, 0.2, 0.1];0.233333;0.3;0.2;0.04714;[0.2, 0.3, 0.2];0.433333;0.5;0.4;0.04714;[0.4, 0.5, 0.4];0.333333;0.4;0.3;0.04714;[0.3, 0.4, 0.3];0.133333;0.2;0.1;0.04714;[0.1, 0.2, 0.1];;neurosity_session_20250613_175613;;
2025-06-13T17:56:54.404088;1749851814.404088;41.094076;;;;;;;0.133333;0.2;0.1;0.04714;[0.1, 0.2, 0.1];0.233333;0.3;0.2;0.04714;[0.2, 0.3, 0.2];0.433333;0.5;0.4;0.04714;[0.4, 0.5, 0.4];0.333333;0.4;0.3;0.04714;[0.3, 0.4, 0.3];0.133333;0.2;0.1;0.04714;[0.1, 0.2, 0.1];;neurosity_session_20250613_175613;;
2025-06-13T17:56:54.455027;1749851814.455027;41.145015;;;;;;;0.133333;0.2;0.1;0.04714;[0.1, 0.2, 0.1];0.233333;0.3;0.2;0.04714;[0.2, 0.3, 0.2];0.433333;0.5;0.4;0.04714;[0.4, 0.5, 0.4];0.333333;0.4;0.3;0.04714;[0.3, 0.4, 0.3];0.133333;0.2;0.1;0.04714;[0.1, 0.2, 0.1];;neurosity_session_20250613_175613;;
2025-06-13T17:56:54.506475;1749851814.506475;41.196463;;;;;;;0.133333;0.2;0.1;0.04714;[0.1, 0.2, 0.1];0.233333;0.3;0.2;0.04714;[0.2, 0.3, 0.2];0.433333;0.5;0.4;0.04714;[0.4, 0.5, 0.4];0.333333;0.4;0.3;0.04714;[0.3, 0.4, 0.3];0.133333;0.2;0.1;0.04714;[0.1, 0.2, 0.1];;neurosity_session_20250613_175613;;
2025-06-13T17:56:54.557076;1749851814.557076;41.247064;;;;;;;0.133333;0.2;0.1;0.04714;[0.1, 0.2, 0.1];0.233333;0.3;0.2;0.04714;[0.2, 0.3, 0.2];0.433333;0.5;0.4;0.04714;[0.4, 0.5, 0.4];0.333333;0.4;0.3;0.04714;[0.3, 0.4, 0.3];0.133333;0.2;0.1;0.04714;[0.1, 0.2, 0.1];;neurosity_session_20250613_175613;;
2025-06-13T17:56:54.607677;1749851814.607677;41.297665;;;;;;;0.133333;0.2;0.1;0.04714;[0.1, 0.2, 0.1];0.233333;0.3;0.2;0.04714;[0.2, 0.3, 0.2];0.433333;0.5;0.4;0.04714;[0.4, 0.5, 0.4];0.333333;0.4;0.3;0.04714;[0.3, 0.4, 0.3];0.133333;0.2;0.1;0.04714;[0.1, 0.2, 0.1];;neurosity_session_20250613_175613;;
2025-06-13T17:56:54.607990;1749851814.60799;41.297978;;;;;;;0.133333;0.2;0.1;0.04714;[0.1, 0.2, 0.1];0.233333;0.3;0.2;0.04714;[0.2, 0.3, 0.2];0.433333;0.5;0.4;0.04714;[0.4, 0.5, 0.4];0.333333;0.4;0.3;0.04714;[0.3, 0.4, 0.3];0.133333;0.2;0.1;0.04714;[0.1, 0.2, 0.1];;neurosity_session_20250613_175613;;
2025-06-13T17:56:54.658737;1749851814.658737;41.348725;;;;;;;0.133333;0.2;0.1;0.04714;[0.1, 0.2, 0.1];0.233333;0.3;0.2;0.04714;[0.2, 0.3, 0.2];0.433333;0.5;0.4;0.04714;[0.4, 0.5, 0.4];0.333333;0.4;0.3;0.04714;[0.3, 0.4, 0.3];0.133333;0.2;0.1;0.04714;[0.1, 0.2, 0.1];;neurosity_session_20250613_175613;;
2025-06-13T17:56:54.709632;1749851814.709632;41.39962;;;;;;;0.133333;0.2;0.1;0.04714;[0.1, 0.2, 0.1];0.233333;0.3;0.2;0.04714;[0.2, 0.3, 0.2];0.433333;0.5;0.4;0.04714;[0.4, 0.5, 0.4];0.333333;0.4;0.3;0.04714;[0.3, 0.4, 0.3];0.133333;0.2;0.1;0.04714;[0.1, 0.2, 0.1];;neurosity_session_20250613_175613;;
2025-06-13T17:56:54.709925;1749851814.709925;41.399913;;;;;;;0.133333;0.2;0.1;0.04714;[0.1, 0.2, 0.1];0.233333;0.3;0.2;0.04714;[0.2, 0.3, 0.2];0.433333;0.5;0.4;0.04714;[0.4, 0.5, 0.4];0.333333;0.4;0.3;0.04714;[0.3, 0.4, 0.3];0.133333;0.2;0.1;0.04714;[0.1, 0.2, 0.1];;neurosity_session_20250613_175613;;
2025-06-13T17:56:54.760786;1749851814.760786;41.450774;;;;;;;0.133333;0.2;0.1;0.04714;[0.1, 0.2, 0.1];0.233333;0.3;0.2;0.04714;[0.2, 0.3, 0.2];0.433333;0.5;0.4;0.04714;[0.4, 0.5, 0.4];0.333333;0.4;0.3;0.04714;[0.3, 0.4, 0.3];0.133333;0.2;0.1;0.04714;[0.1, 0.2, 0.1];;neurosity_session_20250613_175613;;
2025-06-13T17:56:54.811490;1749851814.81149;41.501478;;;;;;;0.133333;0.2;0.1;0.04714;[0.1, 0.2, 0.1];0.233333;0.3;0.2;0.04714;[0.2, 0.3, 0.2];0.433333;0.5;0.4;0.04714;[0.4, 0.5, 0.4];0.333333;0.4;0.3;0.04714;[0.3, 0.4, 0.3];0.133333;0.2;0.1;0.04714;[0.1, 0.2, 0.1];;neurosity_session_20250613_175613;;
2025-06-13T17:56:54.862378;1749851814.862378;41.552366;;;;;;;0.133333;0.2;0.1;0.04714;[0.1, 0.2, 0.1];0.233333;0.3;0.2;0.04714;[0.2, 0.3, 0.2];0.433333;0.5;0.4;0.04714;[0.4, 0.5, 0.4];0.333333;0.4;0.3;0.04714;[0.3, 0.4, 0.3];0.133333;0.2;0.1;0.04714;[0.1, 0.2, 0.1];;neurosity_session_20250613_175613;;
2025-06-13T17:56:54.862664;1749851814.862664;41.552652;;;;;;;0.133333;0.2;0.1;0.04714;[0.1, 0.2, 0.1];0.233333;0.3;0.2;0.04714;[0.2, 0.3, 0.2];0.433333;0.5;0.4;0.04714;[0.4, 0.5, 0.4];0.333333;0.4;0.3;0.04714;[0.3, 0.4, 0.3];0.133333;0.2;0.1;0.04714;[0.1, 0.2, 0.1];;neurosity_session_20250613_175613;;
2025-06-13T17:56:54.913186;1749851814.913186;41.603174;;;;;;;0.133333;0.2;0.1;0.04714;[0.1, 0.2, 0.1];0.233333;0.3;0.2;0.04714;[0.2, 0.3, 0.2];0.433333;0.5;0.4;0.04714;[0.4, 0.5, 0.4];0.333333;0.4;0.3;0.04714;[0.3, 0.4, 0.3];0.133333;0.2;0.1;0.04714;[0.1, 0.2, 0.1];;neurosity_session_20250613_175613;;
2025-06-13T17:56:54.964734;1749851814.964734;41.654722;;;;;;;0.133333;0.2;0.1;0.04714;[0.1, 0.2, 0.1];0.233333;0.3;0.2;0.04714;[0.2, 0.3, 0.2];0.433333;0.5;0.4;0.04714;[0.4, 0.5, 0.4];0.333333;0.4;0.3;0.04714;[0.3, 0.4, 0.3];0.133333;0.2;0.1;0.04714;[0.1, 0.2, 0.1];;neurosity_session_20250613_175613;;
2025-06-13T17:56:55.126907;1749851815.126907;41.816895;;;;;;;0.133333;0.2;0.1;0.04714;[0.1, 0.2, 0.1];0.233333;0.3;0.2;0.04714;[0.2, 0.3, 0.2];0.433333;0.5;0.4;0.04714;[0.4, 0.5, 0.4];0.333333;0.4;0.3;0.04714;[0.3, 0.4, 0.3];0.133333;0.2;0.1;0.04714;[0.1, 0.2, 0.1];;neurosity_session_20250613_175613;;
2025-06-13T17:56:55.178448;1749851815.178448;41.868436;;;;;;;0.133333;0.2;0.1;0.04714;[0.1, 0.2, 0.1];0.233333;0.3;0.2;0.04714;[0.2, 0.3, 0.2];0.433333;0.5;0.4;0.04714;[0.4, 0.5, 0.4];0.333333;0.4;0.3;0.04714;[0.3, 0.4, 0.3];0.133333;0.2;0.1;0.04714;[0.1, 0.2, 0.1];;neurosity_session_20250613_175613;;
2025-06-13T17:56:55.289148;1749851815.289148;41.979136;;;;;;;0.133333;0.2;0.1;0.04714;[0.1, 0.2, 0.1];0.233333;0.3;0.2;0.04714;[0.2, 0.3, 0.2];0.433333;0.5;0.4;0.04714;[0.4, 0.5, 0.4];0.333333;0.4;0.3;0.04714;[0.3, 0.4, 0.3];0.133333;0.2;0.1;0.04714;[0.1, 0.2, 0.1];;neurosity_session_20250613_175613;;
2025-06-13T17:56:55.289573;1749851815.289573;41.979561;0.6650468259201979;66.50468259201979;;;;;;;;;;;;;;;;;;;;;;;;;;;;;;;neurosity_session_20250613_175613;;
2025-06-13T17:56:55.341905;1749851815.341905;42.031893;;;0.5525821206776299;55.25821206776299;;;;;;;;;;;;;;;;;;;;;;;;;;;;;neurosity_session_20250613_175613;;
2025-06-13T17:56:55.432413;1749851815.432413;42.122401;;;;;;;0.133333;0.2;0.1;0.04714;[0.1, 0.2, 0.1];0.233333;0.3;0.2;0.04714;[0.2, 0.3, 0.2];0.433333;0.5;0.4;0.04714;[0.4, 0.5, 0.4];0.333333;0.4;0.3;0.04714;[0.3, 0.4, 0.3];0.133333;0.2;0.1;0.04714;[0.1, 0.2, 0.1];;neurosity_session_20250613_175613;;
2025-06-13T17:56:55.432922;1749851815.432922;42.12291;;;;;;;0.133333;0.2;0.1;0.04714;[0.1, 0.2, 0.1];0.233333;0.3;0.2;0.04714;[0.2, 0.3, 0.2];0.433333;0.5;0.4;0.04714;[0.4, 0.5, 0.4];0.333333;0.4;0.3;0.04714;[0.3, 0.4, 0.3];0.133333;0.2;0.1;0.04714;[0.1, 0.2, 0.1];;neurosity_session_20250613_175613;;
2025-06-13T17:56:55.589282;1749851815.589282;42.27927;;;;;;;0.133333;0.2;0.1;0.04714;[0.1, 0.2, 0.1];0.233333;0.3;0.2;0.04714;[0.2, 0.3, 0.2];0.433333;0.5;0.4;0.04714;[0.4, 0.5, 0.4];0.333333;0.4;0.3;0.04714;[0.3, 0.4, 0.3];0.133333;0.2;0.1;0.04714;[0.1, 0.2, 0.1];;neurosity_session_20250613_175613;;
2025-06-13T17:56:55.640780;1749851815.64078;42.330768;;;;;;;0.133333;0.2;0.1;0.04714;[0.1, 0.2, 0.1];0.233333;0.3;0.2;0.04714;[0.2, 0.3, 0.2];0.433333;0.5;0.4;0.04714;[0.4, 0.5, 0.4];0.333333;0.4;0.3;0.04714;[0.3, 0.4, 0.3];0.133333;0.2;0.1;0.04714;[0.1, 0.2, 0.1];;neurosity_session_20250613_175613;;
2025-06-13T17:56:55.693322;1749851815.693322;42.38331;;;;;;;0.133333;0.2;0.1;0.04714;[0.1, 0.2, 0.1];0.233333;0.3;0.2;0.04714;[0.2, 0.3, 0.2];0.433333;0.5;0.4;0.04714;[0.4, 0.5, 0.4];0.333333;0.4;0.3;0.04714;[0.3, 0.4, 0.3];0.133333;0.2;0.1;0.04714;[0.1, 0.2, 0.1];;neurosity_session_20250613_175613;;
2025-06-13T17:56:55.744336;1749851815.744336;42.434324;;;;;;;0.133333;0.2;0.1;0.04714;[0.1, 0.2, 0.1];0.233333;0.3;0.2;0.04714;[0.2, 0.3, 0.2];0.433333;0.5;0.4;0.04714;[0.4, 0.5, 0.4];0.333333;0.4;0.3;0.04714;[0.3, 0.4, 0.3];0.133333;0.2;0.1;0.04714;[0.1, 0.2, 0.1];;neurosity_session_20250613_175613;;
2025-06-13T17:56:55.795467;1749851815.795467;42.485455;;;;;;;0.133333;0.2;0.1;0.04714;[0.1, 0.2, 0.1];0.233333;0.3;0.2;0.04714;[0.2, 0.3, 0.2];0.433333;0.5;0.4;0.04714;[0.4, 0.5, 0.4];0.333333;0.4;0.3;0.04714;[0.3, 0.4, 0.3];0.133333;0.2;0.1;0.04714;[0.1, 0.2, 0.1];;neurosity_session_20250613_175613;;
2025-06-13T17:56:55.846433;1749851815.846433;42.536421;;;;;;;0.133333;0.2;0.1;0.04714;[0.1, 0.2, 0.1];0.233333;0.3;0.2;0.04714;[0.2, 0.3, 0.2];0.433333;0.5;0.4;0.04714;[0.4, 0.5, 0.4];0.333333;0.4;0.3;0.04714;[0.3, 0.4, 0.3];0.133333;0.2;0.1;0.04714;[0.1, 0.2, 0.1];;neurosity_session_20250613_175613;;
2025-06-13T17:56:55.846800;1749851815.8468;42.536788;;;;;;;0.133333;0.2;0.1;0.04714;[0.1, 0.2, 0.1];0.233333;0.3;0.2;0.04714;[0.2, 0.3, 0.2];0.433333;0.5;0.4;0.04714;[0.4, 0.5, 0.4];0.333333;0.4;0.3;0.04714;[0.3, 0.4, 0.3];0.133333;0.2;0.1;0.04714;[0.1, 0.2, 0.1];;neurosity_session_20250613_175613;;
2025-06-13T17:56:55.897458;1749851815.897458;42.587446;;;;;;;0.133333;0.2;0.1;0.04714;[0.1, 0.2, 0.1];0.233333;0.3;0.2;0.04714;[0.2, 0.3, 0.2];0.433333;0.5;0.4;0.04714;[0.4, 0.5, 0.4];0.333333;0.4;0.3;0.04714;[0.3, 0.4, 0.3];0.133333;0.2;0.1;0.04714;[0.1, 0.2, 0.1];;neurosity_session_20250613_175613;;
2025-06-13T17:56:55.948477;1749851815.948477;42.638465;;;;;;;0.133333;0.2;0.1;0.04714;[0.1, 0.2, 0.1];0.233333;0.3;0.2;0.04714;[0.2, 0.3, 0.2];0.433333;0.5;0.4;0.04714;[0.4, 0.5, 0.4];0.333333;0.4;0.3;0.04714;[0.3, 0.4, 0.3];0.133333;0.2;0.1;0.04714;[0.1, 0.2, 0.1];;neurosity_session_20250613_175613;;
2025-06-13T17:56:55.948855;1749851815.948855;42.638843;;;;;;;0.133333;0.2;0.1;0.04714;[0.1, 0.2, 0.1];0.233333;0.3;0.2;0.04714;[0.2, 0.3, 0.2];0.433333;0.5;0.4;0.04714;[0.4, 0.5, 0.4];0.333333;0.4;0.3;0.04714;[0.3, 0.4, 0.3];0.133333;0.2;0.1;0.04714;[0.1, 0.2, 0.1];;neurosity_session_20250613_175613;;
2025-06-13T17:56:55.999518;1749851815.999518;42.689506;;;;;;;0.133333;0.2;0.1;0.04714;[0.1, 0.2, 0.1];0.233333;0.3;0.2;0.04714;[0.2, 0.3, 0.2];0.433333;0.5;0.4;0.04714;[0.4, 0.5, 0.4];0.333333;0.4;0.3;0.04714;[0.3, 0.4, 0.3];0.133333;0.2;0.1;0.04714;[0.1, 0.2, 0.1];;neurosity_session_20250613_175613;;
2025-06-13T17:56:56.050509;1749851816.050509;42.740497;;;;;;;0.133333;0.2;0.1;0.04714;[0.1, 0.2, 0.1];0.233333;0.3;0.2;0.04714;[0.2, 0.3, 0.2];0.433333;0.5;0.4;0.04714;[0.4, 0.5, 0.4];0.333333;0.4;0.3;0.04714;[0.3, 0.4, 0.3];0.133333;0.2;0.1;0.04714;[0.1, 0.2, 0.1];;neurosity_session_20250613_175613;;
2025-06-13T17:56:56.050886;1749851816.050886;42.740874;;;;;;;0.133333;0.2;0.1;0.04714;[0.1, 0.2, 0.1];0.233333;0.3;0.2;0.04714;[0.2, 0.3, 0.2];0.433333;0.5;0.4;0.04714;[0.4, 0.5, 0.4];0.333333;0.4;0.3;0.04714;[0.3, 0.4, 0.3];0.133333;0.2;0.1;0.04714;[0.1, 0.2, 0.1];;neurosity_session_20250613_175613;;
2025-06-13T17:56:56.101533;1749851816.101533;42.791521;;;;;;;0.133333;0.2;0.1;0.04714;[0.1, 0.2, 0.1];0.233333;0.3;0.2;0.04714;[0.2, 0.3, 0.2];0.433333;0.5;0.4;0.04714;[0.4, 0.5, 0.4];0.333333;0.4;0.3;0.04714;[0.3, 0.4, 0.3];0.133333;0.2;0.1;0.04714;[0.1, 0.2, 0.1];;neurosity_session_20250613_175613;;
2025-06-13T17:56:56.152599;1749851816.152599;42.842587;;;;;;;0.133333;0.2;0.1;0.04714;[0.1, 0.2, 0.1];0.233333;0.3;0.2;0.04714;[0.2, 0.3, 0.2];0.433333;0.5;0.4;0.04714;[0.4, 0.5, 0.4];0.333333;0.4;0.3;0.04714;[0.3, 0.4, 0.3];0.133333;0.2;0.1;0.04714;[0.1, 0.2, 0.1];;neurosity_session_20250613_175613;;
2025-06-13T17:56:56.203569;1749851816.203569;42.893557;0.7202581525343906;72.02581525343906;;;;;;;;;;;;;;;;;;;;;;;;;;;;;;;neurosity_session_20250613_175613;;
2025-06-13T17:56:56.203712;1749851816.203712;42.8937;;;;;;;0.133333;0.2;0.1;0.04714;[0.1, 0.2, 0.1];0.233333;0.3;0.2;0.04714;[0.2, 0.3, 0.2];0.433333;0.5;0.4;0.04714;[0.4, 0.5, 0.4];0.333333;0.4;0.3;0.04714;[0.3, 0.4, 0.3];0.133333;0.2;0.1;0.04714;[0.1, 0.2, 0.1];;neurosity_session_20250613_175613;;
2025-06-13T17:56:56.254610;1749851816.25461;42.944598;;;;;;;0.133333;0.2;0.1;0.04714;[0.1, 0.2, 0.1];0.233333;0.3;0.2;0.04714;[0.2, 0.3, 0.2];0.433333;0.5;0.4;0.04714;[0.4, 0.5, 0.4];0.333333;0.4;0.3;0.04714;[0.3, 0.4, 0.3];0.133333;0.2;0.1;0.04714;[0.1, 0.2, 0.1];;neurosity_session_20250613_175613;;
2025-06-13T17:56:56.305648;1749851816.305648;42.995636;;;;;;;0.133333;0.2;0.1;0.04714;[0.1, 0.2, 0.1];0.233333;0.3;0.2;0.04714;[0.2, 0.3, 0.2];0.433333;0.5;0.4;0.04714;[0.4, 0.5, 0.4];0.333333;0.4;0.3;0.04714;[0.3, 0.4, 0.3];0.133333;0.2;0.1;0.04714;[0.1, 0.2, 0.1];;neurosity_session_20250613_175613;;
2025-06-13T17:56:56.306025;1749851816.306025;42.996013;;;;;;;0.133333;0.2;0.1;0.04714;[0.1, 0.2, 0.1];0.233333;0.3;0.2;0.04714;[0.2, 0.3, 0.2];0.433333;0.5;0.4;0.04714;[0.4, 0.5, 0.4];0.333333;0.4;0.3;0.04714;[0.3, 0.4, 0.3];0.133333;0.2;0.1;0.04714;[0.1, 0.2, 0.1];;neurosity_session_20250613_175613;;
2025-06-13T17:56:56.306213;1749851816.306213;42.996201;;;;;;;0.133333;0.2;0.1;0.04714;[0.1, 0.2, 0.1];0.233333;0.3;0.2;0.04714;[0.2, 0.3, 0.2];0.433333;0.5;0.4;0.04714;[0.4, 0.5, 0.4];0.333333;0.4;0.3;0.04714;[0.3, 0.4, 0.3];0.133333;0.2;0.1;0.04714;[0.1, 0.2, 0.1];;neurosity_session_20250613_175613;;
2025-06-13T17:56:56.306340;1749851816.30634;42.996328;;;;;;;0.133333;0.2;0.1;0.04714;[0.1, 0.2, 0.1];0.233333;0.3;0.2;0.04714;[0.2, 0.3, 0.2];0.433333;0.5;0.4;0.04714;[0.4, 0.5, 0.4];0.333333;0.4;0.3;0.04714;[0.3, 0.4, 0.3];0.133333;0.2;0.1;0.04714;[0.1, 0.2, 0.1];;neurosity_session_20250613_175613;;
2025-06-13T17:56:56.357302;1749851816.357302;43.04729;;;;;;;0.133333;0.2;0.1;0.04714;[0.1, 0.2, 0.1];0.233333;0.3;0.2;0.04714;[0.2, 0.3, 0.2];0.433333;0.5;0.4;0.04714;[0.4, 0.5, 0.4];0.333333;0.4;0.3;0.04714;[0.3, 0.4, 0.3];0.133333;0.2;0.1;0.04714;[0.1, 0.2, 0.1];;neurosity_session_20250613_175613;;
2025-06-13T17:56:56.408380;1749851816.40838;43.098368;;;;;;;0.133333;0.2;0.1;0.04714;[0.1, 0.2, 0.1];0.233333;0.3;0.2;0.04714;[0.2, 0.3, 0.2];0.433333;0.5;0.4;0.04714;[0.4, 0.5, 0.4];0.333333;0.4;0.3;0.04714;[0.3, 0.4, 0.3];0.133333;0.2;0.1;0.04714;[0.1, 0.2, 0.1];;neurosity_session_20250613_175613;;
2025-06-13T17:56:56.459395;1749851816.459395;43.149383;;;;;;;0.133333;0.2;0.1;0.04714;[0.1, 0.2, 0.1];0.233333;0.3;0.2;0.04714;[0.2, 0.3, 0.2];0.433333;0.5;0.4;0.04714;[0.4, 0.5, 0.4];0.333333;0.4;0.3;0.04714;[0.3, 0.4, 0.3];0.133333;0.2;0.1;0.04714;[0.1, 0.2, 0.1];;neurosity_session_20250613_175613;;
2025-06-13T17:56:56.460043;1749851816.460043;43.150031;;;0.36428571126289033;36.428571126289036;;;;;;;;;;;;;;;;;;;;;;;;;;;;;neurosity_session_20250613_175613;;
2025-06-13T17:56:56.460980;1749851816.46098;43.150968;;;;;;;0.133333;0.2;0.1;0.04714;[0.1, 0.2, 0.1];0.233333;0.3;0.2;0.04714;[0.2, 0.3, 0.2];0.433333;0.5;0.4;0.04714;[0.4, 0.5, 0.4];0.333333;0.4;0.3;0.04714;[0.3, 0.4, 0.3];0.133333;0.2;0.1;0.04714;[0.1, 0.2, 0.1];;neurosity_session_20250613_175613;;
2025-06-13T17:56:56.562583;1749851816.562583;43.252571;;;;;;;0.133333;0.2;0.1;0.04714;[0.1, 0.2, 0.1];0.233333;0.3;0.2;0.04714;[0.2, 0.3, 0.2];0.433333;0.5;0.4;0.04714;[0.4, 0.5, 0.4];0.333333;0.4;0.3;0.04714;[0.3, 0.4, 0.3];0.133333;0.2;0.1;0.04714;[0.1, 0.2, 0.1];;neurosity_session_20250613_175613;;
2025-06-13T17:56:56.614611;1749851816.614611;43.304599;;;;;;;0.133333;0.2;0.1;0.04714;[0.1, 0.2, 0.1];0.233333;0.3;0.2;0.04714;[0.2, 0.3, 0.2];0.433333;0.5;0.4;0.04714;[0.4, 0.5, 0.4];0.333333;0.4;0.3;0.04714;[0.3, 0.4, 0.3];0.133333;0.2;0.1;0.04714;[0.1, 0.2, 0.1];;neurosity_session_20250613_175613;;
2025-06-13T17:56:56.666587;1749851816.666587;43.356575;;;;;;;0.133333;0.2;0.1;0.04714;[0.1, 0.2, 0.1];0.233333;0.3;0.2;0.04714;[0.2, 0.3, 0.2];0.433333;0.5;0.4;0.04714;[0.4, 0.5, 0.4];0.333333;0.4;0.3;0.04714;[0.3, 0.4, 0.3];0.133333;0.2;0.1;0.04714;[0.1, 0.2, 0.1];;neurosity_session_20250613_175613;;
2025-06-13T17:56:56.768235;1749851816.768235;43.458223;;;;;;;0.133333;0.2;0.1;0.04714;[0.1, 0.2, 0.1];0.233333;0.3;0.2;0.04714;[0.2, 0.3, 0.2];0.433333;0.5;0.4;0.04714;[0.4, 0.5, 0.4];0.333333;0.4;0.3;0.04714;[0.3, 0.4, 0.3];0.133333;0.2;0.1;0.04714;[0.1, 0.2, 0.1];;neurosity_session_20250613_175613;;
2025-06-13T17:56:56.819644;1749851816.819644;43.509632;;;;;;;0.133333;0.2;0.1;0.04714;[0.1, 0.2, 0.1];0.233333;0.3;0.2;0.04714;[0.2, 0.3, 0.2];0.433333;0.5;0.4;0.04714;[0.4, 0.5, 0.4];0.333333;0.4;0.3;0.04714;[0.3, 0.4, 0.3];0.133333;0.2;0.1;0.04714;[0.1, 0.2, 0.1];;neurosity_session_20250613_175613;;
2025-06-13T17:56:56.821661;1749851816.821661;43.511649;;;;;;;0.133333;0.2;0.1;0.04714;[0.1, 0.2, 0.1];0.233333;0.3;0.2;0.04714;[0.2, 0.3, 0.2];0.433333;0.5;0.4;0.04714;[0.4, 0.5, 0.4];0.333333;0.4;0.3;0.04714;[0.3, 0.4, 0.3];0.133333;0.2;0.1;0.04714;[0.1, 0.2, 0.1];;neurosity_session_20250613_175613;;
2025-06-13T17:56:56.872865;1749851816.872865;43.562853;;;;;;;0.133333;0.2;0.1;0.04714;[0.1, 0.2, 0.1];0.233333;0.3;0.2;0.04714;[0.2, 0.3, 0.2];0.433333;0.5;0.4;0.04714;[0.4, 0.5, 0.4];0.333333;0.4;0.3;0.04714;[0.3, 0.4, 0.3];0.133333;0.2;0.1;0.04714;[0.1, 0.2, 0.1];;neurosity_session_20250613_175613;;
2025-06-13T17:56:56.923385;1749851816.923385;43.613373;;;;;;;0.133333;0.2;0.1;0.04714;[0.1, 0.2, 0.1];0.233333;0.3;0.2;0.04714;[0.2, 0.3, 0.2];0.433333;0.5;0.4;0.04714;[0.4, 0.5, 0.4];0.333333;0.4;0.3;0.04714;[0.3, 0.4, 0.3];0.133333;0.2;0.1;0.04714;[0.1, 0.2, 0.1];;neurosity_session_20250613_175613;;
2025-06-13T17:56:56.974419;1749851816.974419;43.664407;;;;;;;0.133333;0.2;0.1;0.04714;[0.1, 0.2, 0.1];0.233333;0.3;0.2;0.04714;[0.2, 0.3, 0.2];0.433333;0.5;0.4;0.04714;[0.4, 0.5, 0.4];0.333333;0.4;0.3;0.04714;[0.3, 0.4, 0.3];0.133333;0.2;0.1;0.04714;[0.1, 0.2, 0.1];;neurosity_session_20250613_175613;;
2025-06-13T17:56:56.974717;1749851816.974717;43.664705;;;;;;;0.133333;0.2;0.1;0.04714;[0.1, 0.2, 0.1];0.233333;0.3;0.2;0.04714;[0.2, 0.3, 0.2];0.433333;0.5;0.4;0.04714;[0.4, 0.5, 0.4];0.333333;0.4;0.3;0.04714;[0.3, 0.4, 0.3];0.133333;0.2;0.1;0.04714;[0.1, 0.2, 0.1];;neurosity_session_20250613_175613;;
2025-06-13T17:56:57.025567;1749851817.025567;43.715555;;;;;;;0.133333;0.2;0.1;0.04714;[0.1, 0.2, 0.1];0.233333;0.3;0.2;0.04714;[0.2, 0.3, 0.2];0.433333;0.5;0.4;0.04714;[0.4, 0.5, 0.4];0.333333;0.4;0.3;0.04714;[0.3, 0.4, 0.3];0.133333;0.2;0.1;0.04714;[0.1, 0.2, 0.1];;neurosity_session_20250613_175613;;
2025-06-13T17:56:57.076554;1749851817.076554;43.766542;;;;;;;0.133333;0.2;0.1;0.04714;[0.1, 0.2, 0.1];0.233333;0.3;0.2;0.04714;[0.2, 0.3, 0.2];0.433333;0.5;0.4;0.04714;[0.4, 0.5, 0.4];0.333333;0.4;0.3;0.04714;[0.3, 0.4, 0.3];0.133333;0.2;0.1;0.04714;[0.1, 0.2, 0.1];;neurosity_session_20250613_175613;;
2025-06-13T17:56:57.127520;1749851817.12752;43.817508;0.7137808228459463;71.37808228459464;;;;;;;;;;;;;;;;;;;;;;;;;;;;;;;neurosity_session_20250613_175613;;
2025-06-13T17:56:57.127780;1749851817.12778;43.817768;;;;;;;0.133333;0.2;0.1;0.04714;[0.1, 0.2, 0.1];0.233333;0.3;0.2;0.04714;[0.2, 0.3, 0.2];0.433333;0.5;0.4;0.04714;[0.4, 0.5, 0.4];0.333333;0.4;0.3;0.04714;[0.3, 0.4, 0.3];0.133333;0.2;0.1;0.04714;[0.1, 0.2, 0.1];;neurosity_session_20250613_175613;;
2025-06-13T17:56:57.127993;1749851817.127993;43.817981;;;;;;;0.133333;0.2;0.1;0.04714;[0.1, 0.2, 0.1];0.233333;0.3;0.2;0.04714;[0.2, 0.3, 0.2];0.433333;0.5;0.4;0.04714;[0.4, 0.5, 0.4];0.333333;0.4;0.3;0.04714;[0.3, 0.4, 0.3];0.133333;0.2;0.1;0.04714;[0.1, 0.2, 0.1];;neurosity_session_20250613_175613;;
2025-06-13T17:56:57.178574;1749851817.178574;43.868562;;;;;;;0.133333;0.2;0.1;0.04714;[0.1, 0.2, 0.1];0.233333;0.3;0.2;0.04714;[0.2, 0.3, 0.2];0.433333;0.5;0.4;0.04714;[0.4, 0.5, 0.4];0.333333;0.4;0.3;0.04714;[0.3, 0.4, 0.3];0.133333;0.2;0.1;0.04714;[0.1, 0.2, 0.1];;neurosity_session_20250613_175613;;
2025-06-13T17:56:57.178852;1749851817.178852;43.86884;;;;;;;0.133333;0.2;0.1;0.04714;[0.1, 0.2, 0.1];0.233333;0.3;0.2;0.04714;[0.2, 0.3, 0.2];0.433333;0.5;0.4;0.04714;[0.4, 0.5, 0.4];0.333333;0.4;0.3;0.04714;[0.3, 0.4, 0.3];0.133333;0.2;0.1;0.04714;[0.1, 0.2, 0.1];;neurosity_session_20250613_175613;;
2025-06-13T17:56:57.229611;1749851817.229611;43.919599;;;;;;;0.133333;0.2;0.1;0.04714;[0.1, 0.2, 0.1];0.233333;0.3;0.2;0.04714;[0.2, 0.3, 0.2];0.433333;0.5;0.4;0.04714;[0.4, 0.5, 0.4];0.333333;0.4;0.3;0.04714;[0.3, 0.4, 0.3];0.133333;0.2;0.1;0.04714;[0.1, 0.2, 0.1];;neurosity_session_20250613_175613;;
2025-06-13T17:56:57.229918;1749851817.229918;43.919906;;;0.4004001567351456;40.04001567351456;;;;;;;;;;;;;;;;;;;;;;;;;;;;;neurosity_session_20250613_175613;;
2025-06-13T17:56:57.280743;1749851817.280743;43.970731;;;;;;;0.133333;0.2;0.1;0.04714;[0.1, 0.2, 0.1];0.233333;0.3;0.2;0.04714;[0.2, 0.3, 0.2];0.433333;0.5;0.4;0.04714;[0.4, 0.5, 0.4];0.333333;0.4;0.3;0.04714;[0.3, 0.4, 0.3];0.133333;0.2;0.1;0.04714;[0.1, 0.2, 0.1];;neurosity_session_20250613_175613;;
2025-06-13T17:56:57.331727;1749851817.331727;44.021715;;;;;;;0.133333;0.2;0.1;0.04714;[0.1, 0.2, 0.1];0.233333;0.3;0.2;0.04714;[0.2, 0.3, 0.2];0.433333;0.5;0.4;0.04714;[0.4, 0.5, 0.4];0.333333;0.4;0.3;0.04714;[0.3, 0.4, 0.3];0.133333;0.2;0.1;0.04714;[0.1, 0.2, 0.1];;neurosity_session_20250613_175613;;
2025-06-13T17:56:57.331997;1749851817.331997;44.021985;;;;;;;0.133333;0.2;0.1;0.04714;[0.1, 0.2, 0.1];0.233333;0.3;0.2;0.04714;[0.2, 0.3, 0.2];0.433333;0.5;0.4;0.04714;[0.4, 0.5, 0.4];0.333333;0.4;0.3;0.04714;[0.3, 0.4, 0.3];0.133333;0.2;0.1;0.04714;[0.1, 0.2, 0.1];;neurosity_session_20250613_175613;;
2025-06-13T17:56:57.382818;1749851817.382818;44.072806;;;;;;;0.133333;0.2;0.1;0.04714;[0.1, 0.2, 0.1];0.233333;0.3;0.2;0.04714;[0.2, 0.3, 0.2];0.433333;0.5;0.4;0.04714;[0.4, 0.5, 0.4];0.333333;0.4;0.3;0.04714;[0.3, 0.4, 0.3];0.133333;0.2;0.1;0.04714;[0.1, 0.2, 0.1];;neurosity_session_20250613_175613;;
2025-06-13T17:56:57.434037;1749851817.434037;44.124025;;;;;;;0.133333;0.2;0.1;0.04714;[0.1, 0.2, 0.1];0.233333;0.3;0.2;0.04714;[0.2, 0.3, 0.2];0.433333;0.5;0.4;0.04714;[0.4, 0.5, 0.4];0.333333;0.4;0.3;0.04714;[0.3, 0.4, 0.3];0.133333;0.2;0.1;0.04714;[0.1, 0.2, 0.1];;neurosity_session_20250613_175613;;
2025-06-13T17:56:57.485409;1749851817.485409;44.175397;;;;;;;0.133333;0.2;0.1;0.04714;[0.1, 0.2, 0.1];0.233333;0.3;0.2;0.04714;[0.2, 0.3, 0.2];0.433333;0.5;0.4;0.04714;[0.4, 0.5, 0.4];0.333333;0.4;0.3;0.04714;[0.3, 0.4, 0.3];0.133333;0.2;0.1;0.04714;[0.1, 0.2, 0.1];;neurosity_session_20250613_175613;;
2025-06-13T17:56:57.485759;1749851817.485759;44.175747;;;;;;;0.133333;0.2;0.1;0.04714;[0.1, 0.2, 0.1];0.233333;0.3;0.2;0.04714;[0.2, 0.3, 0.2];0.433333;0.5;0.4;0.04714;[0.4, 0.5, 0.4];0.333333;0.4;0.3;0.04714;[0.3, 0.4, 0.3];0.133333;0.2;0.1;0.04714;[0.1, 0.2, 0.1];;neurosity_session_20250613_175613;;
2025-06-13T17:56:57.537653;1749851817.537653;44.227641;;;;;;;0.133333;0.2;0.1;0.04714;[0.1, 0.2, 0.1];0.233333;0.3;0.2;0.04714;[0.2, 0.3, 0.2];0.433333;0.5;0.4;0.04714;[0.4, 0.5, 0.4];0.333333;0.4;0.3;0.04714;[0.3, 0.4, 0.3];0.133333;0.2;0.1;0.04714;[0.1, 0.2, 0.1];;neurosity_session_20250613_175613;;
2025-06-13T17:56:57.588637;1749851817.588637;44.278625;;;;;;;0.133333;0.2;0.1;0.04714;[0.1, 0.2, 0.1];0.233333;0.3;0.2;0.04714;[0.2, 0.3, 0.2];0.433333;0.5;0.4;0.04714;[0.4, 0.5, 0.4];0.333333;0.4;0.3;0.04714;[0.3, 0.4, 0.3];0.133333;0.2;0.1;0.04714;[0.1, 0.2, 0.1];;neurosity_session_20250613_175613;;
2025-06-13T17:56:57.639650;1749851817.63965;44.329638;;;;;;;0.133333;0.2;0.1;0.04714;[0.1, 0.2, 0.1];0.233333;0.3;0.2;0.04714;[0.2, 0.3, 0.2];0.433333;0.5;0.4;0.04714;[0.4, 0.5, 0.4];0.333333;0.4;0.3;0.04714;[0.3, 0.4, 0.3];0.133333;0.2;0.1;0.04714;[0.1, 0.2, 0.1];;neurosity_session_20250613_175613;;
2025-06-13T17:56:57.690351;1749851817.690351;44.380339;;;;;;;0.133333;0.2;0.1;0.04714;[0.1, 0.2, 0.1];0.233333;0.3;0.2;0.04714;[0.2, 0.3, 0.2];0.433333;0.5;0.4;0.04714;[0.4, 0.5, 0.4];0.333333;0.4;0.3;0.04714;[0.3, 0.4, 0.3];0.133333;0.2;0.1;0.04714;[0.1, 0.2, 0.1];;neurosity_session_20250613_175613;;
2025-06-13T17:56:57.741438;1749851817.741438;44.431426;;;;;;;0.133333;0.2;0.1;0.04714;[0.1, 0.2, 0.1];0.233333;0.3;0.2;0.04714;[0.2, 0.3, 0.2];0.433333;0.5;0.4;0.04714;[0.4, 0.5, 0.4];0.333333;0.4;0.3;0.04714;[0.3, 0.4, 0.3];0.133333;0.2;0.1;0.04714;[0.1, 0.2, 0.1];;neurosity_session_20250613_175613;;
2025-06-13T17:56:57.843561;1749851817.843561;44.533549;;;;;;;0.133333;0.2;0.1;0.04714;[0.1, 0.2, 0.1];0.233333;0.3;0.2;0.04714;[0.2, 0.3, 0.2];0.433333;0.5;0.4;0.04714;[0.4, 0.5, 0.4];0.333333;0.4;0.3;0.04714;[0.3, 0.4, 0.3];0.133333;0.2;0.1;0.04714;[0.1, 0.2, 0.1];;neurosity_session_20250613_175613;;
2025-06-13T17:56:57.843926;1749851817.843926;44.533914;;;;;;;0.133333;0.2;0.1;0.04714;[0.1, 0.2, 0.1];0.233333;0.3;0.2;0.04714;[0.2, 0.3, 0.2];0.433333;0.5;0.4;0.04714;[0.4, 0.5, 0.4];0.333333;0.4;0.3;0.04714;[0.3, 0.4, 0.3];0.133333;0.2;0.1;0.04714;[0.1, 0.2, 0.1];;neurosity_session_20250613_175613;;
2025-06-13T17:56:58.053995;1749851818.053995;44.743983;;;;;;;0.133333;0.2;0.1;0.04714;[0.1, 0.2, 0.1];0.233333;0.3;0.2;0.04714;[0.2, 0.3, 0.2];0.433333;0.5;0.4;0.04714;[0.4, 0.5, 0.4];0.333333;0.4;0.3;0.04714;[0.3, 0.4, 0.3];0.133333;0.2;0.1;0.04714;[0.1, 0.2, 0.1];;neurosity_session_20250613_175613;;
2025-06-13T17:56:58.208105;1749851818.208105;44.898093;0.8021664518506206;80.21664518506206;;;;;;;;;;;;;;;;;;;;;;;;;;;;;;;neurosity_session_20250613_175613;;
2025-06-13T17:56:58.208357;1749851818.208357;44.898345;;;0.6221823731531411;62.218237315314106;;;;;;;;;;;;;;;;;;;;;;;;;;;;;neurosity_session_20250613_175613;;
2025-06-13T17:56:58.208591;1749851818.208591;44.898579;;;;;;;0.133333;0.2;0.1;0.04714;[0.1, 0.2, 0.1];0.233333;0.3;0.2;0.04714;[0.2, 0.3, 0.2];0.433333;0.5;0.4;0.04714;[0.4, 0.5, 0.4];0.333333;0.4;0.3;0.04714;[0.3, 0.4, 0.3];0.133333;0.2;0.1;0.04714;[0.1, 0.2, 0.1];;neurosity_session_20250613_175613;;
2025-06-13T17:56:58.315760;1749851818.31576;45.005748;;;;;;;0.133333;0.2;0.1;0.04714;[0.1, 0.2, 0.1];0.233333;0.3;0.2;0.04714;[0.2, 0.3, 0.2];0.433333;0.5;0.4;0.04714;[0.4, 0.5, 0.4];0.333333;0.4;0.3;0.04714;[0.3, 0.4, 0.3];0.133333;0.2;0.1;0.04714;[0.1, 0.2, 0.1];;neurosity_session_20250613_175613;;
2025-06-13T17:56:58.430169;1749851818.430169;45.120157;;;;;;;0.133333;0.2;0.1;0.04714;[0.1, 0.2, 0.1];0.233333;0.3;0.2;0.04714;[0.2, 0.3, 0.2];0.433333;0.5;0.4;0.04714;[0.4, 0.5, 0.4];0.333333;0.4;0.3;0.04714;[0.3, 0.4, 0.3];0.133333;0.2;0.1;0.04714;[0.1, 0.2, 0.1];;neurosity_session_20250613_175613;;
2025-06-13T17:56:58.562605;1749851818.562605;45.252593;;;;;;;0.133333;0.2;0.1;0.04714;[0.1, 0.2, 0.1];0.233333;0.3;0.2;0.04714;[0.2, 0.3, 0.2];0.433333;0.5;0.4;0.04714;[0.4, 0.5, 0.4];0.333333;0.4;0.3;0.04714;[0.3, 0.4, 0.3];0.133333;0.2;0.1;0.04714;[0.1, 0.2, 0.1];;neurosity_session_20250613_175613;;
2025-06-13T17:56:58.613885;1749851818.613885;45.303873;;;;;;;0.133333;0.2;0.1;0.04714;[0.1, 0.2, 0.1];0.233333;0.3;0.2;0.04714;[0.2, 0.3, 0.2];0.433333;0.5;0.4;0.04714;[0.4, 0.5, 0.4];0.333333;0.4;0.3;0.04714;[0.3, 0.4, 0.3];0.133333;0.2;0.1;0.04714;[0.1, 0.2, 0.1];;neurosity_session_20250613_175613;;
2025-06-13T17:56:58.665167;1749851818.665167;45.355155;;;;;;;0.133333;0.2;0.1;0.04714;[0.1, 0.2, 0.1];0.233333;0.3;0.2;0.04714;[0.2, 0.3, 0.2];0.433333;0.5;0.4;0.04714;[0.4, 0.5, 0.4];0.333333;0.4;0.3;0.04714;[0.3, 0.4, 0.3];0.133333;0.2;0.1;0.04714;[0.1, 0.2, 0.1];;neurosity_session_20250613_175613;;
2025-06-13T17:56:58.716695;1749851818.716695;45.406683;;;;;;;0.133333;0.2;0.1;0.04714;[0.1, 0.2, 0.1];0.233333;0.3;0.2;0.04714;[0.2, 0.3, 0.2];0.433333;0.5;0.4;0.04714;[0.4, 0.5, 0.4];0.333333;0.4;0.3;0.04714;[0.3, 0.4, 0.3];0.133333;0.2;0.1;0.04714;[0.1, 0.2, 0.1];;neurosity_session_20250613_175613;;
2025-06-13T17:56:58.767999;1749851818.767999;45.457987;;;;;;;0.133333;0.2;0.1;0.04714;[0.1, 0.2, 0.1];0.233333;0.3;0.2;0.04714;[0.2, 0.3, 0.2];0.433333;0.5;0.4;0.04714;[0.4, 0.5, 0.4];0.333333;0.4;0.3;0.04714;[0.3, 0.4, 0.3];0.133333;0.2;0.1;0.04714;[0.1, 0.2, 0.1];;neurosity_session_20250613_175613;;
2025-06-13T17:56:58.818999;1749851818.818999;45.508987;;;;;;;0.133333;0.2;0.1;0.04714;[0.1, 0.2, 0.1];0.233333;0.3;0.2;0.04714;[0.2, 0.3, 0.2];0.433333;0.5;0.4;0.04714;[0.4, 0.5, 0.4];0.333333;0.4;0.3;0.04714;[0.3, 0.4, 0.3];0.133333;0.2;0.1;0.04714;[0.1, 0.2, 0.1];;neurosity_session_20250613_175613;;
2025-06-13T17:56:58.869957;1749851818.869957;45.559945;;;;;;;0.133333;0.2;0.1;0.04714;[0.1, 0.2, 0.1];0.233333;0.3;0.2;0.04714;[0.2, 0.3, 0.2];0.433333;0.5;0.4;0.04714;[0.4, 0.5, 0.4];0.333333;0.4;0.3;0.04714;[0.3, 0.4, 0.3];0.133333;0.2;0.1;0.04714;[0.1, 0.2, 0.1];;neurosity_session_20250613_175613;;
2025-06-13T17:56:58.920989;1749851818.920989;45.610977;;;;;;;0.133333;0.2;0.1;0.04714;[0.1, 0.2, 0.1];0.233333;0.3;0.2;0.04714;[0.2, 0.3, 0.2];0.433333;0.5;0.4;0.04714;[0.4, 0.5, 0.4];0.333333;0.4;0.3;0.04714;[0.3, 0.4, 0.3];0.133333;0.2;0.1;0.04714;[0.1, 0.2, 0.1];;neurosity_session_20250613_175613;;
2025-06-13T17:56:58.921335;1749851818.921335;45.611323;;;;;;;0.133333;0.2;0.1;0.04714;[0.1, 0.2, 0.1];0.233333;0.3;0.2;0.04714;[0.2, 0.3, 0.2];0.433333;0.5;0.4;0.04714;[0.4, 0.5, 0.4];0.333333;0.4;0.3;0.04714;[0.3, 0.4, 0.3];0.133333;0.2;0.1;0.04714;[0.1, 0.2, 0.1];;neurosity_session_20250613_175613;;
2025-06-13T17:56:58.972381;1749851818.972381;45.662369;;;;;;;0.133333;0.2;0.1;0.04714;[0.1, 0.2, 0.1];0.233333;0.3;0.2;0.04714;[0.2, 0.3, 0.2];0.433333;0.5;0.4;0.04714;[0.4, 0.5, 0.4];0.333333;0.4;0.3;0.04714;[0.3, 0.4, 0.3];0.133333;0.2;0.1;0.04714;[0.1, 0.2, 0.1];;neurosity_session_20250613_175613;;
2025-06-13T17:56:58.972808;1749851818.972808;45.662796;;;;;;;0.133333;0.2;0.1;0.04714;[0.1, 0.2, 0.1];0.233333;0.3;0.2;0.04714;[0.2, 0.3, 0.2];0.433333;0.5;0.4;0.04714;[0.4, 0.5, 0.4];0.333333;0.4;0.3;0.04714;[0.3, 0.4, 0.3];0.133333;0.2;0.1;0.04714;[0.1, 0.2, 0.1];;neurosity_session_20250613_175613;;
2025-06-13T17:56:59.023540;1749851819.02354;45.713528;;;;;;;0.133333;0.2;0.1;0.04714;[0.1, 0.2, 0.1];0.233333;0.3;0.2;0.04714;[0.2, 0.3, 0.2];0.433333;0.5;0.4;0.04714;[0.4, 0.5, 0.4];0.333333;0.4;0.3;0.04714;[0.3, 0.4, 0.3];0.133333;0.2;0.1;0.04714;[0.1, 0.2, 0.1];;neurosity_session_20250613_175613;;
2025-06-13T17:56:59.074535;1749851819.074535;45.764523;;;;;;;0.133333;0.2;0.1;0.04714;[0.1, 0.2, 0.1];0.233333;0.3;0.2;0.04714;[0.2, 0.3, 0.2];0.433333;0.5;0.4;0.04714;[0.4, 0.5, 0.4];0.333333;0.4;0.3;0.04714;[0.3, 0.4, 0.3];0.133333;0.2;0.1;0.04714;[0.1, 0.2, 0.1];;neurosity_session_20250613_175613;;
2025-06-13T17:56:59.125009;1749851819.125009;45.814997;0.7502107670902731;75.02107670902731;;;;;;;;;;;;;;;;;;;;;;;;;;;;;;;neurosity_session_20250613_175613;;
2025-06-13T17:56:59.125212;1749851819.125212;45.8152;;;0.49037088077470975;49.037088077470976;;;;;;;;;;;;;;;;;;;;;;;;;;;;;neurosity_session_20250613_175613;;
2025-06-13T17:56:59.175659;1749851819.175659;45.865647;;;;;;;0.133333;0.2;0.1;0.04714;[0.1, 0.2, 0.1];0.233333;0.3;0.2;0.04714;[0.2, 0.3, 0.2];0.433333;0.5;0.4;0.04714;[0.4, 0.5, 0.4];0.333333;0.4;0.3;0.04714;[0.3, 0.4, 0.3];0.133333;0.2;0.1;0.04714;[0.1, 0.2, 0.1];;neurosity_session_20250613_175613;;
2025-06-13T17:56:59.176093;1749851819.176093;45.866081;;;;;;;0.133333;0.2;0.1;0.04714;[0.1, 0.2, 0.1];0.233333;0.3;0.2;0.04714;[0.2, 0.3, 0.2];0.433333;0.5;0.4;0.04714;[0.4, 0.5, 0.4];0.333333;0.4;0.3;0.04714;[0.3, 0.4, 0.3];0.133333;0.2;0.1;0.04714;[0.1, 0.2, 0.1];;neurosity_session_20250613_175613;;
2025-06-13T17:56:59.226665;1749851819.226665;45.916653;;;;;;;0.133333;0.2;0.1;0.04714;[0.1, 0.2, 0.1];0.233333;0.3;0.2;0.04714;[0.2, 0.3, 0.2];0.433333;0.5;0.4;0.04714;[0.4, 0.5, 0.4];0.333333;0.4;0.3;0.04714;[0.3, 0.4, 0.3];0.133333;0.2;0.1;0.04714;[0.1, 0.2, 0.1];;neurosity_session_20250613_175613;;
2025-06-13T17:56:59.226985;1749851819.226985;45.916973;;;;;;;0.133333;0.2;0.1;0.04714;[0.1, 0.2, 0.1];0.233333;0.3;0.2;0.04714;[0.2, 0.3, 0.2];0.433333;0.5;0.4;0.04714;[0.4, 0.5, 0.4];0.333333;0.4;0.3;0.04714;[0.3, 0.4, 0.3];0.133333;0.2;0.1;0.04714;[0.1, 0.2, 0.1];;neurosity_session_20250613_175613;;
2025-06-13T17:56:59.277719;1749851819.277719;45.967707;;;;;;;0.133333;0.2;0.1;0.04714;[0.1, 0.2, 0.1];0.233333;0.3;0.2;0.04714;[0.2, 0.3, 0.2];0.433333;0.5;0.4;0.04714;[0.4, 0.5, 0.4];0.333333;0.4;0.3;0.04714;[0.3, 0.4, 0.3];0.133333;0.2;0.1;0.04714;[0.1, 0.2, 0.1];;neurosity_session_20250613_175613;;
2025-06-13T17:56:59.328790;1749851819.32879;46.018778;;;;;;;0.133333;0.2;0.1;0.04714;[0.1, 0.2, 0.1];0.233333;0.3;0.2;0.04714;[0.2, 0.3, 0.2];0.433333;0.5;0.4;0.04714;[0.4, 0.5, 0.4];0.333333;0.4;0.3;0.04714;[0.3, 0.4, 0.3];0.133333;0.2;0.1;0.04714;[0.1, 0.2, 0.1];;neurosity_session_20250613_175613;;
2025-06-13T17:56:59.379863;1749851819.379863;46.069851;;;;;;;0.133333;0.2;0.1;0.04714;[0.1, 0.2, 0.1];0.233333;0.3;0.2;0.04714;[0.2, 0.3, 0.2];0.433333;0.5;0.4;0.04714;[0.4, 0.5, 0.4];0.333333;0.4;0.3;0.04714;[0.3, 0.4, 0.3];0.133333;0.2;0.1;0.04714;[0.1, 0.2, 0.1];;neurosity_session_20250613_175613;;
2025-06-13T17:56:59.430345;1749851819.430345;46.120333;;;;;;;0.133333;0.2;0.1;0.04714;[0.1, 0.2, 0.1];0.233333;0.3;0.2;0.04714;[0.2, 0.3, 0.2];0.433333;0.5;0.4;0.04714;[0.4, 0.5, 0.4];0.333333;0.4;0.3;0.04714;[0.3, 0.4, 0.3];0.133333;0.2;0.1;0.04714;[0.1, 0.2, 0.1];;neurosity_session_20250613_175613;;
2025-06-13T17:56:59.481538;1749851819.481538;46.171526;;;;;;;0.133333;0.2;0.1;0.04714;[0.1, 0.2, 0.1];0.233333;0.3;0.2;0.04714;[0.2, 0.3, 0.2];0.433333;0.5;0.4;0.04714;[0.4, 0.5, 0.4];0.333333;0.4;0.3;0.04714;[0.3, 0.4, 0.3];0.133333;0.2;0.1;0.04714;[0.1, 0.2, 0.1];;neurosity_session_20250613_175613;;
2025-06-13T17:56:59.583594;1749851819.583594;46.273582;;;;;;;0.133333;0.2;0.1;0.04714;[0.1, 0.2, 0.1];0.233333;0.3;0.2;0.04714;[0.2, 0.3, 0.2];0.433333;0.5;0.4;0.04714;[0.4, 0.5, 0.4];0.333333;0.4;0.3;0.04714;[0.3, 0.4, 0.3];0.133333;0.2;0.1;0.04714;[0.1, 0.2, 0.1];;neurosity_session_20250613_175613;;
2025-06-13T17:56:59.634781;1749851819.634781;46.324769;;;;;;;0.133333;0.2;0.1;0.04714;[0.1, 0.2, 0.1];0.233333;0.3;0.2;0.04714;[0.2, 0.3, 0.2];0.433333;0.5;0.4;0.04714;[0.4, 0.5, 0.4];0.333333;0.4;0.3;0.04714;[0.3, 0.4, 0.3];0.133333;0.2;0.1;0.04714;[0.1, 0.2, 0.1];;neurosity_session_20250613_175613;;
2025-06-13T17:56:59.686149;1749851819.686149;46.376137;;;;;;;0.133333;0.2;0.1;0.04714;[0.1, 0.2, 0.1];0.233333;0.3;0.2;0.04714;[0.2, 0.3, 0.2];0.433333;0.5;0.4;0.04714;[0.4, 0.5, 0.4];0.333333;0.4;0.3;0.04714;[0.3, 0.4, 0.3];0.133333;0.2;0.1;0.04714;[0.1, 0.2, 0.1];;neurosity_session_20250613_175613;;
2025-06-13T17:56:59.741044;1749851819.741044;46.431032;;;;;;;0.133333;0.2;0.1;0.04714;[0.1, 0.2, 0.1];0.233333;0.3;0.2;0.04714;[0.2, 0.3, 0.2];0.433333;0.5;0.4;0.04714;[0.4, 0.5, 0.4];0.333333;0.4;0.3;0.04714;[0.3, 0.4, 0.3];0.133333;0.2;0.1;0.04714;[0.1, 0.2, 0.1];;neurosity_session_20250613_175613;;
2025-06-13T17:56:59.945669;1749851819.945669;46.635657;;;;;;;0.133333;0.2;0.1;0.04714;[0.1, 0.2, 0.1];0.233333;0.3;0.2;0.04714;[0.2, 0.3, 0.2];0.433333;0.5;0.4;0.04714;[0.4, 0.5, 0.4];0.333333;0.4;0.3;0.04714;[0.3, 0.4, 0.3];0.133333;0.2;0.1;0.04714;[0.1, 0.2, 0.1];;neurosity_session_20250613_175613;;
2025-06-13T17:56:59.996427;1749851819.996427;46.686415;;;;;;;0.133333;0.2;0.1;0.04714;[0.1, 0.2, 0.1];0.233333;0.3;0.2;0.04714;[0.2, 0.3, 0.2];0.433333;0.5;0.4;0.04714;[0.4, 0.5, 0.4];0.333333;0.4;0.3;0.04714;[0.3, 0.4, 0.3];0.133333;0.2;0.1;0.04714;[0.1, 0.2, 0.1];;neurosity_session_20250613_175613;;
2025-06-13T17:57:00.047960;1749851820.04796;46.737948;;;;;;;0.133333;0.2;0.1;0.04714;[0.1, 0.2, 0.1];0.233333;0.3;0.2;0.04714;[0.2, 0.3, 0.2];0.433333;0.5;0.4;0.04714;[0.4, 0.5, 0.4];0.333333;0.4;0.3;0.04714;[0.3, 0.4, 0.3];0.133333;0.2;0.1;0.04714;[0.1, 0.2, 0.1];;neurosity_session_20250613_175613;;
2025-06-13T17:57:00.151699;1749851820.151699;46.841687;0.8987663160788829;89.87663160788829;;;;;;;;;;;;;;;;;;;;;;;;;;;;;;;neurosity_session_20250613_175613;;
2025-06-13T17:57:00.153420;1749851820.15342;46.843408;;;0.376703584772744;37.670358477274405;;;;;;;;;;;;;;;;;;;;;;;;;;;;;neurosity_session_20250613_175613;;
2025-06-13T17:57:00.205321;1749851820.205321;46.895309;;;;;;;0.133333;0.2;0.1;0.04714;[0.1, 0.2, 0.1];0.233333;0.3;0.2;0.04714;[0.2, 0.3, 0.2];0.433333;0.5;0.4;0.04714;[0.4, 0.5, 0.4];0.333333;0.4;0.3;0.04714;[0.3, 0.4, 0.3];0.133333;0.2;0.1;0.04714;[0.1, 0.2, 0.1];;neurosity_session_20250613_175613;;
2025-06-13T17:57:00.256550;1749851820.25655;46.946538;;;;;;;0.133333;0.2;0.1;0.04714;[0.1, 0.2, 0.1];0.233333;0.3;0.2;0.04714;[0.2, 0.3, 0.2];0.433333;0.5;0.4;0.04714;[0.4, 0.5, 0.4];0.333333;0.4;0.3;0.04714;[0.3, 0.4, 0.3];0.133333;0.2;0.1;0.04714;[0.1, 0.2, 0.1];;neurosity_session_20250613_175613;;
2025-06-13T17:57:00.358613;1749851820.358613;47.048601;;;;;;;0.133333;0.2;0.1;0.04714;[0.1, 0.2, 0.1];0.233333;0.3;0.2;0.04714;[0.2, 0.3, 0.2];0.433333;0.5;0.4;0.04714;[0.4, 0.5, 0.4];0.333333;0.4;0.3;0.04714;[0.3, 0.4, 0.3];0.133333;0.2;0.1;0.04714;[0.1, 0.2, 0.1];;neurosity_session_20250613_175613;;
2025-06-13T17:57:00.358916;1749851820.358916;47.048904;;;;;;;0.133333;0.2;0.1;0.04714;[0.1, 0.2, 0.1];0.233333;0.3;0.2;0.04714;[0.2, 0.3, 0.2];0.433333;0.5;0.4;0.04714;[0.4, 0.5, 0.4];0.333333;0.4;0.3;0.04714;[0.3, 0.4, 0.3];0.133333;0.2;0.1;0.04714;[0.1, 0.2, 0.1];;neurosity_session_20250613_175613;;
2025-06-13T17:57:00.409470;1749851820.40947;47.099458;;;;;;;0.133333;0.2;0.1;0.04714;[0.1, 0.2, 0.1];0.233333;0.3;0.2;0.04714;[0.2, 0.3, 0.2];0.433333;0.5;0.4;0.04714;[0.4, 0.5, 0.4];0.333333;0.4;0.3;0.04714;[0.3, 0.4, 0.3];0.133333;0.2;0.1;0.04714;[0.1, 0.2, 0.1];;neurosity_session_20250613_175613;;
2025-06-13T17:57:00.410171;1749851820.410171;47.100159;;;;;;;0.133333;0.2;0.1;0.04714;[0.1, 0.2, 0.1];0.233333;0.3;0.2;0.04714;[0.2, 0.3, 0.2];0.433333;0.5;0.4;0.04714;[0.4, 0.5, 0.4];0.333333;0.4;0.3;0.04714;[0.3, 0.4, 0.3];0.133333;0.2;0.1;0.04714;[0.1, 0.2, 0.1];;neurosity_session_20250613_175613;;
2025-06-13T17:57:00.461181;1749851820.461181;47.151169;;;;;;;0.133333;0.2;0.1;0.04714;[0.1, 0.2, 0.1];0.233333;0.3;0.2;0.04714;[0.2, 0.3, 0.2];0.433333;0.5;0.4;0.04714;[0.4, 0.5, 0.4];0.333333;0.4;0.3;0.04714;[0.3, 0.4, 0.3];0.133333;0.2;0.1;0.04714;[0.1, 0.2, 0.1];;neurosity_session_20250613_175613;;
2025-06-13T17:57:00.512036;1749851820.512036;47.202024;;;;;;;0.133333;0.2;0.1;0.04714;[0.1, 0.2, 0.1];0.233333;0.3;0.2;0.04714;[0.2, 0.3, 0.2];0.433333;0.5;0.4;0.04714;[0.4, 0.5, 0.4];0.333333;0.4;0.3;0.04714;[0.3, 0.4, 0.3];0.133333;0.2;0.1;0.04714;[0.1, 0.2, 0.1];;neurosity_session_20250613_175613;;
2025-06-13T17:57:00.512471;1749851820.512471;47.202459;;;;;;;0.133333;0.2;0.1;0.04714;[0.1, 0.2, 0.1];0.233333;0.3;0.2;0.04714;[0.2, 0.3, 0.2];0.433333;0.5;0.4;0.04714;[0.4, 0.5, 0.4];0.333333;0.4;0.3;0.04714;[0.3, 0.4, 0.3];0.133333;0.2;0.1;0.04714;[0.1, 0.2, 0.1];;neurosity_session_20250613_175613;;
2025-06-13T17:57:00.613999;1749851820.613999;47.303987;;;;;;;0.133333;0.2;0.1;0.04714;[0.1, 0.2, 0.1];0.233333;0.3;0.2;0.04714;[0.2, 0.3, 0.2];0.433333;0.5;0.4;0.04714;[0.4, 0.5, 0.4];0.333333;0.4;0.3;0.04714;[0.3, 0.4, 0.3];0.133333;0.2;0.1;0.04714;[0.1, 0.2, 0.1];;neurosity_session_20250613_175613;;
2025-06-13T17:57:00.664599;1749851820.664599;47.354587;;;;;;;0.133333;0.2;0.1;0.04714;[0.1, 0.2, 0.1];0.233333;0.3;0.2;0.04714;[0.2, 0.3, 0.2];0.433333;0.5;0.4;0.04714;[0.4, 0.5, 0.4];0.333333;0.4;0.3;0.04714;[0.3, 0.4, 0.3];0.133333;0.2;0.1;0.04714;[0.1, 0.2, 0.1];;neurosity_session_20250613_175613;;
2025-06-13T17:57:00.715679;1749851820.715679;47.405667;;;;;;;0.133333;0.2;0.1;0.04714;[0.1, 0.2, 0.1];0.233333;0.3;0.2;0.04714;[0.2, 0.3, 0.2];0.433333;0.5;0.4;0.04714;[0.4, 0.5, 0.4];0.333333;0.4;0.3;0.04714;[0.3, 0.4, 0.3];0.133333;0.2;0.1;0.04714;[0.1, 0.2, 0.1];;neurosity_session_20250613_175613;;
2025-06-13T17:57:00.768090;1749851820.76809;47.458078;;;;;;;0.133333;0.2;0.1;0.04714;[0.1, 0.2, 0.1];0.233333;0.3;0.2;0.04714;[0.2, 0.3, 0.2];0.433333;0.5;0.4;0.04714;[0.4, 0.5, 0.4];0.333333;0.4;0.3;0.04714;[0.3, 0.4, 0.3];0.133333;0.2;0.1;0.04714;[0.1, 0.2, 0.1];;neurosity_session_20250613_175613;;
2025-06-13T17:57:00.922377;1749851820.922377;47.612365;;;;;;;0.133333;0.2;0.1;0.04714;[0.1, 0.2, 0.1];0.233333;0.3;0.2;0.04714;[0.2, 0.3, 0.2];0.433333;0.5;0.4;0.04714;[0.4, 0.5, 0.4];0.333333;0.4;0.3;0.04714;[0.3, 0.4, 0.3];0.133333;0.2;0.1;0.04714;[0.1, 0.2, 0.1];;neurosity_session_20250613_175613;;
2025-06-13T17:57:00.974144;1749851820.974144;47.664132;0.6894794509407404;68.94794509407404;;;;;;;;;;;;;;;;;;;;;;;;;;;;;;;neurosity_session_20250613_175613;;
2025-06-13T17:57:01.026673;1749851821.026673;47.716661;;;;;;;0.133333;0.2;0.1;0.04714;[0.1, 0.2, 0.1];0.233333;0.3;0.2;0.04714;[0.2, 0.3, 0.2];0.433333;0.5;0.4;0.04714;[0.4, 0.5, 0.4];0.333333;0.4;0.3;0.04714;[0.3, 0.4, 0.3];0.133333;0.2;0.1;0.04714;[0.1, 0.2, 0.1];;neurosity_session_20250613_175613;;
2025-06-13T17:57:01.232859;1749851821.232859;47.922847;;;0.5358838786793865;53.58838786793865;;;;;;;;;;;;;;;;;;;;;;;;;;;;;neurosity_session_20250613_175613;;
2025-06-13T17:57:01.284626;1749851821.284626;47.974614;;;;;;;0.133333;0.2;0.1;0.04714;[0.1, 0.2, 0.1];0.233333;0.3;0.2;0.04714;[0.2, 0.3, 0.2];0.433333;0.5;0.4;0.04714;[0.4, 0.5, 0.4];0.333333;0.4;0.3;0.04714;[0.3, 0.4, 0.3];0.133333;0.2;0.1;0.04714;[0.1, 0.2, 0.1];;neurosity_session_20250613_175613;;
2025-06-13T17:57:01.335637;1749851821.335637;48.025625;;;;;;;0.133333;0.2;0.1;0.04714;[0.1, 0.2, 0.1];0.233333;0.3;0.2;0.04714;[0.2, 0.3, 0.2];0.433333;0.5;0.4;0.04714;[0.4, 0.5, 0.4];0.333333;0.4;0.3;0.04714;[0.3, 0.4, 0.3];0.133333;0.2;0.1;0.04714;[0.1, 0.2, 0.1];;neurosity_session_20250613_175613;;
2025-06-13T17:57:01.386492;1749851821.386492;48.07648;;;;;;;0.133333;0.2;0.1;0.04714;[0.1, 0.2, 0.1];0.233333;0.3;0.2;0.04714;[0.2, 0.3, 0.2];0.433333;0.5;0.4;0.04714;[0.4, 0.5, 0.4];0.333333;0.4;0.3;0.04714;[0.3, 0.4, 0.3];0.133333;0.2;0.1;0.04714;[0.1, 0.2, 0.1];;neurosity_session_20250613_175613;;
2025-06-13T17:57:01.386757;1749851821.386757;48.076745;;;;;;;0.133333;0.2;0.1;0.04714;[0.1, 0.2, 0.1];0.233333;0.3;0.2;0.04714;[0.2, 0.3, 0.2];0.433333;0.5;0.4;0.04714;[0.4, 0.5, 0.4];0.333333;0.4;0.3;0.04714;[0.3, 0.4, 0.3];0.133333;0.2;0.1;0.04714;[0.1, 0.2, 0.1];;neurosity_session_20250613_175613;;
2025-06-13T17:57:01.437479;1749851821.437479;48.127467;;;;;;;0.133333;0.2;0.1;0.04714;[0.1, 0.2, 0.1];0.233333;0.3;0.2;0.04714;[0.2, 0.3, 0.2];0.433333;0.5;0.4;0.04714;[0.4, 0.5, 0.4];0.333333;0.4;0.3;0.04714;[0.3, 0.4, 0.3];0.133333;0.2;0.1;0.04714;[0.1, 0.2, 0.1];;neurosity_session_20250613_175613;;
2025-06-13T17:57:01.437753;1749851821.437753;48.127741;;;;;;;0.133333;0.2;0.1;0.04714;[0.1, 0.2, 0.1];0.233333;0.3;0.2;0.04714;[0.2, 0.3, 0.2];0.433333;0.5;0.4;0.04714;[0.4, 0.5, 0.4];0.333333;0.4;0.3;0.04714;[0.3, 0.4, 0.3];0.133333;0.2;0.1;0.04714;[0.1, 0.2, 0.1];;neurosity_session_20250613_175613;;
2025-06-13T17:57:01.488581;1749851821.488581;48.178569;;;;;;;0.133333;0.2;0.1;0.04714;[0.1, 0.2, 0.1];0.233333;0.3;0.2;0.04714;[0.2, 0.3, 0.2];0.433333;0.5;0.4;0.04714;[0.4, 0.5, 0.4];0.333333;0.4;0.3;0.04714;[0.3, 0.4, 0.3];0.133333;0.2;0.1;0.04714;[0.1, 0.2, 0.1];;neurosity_session_20250613_175613;;
2025-06-13T17:57:01.539543;1749851821.539543;48.229531;;;;;;;0.133333;0.2;0.1;0.04714;[0.1, 0.2, 0.1];0.233333;0.3;0.2;0.04714;[0.2, 0.3, 0.2];0.433333;0.5;0.4;0.04714;[0.4, 0.5, 0.4];0.333333;0.4;0.3;0.04714;[0.3, 0.4, 0.3];0.133333;0.2;0.1;0.04714;[0.1, 0.2, 0.1];;neurosity_session_20250613_175613;;
2025-06-13T17:57:01.590558;1749851821.590558;48.280546;;;;;;;0.133333;0.2;0.1;0.04714;[0.1, 0.2, 0.1];0.233333;0.3;0.2;0.04714;[0.2, 0.3, 0.2];0.433333;0.5;0.4;0.04714;[0.4, 0.5, 0.4];0.333333;0.4;0.3;0.04714;[0.3, 0.4, 0.3];0.133333;0.2;0.1;0.04714;[0.1, 0.2, 0.1];;neurosity_session_20250613_175613;;
2025-06-13T17:57:01.590838;1749851821.590838;48.280826;;;;;;;0.133333;0.2;0.1;0.04714;[0.1, 0.2, 0.1];0.233333;0.3;0.2;0.04714;[0.2, 0.3, 0.2];0.433333;0.5;0.4;0.04714;[0.4, 0.5, 0.4];0.333333;0.4;0.3;0.04714;[0.3, 0.4, 0.3];0.133333;0.2;0.1;0.04714;[0.1, 0.2, 0.1];;neurosity_session_20250613_175613;;
2025-06-13T17:57:01.642242;1749851821.642242;48.33223;;;;;;;0.133333;0.2;0.1;0.04714;[0.1, 0.2, 0.1];0.233333;0.3;0.2;0.04714;[0.2, 0.3, 0.2];0.433333;0.5;0.4;0.04714;[0.4, 0.5, 0.4];0.333333;0.4;0.3;0.04714;[0.3, 0.4, 0.3];0.133333;0.2;0.1;0.04714;[0.1, 0.2, 0.1];;neurosity_session_20250613_175613;;
2025-06-13T17:57:01.694948;1749851821.694948;48.384936;;;;;;;0.133333;0.2;0.1;0.04714;[0.1, 0.2, 0.1];0.233333;0.3;0.2;0.04714;[0.2, 0.3, 0.2];0.433333;0.5;0.4;0.04714;[0.4, 0.5, 0.4];0.333333;0.4;0.3;0.04714;[0.3, 0.4, 0.3];0.133333;0.2;0.1;0.04714;[0.1, 0.2, 0.1];;neurosity_session_20250613_175613;;
2025-06-13T17:57:01.797560;1749851821.79756;48.487548;;;;;;;0.133333;0.2;0.1;0.04714;[0.1, 0.2, 0.1];0.233333;0.3;0.2;0.04714;[0.2, 0.3, 0.2];0.433333;0.5;0.4;0.04714;[0.4, 0.5, 0.4];0.333333;0.4;0.3;0.04714;[0.3, 0.4, 0.3];0.133333;0.2;0.1;0.04714;[0.1, 0.2, 0.1];;neurosity_session_20250613_175613;;
2025-06-13T17:57:01.797947;1749851821.797947;48.487935;;;;;;;0.133333;0.2;0.1;0.04714;[0.1, 0.2, 0.1];0.233333;0.3;0.2;0.04714;[0.2, 0.3, 0.2];0.433333;0.5;0.4;0.04714;[0.4, 0.5, 0.4];0.333333;0.4;0.3;0.04714;[0.3, 0.4, 0.3];0.133333;0.2;0.1;0.04714;[0.1, 0.2, 0.1];;neurosity_session_20250613_175613;;
2025-06-13T17:57:01.848591;1749851821.848591;48.538579;;;;;;;0.133333;0.2;0.1;0.04714;[0.1, 0.2, 0.1];0.233333;0.3;0.2;0.04714;[0.2, 0.3, 0.2];0.433333;0.5;0.4;0.04714;[0.4, 0.5, 0.4];0.333333;0.4;0.3;0.04714;[0.3, 0.4, 0.3];0.133333;0.2;0.1;0.04714;[0.1, 0.2, 0.1];;neurosity_session_20250613_175613;;
2025-06-13T17:57:01.899666;1749851821.899666;48.589654;;;;;;;0.133333;0.2;0.1;0.04714;[0.1, 0.2, 0.1];0.233333;0.3;0.2;0.04714;[0.2, 0.3, 0.2];0.433333;0.5;0.4;0.04714;[0.4, 0.5, 0.4];0.333333;0.4;0.3;0.04714;[0.3, 0.4, 0.3];0.133333;0.2;0.1;0.04714;[0.1, 0.2, 0.1];;neurosity_session_20250613_175613;;
2025-06-13T17:57:01.950560;1749851821.95056;48.640548;0.7669068030659203;76.69068030659203;;;;;;;;;;;;;;;;;;;;;;;;;;;;;;;neurosity_session_20250613_175613;;
2025-06-13T17:57:02.101966;1749851822.101966;48.791954;;;0.3527241694861628;35.27241694861628;;;;;;;;;;;;;;;;;;;;;;;;;;;;;neurosity_session_20250613_175613;;
2025-06-13T17:57:02.152568;1749851822.152568;48.842556;;;;;;;0.133333;0.2;0.1;0.04714;[0.1, 0.2, 0.1];0.233333;0.3;0.2;0.04714;[0.2, 0.3, 0.2];0.433333;0.5;0.4;0.04714;[0.4, 0.5, 0.4];0.333333;0.4;0.3;0.04714;[0.3, 0.4, 0.3];0.133333;0.2;0.1;0.04714;[0.1, 0.2, 0.1];;neurosity_session_20250613_175613;;
2025-06-13T17:57:02.152850;1749851822.15285;48.842838;;;;;;;0.133333;0.2;0.1;0.04714;[0.1, 0.2, 0.1];0.233333;0.3;0.2;0.04714;[0.2, 0.3, 0.2];0.433333;0.5;0.4;0.04714;[0.4, 0.5, 0.4];0.333333;0.4;0.3;0.04714;[0.3, 0.4, 0.3];0.133333;0.2;0.1;0.04714;[0.1, 0.2, 0.1];;neurosity_session_20250613_175613;;
2025-06-13T17:57:02.203410;1749851822.20341;48.893398;;;;;;;0.133333;0.2;0.1;0.04714;[0.1, 0.2, 0.1];0.233333;0.3;0.2;0.04714;[0.2, 0.3, 0.2];0.433333;0.5;0.4;0.04714;[0.4, 0.5, 0.4];0.333333;0.4;0.3;0.04714;[0.3, 0.4, 0.3];0.133333;0.2;0.1;0.04714;[0.1, 0.2, 0.1];;neurosity_session_20250613_175613;;
2025-06-13T17:57:02.254107;1749851822.254107;48.944095;;;;;;;0.133333;0.2;0.1;0.04714;[0.1, 0.2, 0.1];0.233333;0.3;0.2;0.04714;[0.2, 0.3, 0.2];0.433333;0.5;0.4;0.04714;[0.4, 0.5, 0.4];0.333333;0.4;0.3;0.04714;[0.3, 0.4, 0.3];0.133333;0.2;0.1;0.04714;[0.1, 0.2, 0.1];;neurosity_session_20250613_175613;;
2025-06-13T17:57:02.304876;1749851822.304876;48.994864;;;;;;;0.133333;0.2;0.1;0.04714;[0.1, 0.2, 0.1];0.233333;0.3;0.2;0.04714;[0.2, 0.3, 0.2];0.433333;0.5;0.4;0.04714;[0.4, 0.5, 0.4];0.333333;0.4;0.3;0.04714;[0.3, 0.4, 0.3];0.133333;0.2;0.1;0.04714;[0.1, 0.2, 0.1];;neurosity_session_20250613_175613;;
2025-06-13T17:57:02.305457;1749851822.305457;48.995445;;;;;;;0.133333;0.2;0.1;0.04714;[0.1, 0.2, 0.1];0.233333;0.3;0.2;0.04714;[0.2, 0.3, 0.2];0.433333;0.5;0.4;0.04714;[0.4, 0.5, 0.4];0.333333;0.4;0.3;0.04714;[0.3, 0.4, 0.3];0.133333;0.2;0.1;0.04714;[0.1, 0.2, 0.1];;neurosity_session_20250613_175613;;
2025-06-13T17:57:02.356425;1749851822.356425;49.046413;;;;;;;0.133333;0.2;0.1;0.04714;[0.1, 0.2, 0.1];0.233333;0.3;0.2;0.04714;[0.2, 0.3, 0.2];0.433333;0.5;0.4;0.04714;[0.4, 0.5, 0.4];0.333333;0.4;0.3;0.04714;[0.3, 0.4, 0.3];0.133333;0.2;0.1;0.04714;[0.1, 0.2, 0.1];;neurosity_session_20250613_175613;;
2025-06-13T17:57:02.407181;1749851822.407181;49.097169;;;;;;;0.133333;0.2;0.1;0.04714;[0.1, 0.2, 0.1];0.233333;0.3;0.2;0.04714;[0.2, 0.3, 0.2];0.433333;0.5;0.4;0.04714;[0.4, 0.5, 0.4];0.333333;0.4;0.3;0.04714;[0.3, 0.4, 0.3];0.133333;0.2;0.1;0.04714;[0.1, 0.2, 0.1];;neurosity_session_20250613_175613;;
2025-06-13T17:57:02.458002;1749851822.458002;49.14799;;;;;;;0.133333;0.2;0.1;0.04714;[0.1, 0.2, 0.1];0.233333;0.3;0.2;0.04714;[0.2, 0.3, 0.2];0.433333;0.5;0.4;0.04714;[0.4, 0.5, 0.4];0.333333;0.4;0.3;0.04714;[0.3, 0.4, 0.3];0.133333;0.2;0.1;0.04714;[0.1, 0.2, 0.1];;neurosity_session_20250613_175613;;
2025-06-13T17:57:02.458258;1749851822.458258;49.148246;;;;;;;0.133333;0.2;0.1;0.04714;[0.1, 0.2, 0.1];0.233333;0.3;0.2;0.04714;[0.2, 0.3, 0.2];0.433333;0.5;0.4;0.04714;[0.4, 0.5, 0.4];0.333333;0.4;0.3;0.04714;[0.3, 0.4, 0.3];0.133333;0.2;0.1;0.04714;[0.1, 0.2, 0.1];;neurosity_session_20250613_175613;;
2025-06-13T17:57:02.610288;1749851822.610288;49.300276;;;;;;;0.133333;0.2;0.1;0.04714;[0.1, 0.2, 0.1];0.233333;0.3;0.2;0.04714;[0.2, 0.3, 0.2];0.433333;0.5;0.4;0.04714;[0.4, 0.5, 0.4];0.333333;0.4;0.3;0.04714;[0.3, 0.4, 0.3];0.133333;0.2;0.1;0.04714;[0.1, 0.2, 0.1];;neurosity_session_20250613_175613;;
2025-06-13T17:57:02.662013;1749851822.662013;49.352001;;;;;;;0.133333;0.2;0.1;0.04714;[0.1, 0.2, 0.1];0.233333;0.3;0.2;0.04714;[0.2, 0.3, 0.2];0.433333;0.5;0.4;0.04714;[0.4, 0.5, 0.4];0.333333;0.4;0.3;0.04714;[0.3, 0.4, 0.3];0.133333;0.2;0.1;0.04714;[0.1, 0.2, 0.1];;neurosity_session_20250613_175613;;
2025-06-13T17:57:02.815323;1749851822.815323;49.505311;;;;;;;0.133333;0.2;0.1;0.04714;[0.1, 0.2, 0.1];0.233333;0.3;0.2;0.04714;[0.2, 0.3, 0.2];0.433333;0.5;0.4;0.04714;[0.4, 0.5, 0.4];0.333333;0.4;0.3;0.04714;[0.3, 0.4, 0.3];0.133333;0.2;0.1;0.04714;[0.1, 0.2, 0.1];;neurosity_session_20250613_175613;;
2025-06-13T17:57:02.815634;1749851822.815634;49.505622;;;;;;;0.133333;0.2;0.1;0.04714;[0.1, 0.2, 0.1];0.233333;0.3;0.2;0.04714;[0.2, 0.3, 0.2];0.433333;0.5;0.4;0.04714;[0.4, 0.5, 0.4];0.333333;0.4;0.3;0.04714;[0.3, 0.4, 0.3];0.133333;0.2;0.1;0.04714;[0.1, 0.2, 0.1];;neurosity_session_20250613_175613;;
2025-06-13T17:57:02.866399;1749851822.866399;49.556387;;;;;;;0.133333;0.2;0.1;0.04714;[0.1, 0.2, 0.1];0.233333;0.3;0.2;0.04714;[0.2, 0.3, 0.2];0.433333;0.5;0.4;0.04714;[0.4, 0.5, 0.4];0.333333;0.4;0.3;0.04714;[0.3, 0.4, 0.3];0.133333;0.2;0.1;0.04714;[0.1, 0.2, 0.1];;neurosity_session_20250613_175613;;
2025-06-13T17:57:02.917438;1749851822.917438;49.607426;;;;;;;0.133333;0.2;0.1;0.04714;[0.1, 0.2, 0.1];0.233333;0.3;0.2;0.04714;[0.2, 0.3, 0.2];0.433333;0.5;0.4;0.04714;[0.4, 0.5, 0.4];0.333333;0.4;0.3;0.04714;[0.3, 0.4, 0.3];0.133333;0.2;0.1;0.04714;[0.1, 0.2, 0.1];;neurosity_session_20250613_175613;;
2025-06-13T17:57:03.020616;1749851823.020616;49.710604;0.6515123588879146;65.15123588879146;;;;;;;;;;;;;;;;;;;;;;;;;;;;;;;neurosity_session_20250613_175613;;
2025-06-13T17:57:03.225526;1749851823.225526;49.915514;;;0.34570725511926204;34.570725511926206;;;;;;;;;;;;;;;;;;;;;;;;;;;;;neurosity_session_20250613_175613;;
2025-06-13T17:57:03.327630;1749851823.32763;50.017618;;;;;;;0.133333;0.2;0.1;0.04714;[0.1, 0.2, 0.1];0.233333;0.3;0.2;0.04714;[0.2, 0.3, 0.2];0.433333;0.5;0.4;0.04714;[0.4, 0.5, 0.4];0.333333;0.4;0.3;0.04714;[0.3, 0.4, 0.3];0.133333;0.2;0.1;0.04714;[0.1, 0.2, 0.1];;neurosity_session_20250613_175613;;
2025-06-13T17:57:03.378220;1749851823.37822;50.068208;;;;;;;0.133333;0.2;0.1;0.04714;[0.1, 0.2, 0.1];0.233333;0.3;0.2;0.04714;[0.2, 0.3, 0.2];0.433333;0.5;0.4;0.04714;[0.4, 0.5, 0.4];0.333333;0.4;0.3;0.04714;[0.3, 0.4, 0.3];0.133333;0.2;0.1;0.04714;[0.1, 0.2, 0.1];;neurosity_session_20250613_175613;;
2025-06-13T17:57:03.378566;1749851823.378566;50.068554;;;;;;;0.133333;0.2;0.1;0.04714;[0.1, 0.2, 0.1];0.233333;0.3;0.2;0.04714;[0.2, 0.3, 0.2];0.433333;0.5;0.4;0.04714;[0.4, 0.5, 0.4];0.333333;0.4;0.3;0.04714;[0.3, 0.4, 0.3];0.133333;0.2;0.1;0.04714;[0.1, 0.2, 0.1];;neurosity_session_20250613_175613;;
2025-06-13T17:57:03.429654;1749851823.429654;50.119642;;;;;;;0.133333;0.2;0.1;0.04714;[0.1, 0.2, 0.1];0.233333;0.3;0.2;0.04714;[0.2, 0.3, 0.2];0.433333;0.5;0.4;0.04714;[0.4, 0.5, 0.4];0.333333;0.4;0.3;0.04714;[0.3, 0.4, 0.3];0.133333;0.2;0.1;0.04714;[0.1, 0.2, 0.1];;neurosity_session_20250613_175613;;
2025-06-13T17:57:03.481497;1749851823.481497;50.171485;;;;;;;0.133333;0.2;0.1;0.04714;[0.1, 0.2, 0.1];0.233333;0.3;0.2;0.04714;[0.2, 0.3, 0.2];0.433333;0.5;0.4;0.04714;[0.4, 0.5, 0.4];0.333333;0.4;0.3;0.04714;[0.3, 0.4, 0.3];0.133333;0.2;0.1;0.04714;[0.1, 0.2, 0.1];;neurosity_session_20250613_175613;;
2025-06-13T17:57:03.533890;1749851823.53389;50.223878;;;;;;;0.133333;0.2;0.1;0.04714;[0.1, 0.2, 0.1];0.233333;0.3;0.2;0.04714;[0.2, 0.3, 0.2];0.433333;0.5;0.4;0.04714;[0.4, 0.5, 0.4];0.333333;0.4;0.3;0.04714;[0.3, 0.4, 0.3];0.133333;0.2;0.1;0.04714;[0.1, 0.2, 0.1];;neurosity_session_20250613_175613;;
2025-06-13T17:57:03.584533;1749851823.584533;50.274521;;;;;;;0.133333;0.2;0.1;0.04714;[0.1, 0.2, 0.1];0.233333;0.3;0.2;0.04714;[0.2, 0.3, 0.2];0.433333;0.5;0.4;0.04714;[0.4, 0.5, 0.4];0.333333;0.4;0.3;0.04714;[0.3, 0.4, 0.3];0.133333;0.2;0.1;0.04714;[0.1, 0.2, 0.1];;neurosity_session_20250613_175613;;
2025-06-13T17:57:03.635150;1749851823.63515;50.325138;;;;;;;0.133333;0.2;0.1;0.04714;[0.1, 0.2, 0.1];0.233333;0.3;0.2;0.04714;[0.2, 0.3, 0.2];0.433333;0.5;0.4;0.04714;[0.4, 0.5, 0.4];0.333333;0.4;0.3;0.04714;[0.3, 0.4, 0.3];0.133333;0.2;0.1;0.04714;[0.1, 0.2, 0.1];;neurosity_session_20250613_175613;;
2025-06-13T17:57:03.686114;1749851823.686114;50.376102;;;;;;;0.133333;0.2;0.1;0.04714;[0.1, 0.2, 0.1];0.233333;0.3;0.2;0.04714;[0.2, 0.3, 0.2];0.433333;0.5;0.4;0.04714;[0.4, 0.5, 0.4];0.333333;0.4;0.3;0.04714;[0.3, 0.4, 0.3];0.133333;0.2;0.1;0.04714;[0.1, 0.2, 0.1];;neurosity_session_20250613_175613;;
2025-06-13T17:57:03.686571;1749851823.686571;50.376559;;;;;;;0.133333;0.2;0.1;0.04714;[0.1, 0.2, 0.1];0.233333;0.3;0.2;0.04714;[0.2, 0.3, 0.2];0.433333;0.5;0.4;0.04714;[0.4, 0.5, 0.4];0.333333;0.4;0.3;0.04714;[0.3, 0.4, 0.3];0.133333;0.2;0.1;0.04714;[0.1, 0.2, 0.1];;neurosity_session_20250613_175613;;
2025-06-13T17:57:03.737088;1749851823.737088;50.427076;;;;;;;0.133333;0.2;0.1;0.04714;[0.1, 0.2, 0.1];0.233333;0.3;0.2;0.04714;[0.2, 0.3, 0.2];0.433333;0.5;0.4;0.04714;[0.4, 0.5, 0.4];0.333333;0.4;0.3;0.04714;[0.3, 0.4, 0.3];0.133333;0.2;0.1;0.04714;[0.1, 0.2, 0.1];;neurosity_session_20250613_175613;;
2025-06-13T17:57:03.788081;1749851823.788081;50.478069;;;;;;;0.133333;0.2;0.1;0.04714;[0.1, 0.2, 0.1];0.233333;0.3;0.2;0.04714;[0.2, 0.3, 0.2];0.433333;0.5;0.4;0.04714;[0.4, 0.5, 0.4];0.333333;0.4;0.3;0.04714;[0.3, 0.4, 0.3];0.133333;0.2;0.1;0.04714;[0.1, 0.2, 0.1];;neurosity_session_20250613_175613;;
2025-06-13T17:57:03.839331;1749851823.839331;50.529319;;;;;;;0.133333;0.2;0.1;0.04714;[0.1, 0.2, 0.1];0.233333;0.3;0.2;0.04714;[0.2, 0.3, 0.2];0.433333;0.5;0.4;0.04714;[0.4, 0.5, 0.4];0.333333;0.4;0.3;0.04714;[0.3, 0.4, 0.3];0.133333;0.2;0.1;0.04714;[0.1, 0.2, 0.1];;neurosity_session_20250613_175613;;
2025-06-13T17:57:03.890238;1749851823.890238;50.580226;;;;;;;0.133333;0.2;0.1;0.04714;[0.1, 0.2, 0.1];0.233333;0.3;0.2;0.04714;[0.2, 0.3, 0.2];0.433333;0.5;0.4;0.04714;[0.4, 0.5, 0.4];0.333333;0.4;0.3;0.04714;[0.3, 0.4, 0.3];0.133333;0.2;0.1;0.04714;[0.1, 0.2, 0.1];;neurosity_session_20250613_175613;;
2025-06-13T17:57:03.890728;1749851823.890728;50.580716;;;;;;;0.133333;0.2;0.1;0.04714;[0.1, 0.2, 0.1];0.233333;0.3;0.2;0.04714;[0.2, 0.3, 0.2];0.433333;0.5;0.4;0.04714;[0.4, 0.5, 0.4];0.333333;0.4;0.3;0.04714;[0.3, 0.4, 0.3];0.133333;0.2;0.1;0.04714;[0.1, 0.2, 0.1];;neurosity_session_20250613_175613;;
2025-06-13T17:57:04.042980;1749851824.04298;50.732968;0.7858413025347549;78.5841302534755;;;;;;;;;;;;;;;;;;;;;;;;;;;;;;;neurosity_session_20250613_175613;;
2025-06-13T17:57:04.093895;1749851824.093895;50.783883;;;0.4684881628912365;46.848816289123654;;;;;;;;;;;;;;;;;;;;;;;;;;;;;neurosity_session_20250613_175613;;
2025-06-13T17:57:04.094113;1749851824.094113;50.784101;;;;;;;0.133333;0.2;0.1;0.04714;[0.1, 0.2, 0.1];0.233333;0.3;0.2;0.04714;[0.2, 0.3, 0.2];0.433333;0.5;0.4;0.04714;[0.4, 0.5, 0.4];0.333333;0.4;0.3;0.04714;[0.3, 0.4, 0.3];0.133333;0.2;0.1;0.04714;[0.1, 0.2, 0.1];;neurosity_session_20250613_175613;;
2025-06-13T17:57:04.094430;1749851824.09443;50.784418;;;;;;;0.133333;0.2;0.1;0.04714;[0.1, 0.2, 0.1];0.233333;0.3;0.2;0.04714;[0.2, 0.3, 0.2];0.433333;0.5;0.4;0.04714;[0.4, 0.5, 0.4];0.333333;0.4;0.3;0.04714;[0.3, 0.4, 0.3];0.133333;0.2;0.1;0.04714;[0.1, 0.2, 0.1];;neurosity_session_20250613_175613;;
2025-06-13T17:57:04.144962;1749851824.144962;50.83495;;;;;;;0.133333;0.2;0.1;0.04714;[0.1, 0.2, 0.1];0.233333;0.3;0.2;0.04714;[0.2, 0.3, 0.2];0.433333;0.5;0.4;0.04714;[0.4, 0.5, 0.4];0.333333;0.4;0.3;0.04714;[0.3, 0.4, 0.3];0.133333;0.2;0.1;0.04714;[0.1, 0.2, 0.1];;neurosity_session_20250613_175613;;
2025-06-13T17:57:04.195411;1749851824.195411;50.885399;;;;;;;0.133333;0.2;0.1;0.04714;[0.1, 0.2, 0.1];0.233333;0.3;0.2;0.04714;[0.2, 0.3, 0.2];0.433333;0.5;0.4;0.04714;[0.4, 0.5, 0.4];0.333333;0.4;0.3;0.04714;[0.3, 0.4, 0.3];0.133333;0.2;0.1;0.04714;[0.1, 0.2, 0.1];;neurosity_session_20250613_175613;;
2025-06-13T17:57:04.195668;1749851824.195668;50.885656;;;;;;;0.133333;0.2;0.1;0.04714;[0.1, 0.2, 0.1];0.233333;0.3;0.2;0.04714;[0.2, 0.3, 0.2];0.433333;0.5;0.4;0.04714;[0.4, 0.5, 0.4];0.333333;0.4;0.3;0.04714;[0.3, 0.4, 0.3];0.133333;0.2;0.1;0.04714;[0.1, 0.2, 0.1];;neurosity_session_20250613_175613;;
2025-06-13T17:57:04.246133;1749851824.246133;50.936121;;;;;;;0.133333;0.2;0.1;0.04714;[0.1, 0.2, 0.1];0.233333;0.3;0.2;0.04714;[0.2, 0.3, 0.2];0.433333;0.5;0.4;0.04714;[0.4, 0.5, 0.4];0.333333;0.4;0.3;0.04714;[0.3, 0.4, 0.3];0.133333;0.2;0.1;0.04714;[0.1, 0.2, 0.1];;neurosity_session_20250613_175613;;
2025-06-13T17:57:04.296977;1749851824.296977;50.986965;;;;;;;0.133333;0.2;0.1;0.04714;[0.1, 0.2, 0.1];0.233333;0.3;0.2;0.04714;[0.2, 0.3, 0.2];0.433333;0.5;0.4;0.04714;[0.4, 0.5, 0.4];0.333333;0.4;0.3;0.04714;[0.3, 0.4, 0.3];0.133333;0.2;0.1;0.04714;[0.1, 0.2, 0.1];;neurosity_session_20250613_175613;;
2025-06-13T17:57:04.348585;1749851824.348585;51.038573;;;;;;;0.133333;0.2;0.1;0.04714;[0.1, 0.2, 0.1];0.233333;0.3;0.2;0.04714;[0.2, 0.3, 0.2];0.433333;0.5;0.4;0.04714;[0.4, 0.5, 0.4];0.333333;0.4;0.3;0.04714;[0.3, 0.4, 0.3];0.133333;0.2;0.1;0.04714;[0.1, 0.2, 0.1];;neurosity_session_20250613_175613;;
2025-06-13T17:57:04.450130;1749851824.45013;51.140118;;;;;;;0.133333;0.2;0.1;0.04714;[0.1, 0.2, 0.1];0.233333;0.3;0.2;0.04714;[0.2, 0.3, 0.2];0.433333;0.5;0.4;0.04714;[0.4, 0.5, 0.4];0.333333;0.4;0.3;0.04714;[0.3, 0.4, 0.3];0.133333;0.2;0.1;0.04714;[0.1, 0.2, 0.1];;neurosity_session_20250613_175613;;
2025-06-13T17:57:04.501217;1749851824.501217;51.191205;;;;;;;0.133333;0.2;0.1;0.04714;[0.1, 0.2, 0.1];0.233333;0.3;0.2;0.04714;[0.2, 0.3, 0.2];0.433333;0.5;0.4;0.04714;[0.4, 0.5, 0.4];0.333333;0.4;0.3;0.04714;[0.3, 0.4, 0.3];0.133333;0.2;0.1;0.04714;[0.1, 0.2, 0.1];;neurosity_session_20250613_175613;;
2025-06-13T17:57:04.551953;1749851824.551953;51.241941;;;;;;;0.133333;0.2;0.1;0.04714;[0.1, 0.2, 0.1];0.233333;0.3;0.2;0.04714;[0.2, 0.3, 0.2];0.433333;0.5;0.4;0.04714;[0.4, 0.5, 0.4];0.333333;0.4;0.3;0.04714;[0.3, 0.4, 0.3];0.133333;0.2;0.1;0.04714;[0.1, 0.2, 0.1];;neurosity_session_20250613_175613;;
2025-06-13T17:57:04.602465;1749851824.602465;51.292453;;;;;;;0.133333;0.2;0.1;0.04714;[0.1, 0.2, 0.1];0.233333;0.3;0.2;0.04714;[0.2, 0.3, 0.2];0.433333;0.5;0.4;0.04714;[0.4, 0.5, 0.4];0.333333;0.4;0.3;0.04714;[0.3, 0.4, 0.3];0.133333;0.2;0.1;0.04714;[0.1, 0.2, 0.1];;neurosity_session_20250613_175613;;
2025-06-13T17:57:04.602783;1749851824.602783;51.292771;;;;;;;0.133333;0.2;0.1;0.04714;[0.1, 0.2, 0.1];0.233333;0.3;0.2;0.04714;[0.2, 0.3, 0.2];0.433333;0.5;0.4;0.04714;[0.4, 0.5, 0.4];0.333333;0.4;0.3;0.04714;[0.3, 0.4, 0.3];0.133333;0.2;0.1;0.04714;[0.1, 0.2, 0.1];;neurosity_session_20250613_175613;;
2025-06-13T17:57:04.806575;1749851824.806575;51.496563;;;;;;;0.133333;0.2;0.1;0.04714;[0.1, 0.2, 0.1];0.233333;0.3;0.2;0.04714;[0.2, 0.3, 0.2];0.433333;0.5;0.4;0.04714;[0.4, 0.5, 0.4];0.333333;0.4;0.3;0.04714;[0.3, 0.4, 0.3];0.133333;0.2;0.1;0.04714;[0.1, 0.2, 0.1];;neurosity_session_20250613_175613;;
2025-06-13T17:57:04.908828;1749851824.908828;51.598816;;;;;;;0.133333;0.2;0.1;0.04714;[0.1, 0.2, 0.1];0.233333;0.3;0.2;0.04714;[0.2, 0.3, 0.2];0.433333;0.5;0.4;0.04714;[0.4, 0.5, 0.4];0.333333;0.4;0.3;0.04714;[0.3, 0.4, 0.3];0.133333;0.2;0.1;0.04714;[0.1, 0.2, 0.1];;neurosity_session_20250613_175613;;
2025-06-13T17:57:04.959877;1749851824.959877;51.649865;;;;;;;0.133333;0.2;0.1;0.04714;[0.1, 0.2, 0.1];0.233333;0.3;0.2;0.04714;[0.2, 0.3, 0.2];0.433333;0.5;0.4;0.04714;[0.4, 0.5, 0.4];0.333333;0.4;0.3;0.04714;[0.3, 0.4, 0.3];0.133333;0.2;0.1;0.04714;[0.1, 0.2, 0.1];;neurosity_session_20250613_175613;;
2025-06-13T17:57:05.061358;1749851825.061358;51.751346;0.7426712605547849;74.2671260554785;;;;;;;;;;;;;;;;;;;;;;;;;;;;;;;neurosity_session_20250613_175613;;
2025-06-13T17:57:05.061566;1749851825.061566;51.751554;;;0.35253925271756914;35.25392527175691;;;;;;;;;;;;;;;;;;;;;;;;;;;;;neurosity_session_20250613_175613;;
2025-06-13T17:57:05.061717;1749851825.061717;51.751705;;;;;;;0.133333;0.2;0.1;0.04714;[0.1, 0.2, 0.1];0.233333;0.3;0.2;0.04714;[0.2, 0.3, 0.2];0.433333;0.5;0.4;0.04714;[0.4, 0.5, 0.4];0.333333;0.4;0.3;0.04714;[0.3, 0.4, 0.3];0.133333;0.2;0.1;0.04714;[0.1, 0.2, 0.1];;neurosity_session_20250613_175613;;
2025-06-13T17:57:05.112728;1749851825.112728;51.802716;;;;;;;0.133333;0.2;0.1;0.04714;[0.1, 0.2, 0.1];0.233333;0.3;0.2;0.04714;[0.2, 0.3, 0.2];0.433333;0.5;0.4;0.04714;[0.4, 0.5, 0.4];0.333333;0.4;0.3;0.04714;[0.3, 0.4, 0.3];0.133333;0.2;0.1;0.04714;[0.1, 0.2, 0.1];;neurosity_session_20250613_175613;;
2025-06-13T17:57:05.113136;1749851825.113136;51.803124;;;;;;;0.133333;0.2;0.1;0.04714;[0.1, 0.2, 0.1];0.233333;0.3;0.2;0.04714;[0.2, 0.3, 0.2];0.433333;0.5;0.4;0.04714;[0.4, 0.5, 0.4];0.333333;0.4;0.3;0.04714;[0.3, 0.4, 0.3];0.133333;0.2;0.1;0.04714;[0.1, 0.2, 0.1];;neurosity_session_20250613_175613;;
2025-06-13T17:57:05.163807;1749851825.163807;51.853795;;;;;;;0.133333;0.2;0.1;0.04714;[0.1, 0.2, 0.1];0.233333;0.3;0.2;0.04714;[0.2, 0.3, 0.2];0.433333;0.5;0.4;0.04714;[0.4, 0.5, 0.4];0.333333;0.4;0.3;0.04714;[0.3, 0.4, 0.3];0.133333;0.2;0.1;0.04714;[0.1, 0.2, 0.1];;neurosity_session_20250613_175613;;
2025-06-13T17:57:05.571195;1749851825.571195;52.261183;;;;;;;0.133333;0.2;0.1;0.04714;[0.1, 0.2, 0.1];0.233333;0.3;0.2;0.04714;[0.2, 0.3, 0.2];0.433333;0.5;0.4;0.04714;[0.4, 0.5, 0.4];0.333333;0.4;0.3;0.04714;[0.3, 0.4, 0.3];0.133333;0.2;0.1;0.04714;[0.1, 0.2, 0.1];;neurosity_session_20250613_175613;;
2025-06-13T17:57:05.622332;1749851825.622332;52.31232;;;;;;;0.133333;0.2;0.1;0.04714;[0.1, 0.2, 0.1];0.233333;0.3;0.2;0.04714;[0.2, 0.3, 0.2];0.433333;0.5;0.4;0.04714;[0.4, 0.5, 0.4];0.333333;0.4;0.3;0.04714;[0.3, 0.4, 0.3];0.133333;0.2;0.1;0.04714;[0.1, 0.2, 0.1];;neurosity_session_20250613_175613;;
2025-06-13T17:57:05.673544;1749851825.673544;52.363532;;;;;;;0.133333;0.2;0.1;0.04714;[0.1, 0.2, 0.1];0.233333;0.3;0.2;0.04714;[0.2, 0.3, 0.2];0.433333;0.5;0.4;0.04714;[0.4, 0.5, 0.4];0.333333;0.4;0.3;0.04714;[0.3, 0.4, 0.3];0.133333;0.2;0.1;0.04714;[0.1, 0.2, 0.1];;neurosity_session_20250613_175613;;
2025-06-13T17:57:05.673820;1749851825.67382;52.363808;;;;;;;0.133333;0.2;0.1;0.04714;[0.1, 0.2, 0.1];0.233333;0.3;0.2;0.04714;[0.2, 0.3, 0.2];0.433333;0.5;0.4;0.04714;[0.4, 0.5, 0.4];0.333333;0.4;0.3;0.04714;[0.3, 0.4, 0.3];0.133333;0.2;0.1;0.04714;[0.1, 0.2, 0.1];;neurosity_session_20250613_175613;;
2025-06-13T17:57:05.724290;1749851825.72429;52.414278;;;;;;;0.133333;0.2;0.1;0.04714;[0.1, 0.2, 0.1];0.233333;0.3;0.2;0.04714;[0.2, 0.3, 0.2];0.433333;0.5;0.4;0.04714;[0.4, 0.5, 0.4];0.333333;0.4;0.3;0.04714;[0.3, 0.4, 0.3];0.133333;0.2;0.1;0.04714;[0.1, 0.2, 0.1];;neurosity_session_20250613_175613;;
2025-06-13T17:57:05.724621;1749851825.724621;52.414609;;;;;;;0.133333;0.2;0.1;0.04714;[0.1, 0.2, 0.1];0.233333;0.3;0.2;0.04714;[0.2, 0.3, 0.2];0.433333;0.5;0.4;0.04714;[0.4, 0.5, 0.4];0.333333;0.4;0.3;0.04714;[0.3, 0.4, 0.3];0.133333;0.2;0.1;0.04714;[0.1, 0.2, 0.1];;neurosity_session_20250613_175613;;
2025-06-13T17:57:05.775622;1749851825.775622;52.46561;;;;;;;0.133333;0.2;0.1;0.04714;[0.1, 0.2, 0.1];0.233333;0.3;0.2;0.04714;[0.2, 0.3, 0.2];0.433333;0.5;0.4;0.04714;[0.4, 0.5, 0.4];0.333333;0.4;0.3;0.04714;[0.3, 0.4, 0.3];0.133333;0.2;0.1;0.04714;[0.1, 0.2, 0.1];;neurosity_session_20250613_175613;;
2025-06-13T17:57:05.826968;1749851825.826968;52.516956;;;;;;;0.133333;0.2;0.1;0.04714;[0.1, 0.2, 0.1];0.233333;0.3;0.2;0.04714;[0.2, 0.3, 0.2];0.433333;0.5;0.4;0.04714;[0.4, 0.5, 0.4];0.333333;0.4;0.3;0.04714;[0.3, 0.4, 0.3];0.133333;0.2;0.1;0.04714;[0.1, 0.2, 0.1];;neurosity_session_20250613_175613;;
2025-06-13T17:57:05.878508;1749851825.878508;52.568496;;;;;;;0.133333;0.2;0.1;0.04714;[0.1, 0.2, 0.1];0.233333;0.3;0.2;0.04714;[0.2, 0.3, 0.2];0.433333;0.5;0.4;0.04714;[0.4, 0.5, 0.4];0.333333;0.4;0.3;0.04714;[0.3, 0.4, 0.3];0.133333;0.2;0.1;0.04714;[0.1, 0.2, 0.1];;neurosity_session_20250613_175613;;
2025-06-13T17:57:05.929150;1749851825.92915;52.619138;;;;;;;0.133333;0.2;0.1;0.04714;[0.1, 0.2, 0.1];0.233333;0.3;0.2;0.04714;[0.2, 0.3, 0.2];0.433333;0.5;0.4;0.04714;[0.4, 0.5, 0.4];0.333333;0.4;0.3;0.04714;[0.3, 0.4, 0.3];0.133333;0.2;0.1;0.04714;[0.1, 0.2, 0.1];;neurosity_session_20250613_175613;;
2025-06-13T17:57:05.980025;1749851825.980025;52.670013;;;;;;;0.133333;0.2;0.1;0.04714;[0.1, 0.2, 0.1];0.233333;0.3;0.2;0.04714;[0.2, 0.3, 0.2];0.433333;0.5;0.4;0.04714;[0.4, 0.5, 0.4];0.333333;0.4;0.3;0.04714;[0.3, 0.4, 0.3];0.133333;0.2;0.1;0.04714;[0.1, 0.2, 0.1];;neurosity_session_20250613_175613;;
2025-06-13T17:57:05.980847;1749851825.980847;52.670835;;;;;;;0.133333;0.2;0.1;0.04714;[0.1, 0.2, 0.1];0.233333;0.3;0.2;0.04714;[0.2, 0.3, 0.2];0.433333;0.5;0.4;0.04714;[0.4, 0.5, 0.4];0.333333;0.4;0.3;0.04714;[0.3, 0.4, 0.3];0.133333;0.2;0.1;0.04714;[0.1, 0.2, 0.1];;neurosity_session_20250613_175613;;
2025-06-13T17:57:06.337230;1749851826.33723;53.027218;0.7425523354041779;74.25523354041779;;;;;;;;;;;;;;;;;;;;;;;;;;;;;;;neurosity_session_20250613_175613;;
2025-06-13T17:57:06.338359;1749851826.338359;53.028347;;;0.48663312851738055;48.663312851738056;;;;;;;;;;;;;;;;;;;;;;;;;;;;;neurosity_session_20250613_175613;;
2025-06-13T17:57:06.494124;1749851826.494124;53.184112;;;;;;;0.133333;0.2;0.1;0.04714;[0.1, 0.2, 0.1];0.233333;0.3;0.2;0.04714;[0.2, 0.3, 0.2];0.433333;0.5;0.4;0.04714;[0.4, 0.5, 0.4];0.333333;0.4;0.3;0.04714;[0.3, 0.4, 0.3];0.133333;0.2;0.1;0.04714;[0.1, 0.2, 0.1];;neurosity_session_20250613_175613;;
2025-06-13T17:57:06.495991;1749851826.495991;53.185979;;;;;;;0.133333;0.2;0.1;0.04714;[0.1, 0.2, 0.1];0.233333;0.3;0.2;0.04714;[0.2, 0.3, 0.2];0.433333;0.5;0.4;0.04714;[0.4, 0.5, 0.4];0.333333;0.4;0.3;0.04714;[0.3, 0.4, 0.3];0.133333;0.2;0.1;0.04714;[0.1, 0.2, 0.1];;neurosity_session_20250613_175613;;
2025-06-13T17:57:06.598589;1749851826.598589;53.288577;;;;;;;0.133333;0.2;0.1;0.04714;[0.1, 0.2, 0.1];0.233333;0.3;0.2;0.04714;[0.2, 0.3, 0.2];0.433333;0.5;0.4;0.04714;[0.4, 0.5, 0.4];0.333333;0.4;0.3;0.04714;[0.3, 0.4, 0.3];0.133333;0.2;0.1;0.04714;[0.1, 0.2, 0.1];;neurosity_session_20250613_175613;;
2025-06-13T17:57:06.649850;1749851826.64985;53.339838;;;;;;;0.133333;0.2;0.1;0.04714;[0.1, 0.2, 0.1];0.233333;0.3;0.2;0.04714;[0.2, 0.3, 0.2];0.433333;0.5;0.4;0.04714;[0.4, 0.5, 0.4];0.333333;0.4;0.3;0.04714;[0.3, 0.4, 0.3];0.133333;0.2;0.1;0.04714;[0.1, 0.2, 0.1];;neurosity_session_20250613_175613;;
2025-06-13T17:57:06.701204;1749851826.701204;53.391192;;;;;;;0.133333;0.2;0.1;0.04714;[0.1, 0.2, 0.1];0.233333;0.3;0.2;0.04714;[0.2, 0.3, 0.2];0.433333;0.5;0.4;0.04714;[0.4, 0.5, 0.4];0.333333;0.4;0.3;0.04714;[0.3, 0.4, 0.3];0.133333;0.2;0.1;0.04714;[0.1, 0.2, 0.1];;neurosity_session_20250613_175613;;
2025-06-13T17:57:06.752592;1749851826.752592;53.44258;;;;;;;0.133333;0.2;0.1;0.04714;[0.1, 0.2, 0.1];0.233333;0.3;0.2;0.04714;[0.2, 0.3, 0.2];0.433333;0.5;0.4;0.04714;[0.4, 0.5, 0.4];0.333333;0.4;0.3;0.04714;[0.3, 0.4, 0.3];0.133333;0.2;0.1;0.04714;[0.1, 0.2, 0.1];;neurosity_session_20250613_175613;;
2025-06-13T17:57:06.803772;1749851826.803772;53.49376;;;;;;;0.133333;0.2;0.1;0.04714;[0.1, 0.2, 0.1];0.233333;0.3;0.2;0.04714;[0.2, 0.3, 0.2];0.433333;0.5;0.4;0.04714;[0.4, 0.5, 0.4];0.333333;0.4;0.3;0.04714;[0.3, 0.4, 0.3];0.133333;0.2;0.1;0.04714;[0.1, 0.2, 0.1];;neurosity_session_20250613_175613;;
2025-06-13T17:57:06.855164;1749851826.855164;53.545152;;;;;;;0.133333;0.2;0.1;0.04714;[0.1, 0.2, 0.1];0.233333;0.3;0.2;0.04714;[0.2, 0.3, 0.2];0.433333;0.5;0.4;0.04714;[0.4, 0.5, 0.4];0.333333;0.4;0.3;0.04714;[0.3, 0.4, 0.3];0.133333;0.2;0.1;0.04714;[0.1, 0.2, 0.1];;neurosity_session_20250613_175613;;
2025-06-13T17:57:06.856442;1749851826.856442;53.54643;;;;;;;0.133333;0.2;0.1;0.04714;[0.1, 0.2, 0.1];0.233333;0.3;0.2;0.04714;[0.2, 0.3, 0.2];0.433333;0.5;0.4;0.04714;[0.4, 0.5, 0.4];0.333333;0.4;0.3;0.04714;[0.3, 0.4, 0.3];0.133333;0.2;0.1;0.04714;[0.1, 0.2, 0.1];;neurosity_session_20250613_175613;;
2025-06-13T17:57:06.958225;1749851826.958225;53.648213;;;;;;;0.133333;0.2;0.1;0.04714;[0.1, 0.2, 0.1];0.233333;0.3;0.2;0.04714;[0.2, 0.3, 0.2];0.433333;0.5;0.4;0.04714;[0.4, 0.5, 0.4];0.333333;0.4;0.3;0.04714;[0.3, 0.4, 0.3];0.133333;0.2;0.1;0.04714;[0.1, 0.2, 0.1];;neurosity_session_20250613_175613;;
2025-06-13T17:57:06.959077;1749851826.959077;53.649065;;;;;;;0.133333;0.2;0.1;0.04714;[0.1, 0.2, 0.1];0.233333;0.3;0.2;0.04714;[0.2, 0.3, 0.2];0.433333;0.5;0.4;0.04714;[0.4, 0.5, 0.4];0.333333;0.4;0.3;0.04714;[0.3, 0.4, 0.3];0.133333;0.2;0.1;0.04714;[0.1, 0.2, 0.1];;neurosity_session_20250613_175613;;
2025-06-13T17:57:07.010414;1749851827.010414;53.700402;;;;;;;0.133333;0.2;0.1;0.04714;[0.1, 0.2, 0.1];0.233333;0.3;0.2;0.04714;[0.2, 0.3, 0.2];0.433333;0.5;0.4;0.04714;[0.4, 0.5, 0.4];0.333333;0.4;0.3;0.04714;[0.3, 0.4, 0.3];0.133333;0.2;0.1;0.04714;[0.1, 0.2, 0.1];;neurosity_session_20250613_175613;;
2025-06-13T17:57:07.112386;1749851827.112386;53.802374;;;;;;;0.133333;0.2;0.1;0.04714;[0.1, 0.2, 0.1];0.233333;0.3;0.2;0.04714;[0.2, 0.3, 0.2];0.433333;0.5;0.4;0.04714;[0.4, 0.5, 0.4];0.333333;0.4;0.3;0.04714;[0.3, 0.4, 0.3];0.133333;0.2;0.1;0.04714;[0.1, 0.2, 0.1];;neurosity_session_20250613_175613;;
2025-06-13T17:57:07.163465;1749851827.163465;53.853453;;;;;;;0.133333;0.2;0.1;0.04714;[0.1, 0.2, 0.1];0.233333;0.3;0.2;0.04714;[0.2, 0.3, 0.2];0.433333;0.5;0.4;0.04714;[0.4, 0.5, 0.4];0.333333;0.4;0.3;0.04714;[0.3, 0.4, 0.3];0.133333;0.2;0.1;0.04714;[0.1, 0.2, 0.1];;neurosity_session_20250613_175613;;
2025-06-13T17:57:07.721297;1749851827.721297;54.411285;;;0.47757437680619247;47.75743768061925;;;;;;;;;;;;;;;;;;;;;;;;;;;;;neurosity_session_20250613_175613;;
2025-06-13T17:57:07.721661;1749851827.721661;54.411649;0.8157848638368814;81.57848638368814;;;;;;;;;;;;;;;;;;;;;;;;;;;;;;;neurosity_session_20250613_175613;;
2025-06-13T17:57:07.772234;1749851827.772234;54.462222;;;;;;;0.133333;0.2;0.1;0.04714;[0.1, 0.2, 0.1];0.233333;0.3;0.2;0.04714;[0.2, 0.3, 0.2];0.433333;0.5;0.4;0.04714;[0.4, 0.5, 0.4];0.333333;0.4;0.3;0.04714;[0.3, 0.4, 0.3];0.133333;0.2;0.1;0.04714;[0.1, 0.2, 0.1];;neurosity_session_20250613_175613;;
2025-06-13T17:57:07.772770;1749851827.77277;54.462758;;;;;;;0.133333;0.2;0.1;0.04714;[0.1, 0.2, 0.1];0.233333;0.3;0.2;0.04714;[0.2, 0.3, 0.2];0.433333;0.5;0.4;0.04714;[0.4, 0.5, 0.4];0.333333;0.4;0.3;0.04714;[0.3, 0.4, 0.3];0.133333;0.2;0.1;0.04714;[0.1, 0.2, 0.1];;neurosity_session_20250613_175613;;
2025-06-13T17:57:07.824153;1749851827.824153;54.514141;;;;;;;0.133333;0.2;0.1;0.04714;[0.1, 0.2, 0.1];0.233333;0.3;0.2;0.04714;[0.2, 0.3, 0.2];0.433333;0.5;0.4;0.04714;[0.4, 0.5, 0.4];0.333333;0.4;0.3;0.04714;[0.3, 0.4, 0.3];0.133333;0.2;0.1;0.04714;[0.1, 0.2, 0.1];;neurosity_session_20250613_175613;;
2025-06-13T17:57:07.874979;1749851827.874979;54.564967;;;;;;;0.133333;0.2;0.1;0.04714;[0.1, 0.2, 0.1];0.233333;0.3;0.2;0.04714;[0.2, 0.3, 0.2];0.433333;0.5;0.4;0.04714;[0.4, 0.5, 0.4];0.333333;0.4;0.3;0.04714;[0.3, 0.4, 0.3];0.133333;0.2;0.1;0.04714;[0.1, 0.2, 0.1];;neurosity_session_20250613_175613;;
2025-06-13T17:57:07.875365;1749851827.875365;54.565353;0.7910387346492986;79.10387346492986;;;;;;;;;;;;;;;;;;;;;;;;;;;;;;;neurosity_session_20250613_175613;;
2025-06-13T17:57:07.926321;1749851827.926321;54.616309;;;;;;;0.133333;0.2;0.1;0.04714;[0.1, 0.2, 0.1];0.233333;0.3;0.2;0.04714;[0.2, 0.3, 0.2];0.433333;0.5;0.4;0.04714;[0.4, 0.5, 0.4];0.333333;0.4;0.3;0.04714;[0.3, 0.4, 0.3];0.133333;0.2;0.1;0.04714;[0.1, 0.2, 0.1];;neurosity_session_20250613_175613;;
2025-06-13T17:57:07.977284;1749851827.977284;54.667272;;;;;;;0.133333;0.2;0.1;0.04714;[0.1, 0.2, 0.1];0.233333;0.3;0.2;0.04714;[0.2, 0.3, 0.2];0.433333;0.5;0.4;0.04714;[0.4, 0.5, 0.4];0.333333;0.4;0.3;0.04714;[0.3, 0.4, 0.3];0.133333;0.2;0.1;0.04714;[0.1, 0.2, 0.1];;neurosity_session_20250613_175613;;
2025-06-13T17:57:08.028107;1749851828.028107;54.718095;;;;;;;0.133333;0.2;0.1;0.04714;[0.1, 0.2, 0.1];0.233333;0.3;0.2;0.04714;[0.2, 0.3, 0.2];0.433333;0.5;0.4;0.04714;[0.4, 0.5, 0.4];0.333333;0.4;0.3;0.04714;[0.3, 0.4, 0.3];0.133333;0.2;0.1;0.04714;[0.1, 0.2, 0.1];;neurosity_session_20250613_175613;;
2025-06-13T17:57:08.130739;1749851828.130739;54.820727;;;0.3684200893618474;36.84200893618474;;;;;;;;;;;;;;;;;;;;;;;;;;;;;neurosity_session_20250613_175613;;
2025-06-13T17:57:08.132130;1749851828.13213;54.822118;;;;;;;0.133333;0.2;0.1;0.04714;[0.1, 0.2, 0.1];0.233333;0.3;0.2;0.04714;[0.2, 0.3, 0.2];0.433333;0.5;0.4;0.04714;[0.4, 0.5, 0.4];0.333333;0.4;0.3;0.04714;[0.3, 0.4, 0.3];0.133333;0.2;0.1;0.04714;[0.1, 0.2, 0.1];;neurosity_session_20250613_175613;;
2025-06-13T17:57:08.234190;1749851828.23419;54.924178;;;;;;;0.133333;0.2;0.1;0.04714;[0.1, 0.2, 0.1];0.233333;0.3;0.2;0.04714;[0.2, 0.3, 0.2];0.433333;0.5;0.4;0.04714;[0.4, 0.5, 0.4];0.333333;0.4;0.3;0.04714;[0.3, 0.4, 0.3];0.133333;0.2;0.1;0.04714;[0.1, 0.2, 0.1];;neurosity_session_20250613_175613;;
2025-06-13T17:57:08.285478;1749851828.285478;54.975466;;;;;;;0.133333;0.2;0.1;0.04714;[0.1, 0.2, 0.1];0.233333;0.3;0.2;0.04714;[0.2, 0.3, 0.2];0.433333;0.5;0.4;0.04714;[0.4, 0.5, 0.4];0.333333;0.4;0.3;0.04714;[0.3, 0.4, 0.3];0.133333;0.2;0.1;0.04714;[0.1, 0.2, 0.1];;neurosity_session_20250613_175613;;
2025-06-13T17:57:08.388475;1749851828.388475;55.078463;;;;;;;0.133333;0.2;0.1;0.04714;[0.1, 0.2, 0.1];0.233333;0.3;0.2;0.04714;[0.2, 0.3, 0.2];0.433333;0.5;0.4;0.04714;[0.4, 0.5, 0.4];0.333333;0.4;0.3;0.04714;[0.3, 0.4, 0.3];0.133333;0.2;0.1;0.04714;[0.1, 0.2, 0.1];;neurosity_session_20250613_175613;;
2025-06-13T17:57:08.439491;1749851828.439491;55.129479;;;;;;;0.133333;0.2;0.1;0.04714;[0.1, 0.2, 0.1];0.233333;0.3;0.2;0.04714;[0.2, 0.3, 0.2];0.433333;0.5;0.4;0.04714;[0.4, 0.5, 0.4];0.333333;0.4;0.3;0.04714;[0.3, 0.4, 0.3];0.133333;0.2;0.1;0.04714;[0.1, 0.2, 0.1];;neurosity_session_20250613_175613;;
2025-06-13T17:57:08.439786;1749851828.439786;55.129774;;;;;;;0.133333;0.2;0.1;0.04714;[0.1, 0.2, 0.1];0.233333;0.3;0.2;0.04714;[0.2, 0.3, 0.2];0.433333;0.5;0.4;0.04714;[0.4, 0.5, 0.4];0.333333;0.4;0.3;0.04714;[0.3, 0.4, 0.3];0.133333;0.2;0.1;0.04714;[0.1, 0.2, 0.1];;neurosity_session_20250613_175613;;
2025-06-13T17:57:08.490575;1749851828.490575;55.180563;;;;;;;0.133333;0.2;0.1;0.04714;[0.1, 0.2, 0.1];0.233333;0.3;0.2;0.04714;[0.2, 0.3, 0.2];0.433333;0.5;0.4;0.04714;[0.4, 0.5, 0.4];0.333333;0.4;0.3;0.04714;[0.3, 0.4, 0.3];0.133333;0.2;0.1;0.04714;[0.1, 0.2, 0.1];;neurosity_session_20250613_175613;;
2025-06-13T17:57:08.541660;1749851828.54166;55.231648;;;;;;;0.133333;0.2;0.1;0.04714;[0.1, 0.2, 0.1];0.233333;0.3;0.2;0.04714;[0.2, 0.3, 0.2];0.433333;0.5;0.4;0.04714;[0.4, 0.5, 0.4];0.333333;0.4;0.3;0.04714;[0.3, 0.4, 0.3];0.133333;0.2;0.1;0.04714;[0.1, 0.2, 0.1];;neurosity_session_20250613_175613;;
2025-06-13T17:57:08.593149;1749851828.593149;55.283137;;;;;;;0.133333;0.2;0.1;0.04714;[0.1, 0.2, 0.1];0.233333;0.3;0.2;0.04714;[0.2, 0.3, 0.2];0.433333;0.5;0.4;0.04714;[0.4, 0.5, 0.4];0.333333;0.4;0.3;0.04714;[0.3, 0.4, 0.3];0.133333;0.2;0.1;0.04714;[0.1, 0.2, 0.1];;neurosity_session_20250613_175613;;
2025-06-13T17:57:08.644844;1749851828.644844;55.334832;;;;;;;0.133333;0.2;0.1;0.04714;[0.1, 0.2, 0.1];0.233333;0.3;0.2;0.04714;[0.2, 0.3, 0.2];0.433333;0.5;0.4;0.04714;[0.4, 0.5, 0.4];0.333333;0.4;0.3;0.04714;[0.3, 0.4, 0.3];0.133333;0.2;0.1;0.04714;[0.1, 0.2, 0.1];;neurosity_session_20250613_175613;;
2025-06-13T17:57:08.646611;1749851828.646611;55.336599;;;;;;;0.133333;0.2;0.1;0.04714;[0.1, 0.2, 0.1];0.233333;0.3;0.2;0.04714;[0.2, 0.3, 0.2];0.433333;0.5;0.4;0.04714;[0.4, 0.5, 0.4];0.333333;0.4;0.3;0.04714;[0.3, 0.4, 0.3];0.133333;0.2;0.1;0.04714;[0.1, 0.2, 0.1];;neurosity_session_20250613_175613;;
2025-06-13T17:57:08.698566;1749851828.698566;55.388554;;;;;;;0.133333;0.2;0.1;0.04714;[0.1, 0.2, 0.1];0.233333;0.3;0.2;0.04714;[0.2, 0.3, 0.2];0.433333;0.5;0.4;0.04714;[0.4, 0.5, 0.4];0.333333;0.4;0.3;0.04714;[0.3, 0.4, 0.3];0.133333;0.2;0.1;0.04714;[0.1, 0.2, 0.1];;neurosity_session_20250613_175613;;
2025-06-13T17:57:08.801651;1749851828.801651;55.491639;;;;;;;0.133333;0.2;0.1;0.04714;[0.1, 0.2, 0.1];0.233333;0.3;0.2;0.04714;[0.2, 0.3, 0.2];0.433333;0.5;0.4;0.04714;[0.4, 0.5, 0.4];0.333333;0.4;0.3;0.04714;[0.3, 0.4, 0.3];0.133333;0.2;0.1;0.04714;[0.1, 0.2, 0.1];;neurosity_session_20250613_175613;;
2025-06-13T17:57:08.852874;1749851828.852874;55.542862;;;;;;;0.133333;0.2;0.1;0.04714;[0.1, 0.2, 0.1];0.233333;0.3;0.2;0.04714;[0.2, 0.3, 0.2];0.433333;0.5;0.4;0.04714;[0.4, 0.5, 0.4];0.333333;0.4;0.3;0.04714;[0.3, 0.4, 0.3];0.133333;0.2;0.1;0.04714;[0.1, 0.2, 0.1];;neurosity_session_20250613_175613;;
2025-06-13T17:57:08.955098;1749851828.955098;55.645086;;;;;;;0.133333;0.2;0.1;0.04714;[0.1, 0.2, 0.1];0.233333;0.3;0.2;0.04714;[0.2, 0.3, 0.2];0.433333;0.5;0.4;0.04714;[0.4, 0.5, 0.4];0.333333;0.4;0.3;0.04714;[0.3, 0.4, 0.3];0.133333;0.2;0.1;0.04714;[0.1, 0.2, 0.1];;neurosity_session_20250613_175613;;
2025-06-13T17:57:09.005825;1749851829.005825;55.695813;;;;;;;0.133333;0.2;0.1;0.04714;[0.1, 0.2, 0.1];0.233333;0.3;0.2;0.04714;[0.2, 0.3, 0.2];0.433333;0.5;0.4;0.04714;[0.4, 0.5, 0.4];0.333333;0.4;0.3;0.04714;[0.3, 0.4, 0.3];0.133333;0.2;0.1;0.04714;[0.1, 0.2, 0.1];;neurosity_session_20250613_175613;;
2025-06-13T17:57:09.006185;1749851829.006185;55.696173;0.8641044936008602;86.41044936008602;;;;;;;;;;;;;;;;;;;;;;;;;;;;;;;neurosity_session_20250613_175613;;
2025-06-13T17:57:09.006428;1749851829.006428;55.696416;;;0.4452657204026641;44.52657204026641;;;;;;;;;;;;;;;;;;;;;;;;;;;;;neurosity_session_20250613_175613;;
2025-06-13T17:57:09.057073;1749851829.057073;55.747061;;;;;;;0.133333;0.2;0.1;0.04714;[0.1, 0.2, 0.1];0.233333;0.3;0.2;0.04714;[0.2, 0.3, 0.2];0.433333;0.5;0.4;0.04714;[0.4, 0.5, 0.4];0.333333;0.4;0.3;0.04714;[0.3, 0.4, 0.3];0.133333;0.2;0.1;0.04714;[0.1, 0.2, 0.1];;neurosity_session_20250613_175613;;
2025-06-13T17:57:09.057555;1749851829.057555;55.747543;;;;;;;0.133333;0.2;0.1;0.04714;[0.1, 0.2, 0.1];0.233333;0.3;0.2;0.04714;[0.2, 0.3, 0.2];0.433333;0.5;0.4;0.04714;[0.4, 0.5, 0.4];0.333333;0.4;0.3;0.04714;[0.3, 0.4, 0.3];0.133333;0.2;0.1;0.04714;[0.1, 0.2, 0.1];;neurosity_session_20250613_175613;;
2025-06-13T17:57:09.108420;1749851829.10842;55.798408;;;;;;;0.133333;0.2;0.1;0.04714;[0.1, 0.2, 0.1];0.233333;0.3;0.2;0.04714;[0.2, 0.3, 0.2];0.433333;0.5;0.4;0.04714;[0.4, 0.5, 0.4];0.333333;0.4;0.3;0.04714;[0.3, 0.4, 0.3];0.133333;0.2;0.1;0.04714;[0.1, 0.2, 0.1];;neurosity_session_20250613_175613;;
2025-06-13T17:57:09.159115;1749851829.159115;55.849103;;;;;;;0.133333;0.2;0.1;0.04714;[0.1, 0.2, 0.1];0.233333;0.3;0.2;0.04714;[0.2, 0.3, 0.2];0.433333;0.5;0.4;0.04714;[0.4, 0.5, 0.4];0.333333;0.4;0.3;0.04714;[0.3, 0.4, 0.3];0.133333;0.2;0.1;0.04714;[0.1, 0.2, 0.1];;neurosity_session_20250613_175613;;
2025-06-13T17:57:09.159471;1749851829.159471;55.849459;;;;;;;0.133333;0.2;0.1;0.04714;[0.1, 0.2, 0.1];0.233333;0.3;0.2;0.04714;[0.2, 0.3, 0.2];0.433333;0.5;0.4;0.04714;[0.4, 0.5, 0.4];0.333333;0.4;0.3;0.04714;[0.3, 0.4, 0.3];0.133333;0.2;0.1;0.04714;[0.1, 0.2, 0.1];;neurosity_session_20250613_175613;;
2025-06-13T17:57:09.210314;1749851829.210314;55.900302;;;;;;;0.133333;0.2;0.1;0.04714;[0.1, 0.2, 0.1];0.233333;0.3;0.2;0.04714;[0.2, 0.3, 0.2];0.433333;0.5;0.4;0.04714;[0.4, 0.5, 0.4];0.333333;0.4;0.3;0.04714;[0.3, 0.4, 0.3];0.133333;0.2;0.1;0.04714;[0.1, 0.2, 0.1];;neurosity_session_20250613_175613;;
2025-06-13T17:57:09.261204;1749851829.261204;55.951192;;;;;;;0.133333;0.2;0.1;0.04714;[0.1, 0.2, 0.1];0.233333;0.3;0.2;0.04714;[0.2, 0.3, 0.2];0.433333;0.5;0.4;0.04714;[0.4, 0.5, 0.4];0.333333;0.4;0.3;0.04714;[0.3, 0.4, 0.3];0.133333;0.2;0.1;0.04714;[0.1, 0.2, 0.1];;neurosity_session_20250613_175613;;
2025-06-13T17:57:09.312106;1749851829.312106;56.002094;;;;;;;0.133333;0.2;0.1;0.04714;[0.1, 0.2, 0.1];0.233333;0.3;0.2;0.04714;[0.2, 0.3, 0.2];0.433333;0.5;0.4;0.04714;[0.4, 0.5, 0.4];0.333333;0.4;0.3;0.04714;[0.3, 0.4, 0.3];0.133333;0.2;0.1;0.04714;[0.1, 0.2, 0.1];;neurosity_session_20250613_175613;;
2025-06-13T17:57:09.312453;1749851829.312453;56.002441;;;;;;;0.133333;0.2;0.1;0.04714;[0.1, 0.2, 0.1];0.233333;0.3;0.2;0.04714;[0.2, 0.3, 0.2];0.433333;0.5;0.4;0.04714;[0.4, 0.5, 0.4];0.333333;0.4;0.3;0.04714;[0.3, 0.4, 0.3];0.133333;0.2;0.1;0.04714;[0.1, 0.2, 0.1];;neurosity_session_20250613_175613;;
2025-06-13T17:57:09.363140;1749851829.36314;56.053128;;;;;;;0.133333;0.2;0.1;0.04714;[0.1, 0.2, 0.1];0.233333;0.3;0.2;0.04714;[0.2, 0.3, 0.2];0.433333;0.5;0.4;0.04714;[0.4, 0.5, 0.4];0.333333;0.4;0.3;0.04714;[0.3, 0.4, 0.3];0.133333;0.2;0.1;0.04714;[0.1, 0.2, 0.1];;neurosity_session_20250613_175613;;
2025-06-13T17:57:09.363491;1749851829.363491;56.053479;;;;;;;0.133333;0.2;0.1;0.04714;[0.1, 0.2, 0.1];0.233333;0.3;0.2;0.04714;[0.2, 0.3, 0.2];0.433333;0.5;0.4;0.04714;[0.4, 0.5, 0.4];0.333333;0.4;0.3;0.04714;[0.3, 0.4, 0.3];0.133333;0.2;0.1;0.04714;[0.1, 0.2, 0.1];;neurosity_session_20250613_175613;;
2025-06-13T17:57:09.363726;1749851829.363726;56.053714;;;;;;;0.133333;0.2;0.1;0.04714;[0.1, 0.2, 0.1];0.233333;0.3;0.2;0.04714;[0.2, 0.3, 0.2];0.433333;0.5;0.4;0.04714;[0.4, 0.5, 0.4];0.333333;0.4;0.3;0.04714;[0.3, 0.4, 0.3];0.133333;0.2;0.1;0.04714;[0.1, 0.2, 0.1];;neurosity_session_20250613_175613;;
2025-06-13T17:57:09.414356;1749851829.414356;56.104344;;;;;;;0.133333;0.2;0.1;0.04714;[0.1, 0.2, 0.1];0.233333;0.3;0.2;0.04714;[0.2, 0.3, 0.2];0.433333;0.5;0.4;0.04714;[0.4, 0.5, 0.4];0.333333;0.4;0.3;0.04714;[0.3, 0.4, 0.3];0.133333;0.2;0.1;0.04714;[0.1, 0.2, 0.1];;neurosity_session_20250613_175613;;
2025-06-13T17:57:09.465047;1749851829.465047;56.155035;;;;;;;0.133333;0.2;0.1;0.04714;[0.1, 0.2, 0.1];0.233333;0.3;0.2;0.04714;[0.2, 0.3, 0.2];0.433333;0.5;0.4;0.04714;[0.4, 0.5, 0.4];0.333333;0.4;0.3;0.04714;[0.3, 0.4, 0.3];0.133333;0.2;0.1;0.04714;[0.1, 0.2, 0.1];;neurosity_session_20250613_175613;;
2025-06-13T17:57:09.516102;1749851829.516102;56.20609;;;;;;;0.133333;0.2;0.1;0.04714;[0.1, 0.2, 0.1];0.233333;0.3;0.2;0.04714;[0.2, 0.3, 0.2];0.433333;0.5;0.4;0.04714;[0.4, 0.5, 0.4];0.333333;0.4;0.3;0.04714;[0.3, 0.4, 0.3];0.133333;0.2;0.1;0.04714;[0.1, 0.2, 0.1];;neurosity_session_20250613_175613;;
2025-06-13T17:57:09.566728;1749851829.566728;56.256716;;;;;;;0.133333;0.2;0.1;0.04714;[0.1, 0.2, 0.1];0.233333;0.3;0.2;0.04714;[0.2, 0.3, 0.2];0.433333;0.5;0.4;0.04714;[0.4, 0.5, 0.4];0.333333;0.4;0.3;0.04714;[0.3, 0.4, 0.3];0.133333;0.2;0.1;0.04714;[0.1, 0.2, 0.1];;neurosity_session_20250613_175613;;
2025-06-13T17:57:09.567246;1749851829.567246;56.257234;;;;;;;0.133333;0.2;0.1;0.04714;[0.1, 0.2, 0.1];0.233333;0.3;0.2;0.04714;[0.2, 0.3, 0.2];0.433333;0.5;0.4;0.04714;[0.4, 0.5, 0.4];0.333333;0.4;0.3;0.04714;[0.3, 0.4, 0.3];0.133333;0.2;0.1;0.04714;[0.1, 0.2, 0.1];;neurosity_session_20250613_175613;;
2025-06-13T17:57:09.618086;1749851829.618086;56.308074;;;;;;;0.133333;0.2;0.1;0.04714;[0.1, 0.2, 0.1];0.233333;0.3;0.2;0.04714;[0.2, 0.3, 0.2];0.433333;0.5;0.4;0.04714;[0.4, 0.5, 0.4];0.333333;0.4;0.3;0.04714;[0.3, 0.4, 0.3];0.133333;0.2;0.1;0.04714;[0.1, 0.2, 0.1];;neurosity_session_20250613_175613;;
2025-06-13T17:57:09.618355;1749851829.618355;56.308343;;;;;;;0.133333;0.2;0.1;0.04714;[0.1, 0.2, 0.1];0.233333;0.3;0.2;0.04714;[0.2, 0.3, 0.2];0.433333;0.5;0.4;0.04714;[0.4, 0.5, 0.4];0.333333;0.4;0.3;0.04714;[0.3, 0.4, 0.3];0.133333;0.2;0.1;0.04714;[0.1, 0.2, 0.1];;neurosity_session_20250613_175613;;
2025-06-13T17:57:09.668893;1749851829.668893;56.358881;;;;;;;0.133333;0.2;0.1;0.04714;[0.1, 0.2, 0.1];0.233333;0.3;0.2;0.04714;[0.2, 0.3, 0.2];0.433333;0.5;0.4;0.04714;[0.4, 0.5, 0.4];0.333333;0.4;0.3;0.04714;[0.3, 0.4, 0.3];0.133333;0.2;0.1;0.04714;[0.1, 0.2, 0.1];;neurosity_session_20250613_175613;;
2025-06-13T17:57:09.719846;1749851829.719846;56.409834;;;;;;;0.133333;0.2;0.1;0.04714;[0.1, 0.2, 0.1];0.233333;0.3;0.2;0.04714;[0.2, 0.3, 0.2];0.433333;0.5;0.4;0.04714;[0.4, 0.5, 0.4];0.333333;0.4;0.3;0.04714;[0.3, 0.4, 0.3];0.133333;0.2;0.1;0.04714;[0.1, 0.2, 0.1];;neurosity_session_20250613_175613;;
2025-06-13T17:57:09.770814;1749851829.770814;56.460802;;;;;;;0.133333;0.2;0.1;0.04714;[0.1, 0.2, 0.1];0.233333;0.3;0.2;0.04714;[0.2, 0.3, 0.2];0.433333;0.5;0.4;0.04714;[0.4, 0.5, 0.4];0.333333;0.4;0.3;0.04714;[0.3, 0.4, 0.3];0.133333;0.2;0.1;0.04714;[0.1, 0.2, 0.1];;neurosity_session_20250613_175613;;
2025-06-13T17:57:09.771122;1749851829.771122;56.46111;;;;;;;0.133333;0.2;0.1;0.04714;[0.1, 0.2, 0.1];0.233333;0.3;0.2;0.04714;[0.2, 0.3, 0.2];0.433333;0.5;0.4;0.04714;[0.4, 0.5, 0.4];0.333333;0.4;0.3;0.04714;[0.3, 0.4, 0.3];0.133333;0.2;0.1;0.04714;[0.1, 0.2, 0.1];;neurosity_session_20250613_175613;;
2025-06-13T17:57:09.821756;1749851829.821756;56.511744;;;;;;;0.133333;0.2;0.1;0.04714;[0.1, 0.2, 0.1];0.233333;0.3;0.2;0.04714;[0.2, 0.3, 0.2];0.433333;0.5;0.4;0.04714;[0.4, 0.5, 0.4];0.333333;0.4;0.3;0.04714;[0.3, 0.4, 0.3];0.133333;0.2;0.1;0.04714;[0.1, 0.2, 0.1];;neurosity_session_20250613_175613;;
2025-06-13T17:57:09.822016;1749851829.822016;56.512004;;;;;;;0.133333;0.2;0.1;0.04714;[0.1, 0.2, 0.1];0.233333;0.3;0.2;0.04714;[0.2, 0.3, 0.2];0.433333;0.5;0.4;0.04714;[0.4, 0.5, 0.4];0.333333;0.4;0.3;0.04714;[0.3, 0.4, 0.3];0.133333;0.2;0.1;0.04714;[0.1, 0.2, 0.1];;neurosity_session_20250613_175613;;
2025-06-13T17:57:09.973769;1749851829.973769;56.663757;0.7604860634624927;76.04860634624927;;;;;;;;;;;;;;;;;;;;;;;;;;;;;;;neurosity_session_20250613_175613;;
2025-06-13T17:57:09.973894;1749851829.973894;56.663882;;;0.341456826462759;34.1456826462759;;;;;;;;;;;;;;;;;;;;;;;;;;;;;neurosity_session_20250613_175613;;
2025-06-13T17:57:10.024346;1749851830.024346;56.714334;;;;;;;0.133333;0.2;0.1;0.04714;[0.1, 0.2, 0.1];0.233333;0.3;0.2;0.04714;[0.2, 0.3, 0.2];0.433333;0.5;0.4;0.04714;[0.4, 0.5, 0.4];0.333333;0.4;0.3;0.04714;[0.3, 0.4, 0.3];0.133333;0.2;0.1;0.04714;[0.1, 0.2, 0.1];;neurosity_session_20250613_175613;;
2025-06-13T17:57:10.077630;1749851830.07763;56.767618;;;;;;;0.133333;0.2;0.1;0.04714;[0.1, 0.2, 0.1];0.233333;0.3;0.2;0.04714;[0.2, 0.3, 0.2];0.433333;0.5;0.4;0.04714;[0.4, 0.5, 0.4];0.333333;0.4;0.3;0.04714;[0.3, 0.4, 0.3];0.133333;0.2;0.1;0.04714;[0.1, 0.2, 0.1];;neurosity_session_20250613_175613;;
2025-06-13T17:57:10.193074;1749851830.193074;56.883062;;;;;;;0.133333;0.2;0.1;0.04714;[0.1, 0.2, 0.1];0.233333;0.3;0.2;0.04714;[0.2, 0.3, 0.2];0.433333;0.5;0.4;0.04714;[0.4, 0.5, 0.4];0.333333;0.4;0.3;0.04714;[0.3, 0.4, 0.3];0.133333;0.2;0.1;0.04714;[0.1, 0.2, 0.1];;neurosity_session_20250613_175613;;
2025-06-13T17:57:10.252112;1749851830.252112;56.9421;;;;;;;0.133333;0.2;0.1;0.04714;[0.1, 0.2, 0.1];0.233333;0.3;0.2;0.04714;[0.2, 0.3, 0.2];0.433333;0.5;0.4;0.04714;[0.4, 0.5, 0.4];0.333333;0.4;0.3;0.04714;[0.3, 0.4, 0.3];0.133333;0.2;0.1;0.04714;[0.1, 0.2, 0.1];;neurosity_session_20250613_175613;;
2025-06-13T17:57:10.506564;1749851830.506564;57.196552;;;;;;;0.133333;0.2;0.1;0.04714;[0.1, 0.2, 0.1];0.233333;0.3;0.2;0.04714;[0.2, 0.3, 0.2];0.433333;0.5;0.4;0.04714;[0.4, 0.5, 0.4];0.333333;0.4;0.3;0.04714;[0.3, 0.4, 0.3];0.133333;0.2;0.1;0.04714;[0.1, 0.2, 0.1];;neurosity_session_20250613_175613;;
2025-06-13T17:57:10.507044;1749851830.507044;57.197032;;;;;;;0.133333;0.2;0.1;0.04714;[0.1, 0.2, 0.1];0.233333;0.3;0.2;0.04714;[0.2, 0.3, 0.2];0.433333;0.5;0.4;0.04714;[0.4, 0.5, 0.4];0.333333;0.4;0.3;0.04714;[0.3, 0.4, 0.3];0.133333;0.2;0.1;0.04714;[0.1, 0.2, 0.1];;neurosity_session_20250613_175613;;
2025-06-13T17:57:10.558061;1749851830.558061;57.248049;;;;;;;0.133333;0.2;0.1;0.04714;[0.1, 0.2, 0.1];0.233333;0.3;0.2;0.04714;[0.2, 0.3, 0.2];0.433333;0.5;0.4;0.04714;[0.4, 0.5, 0.4];0.333333;0.4;0.3;0.04714;[0.3, 0.4, 0.3];0.133333;0.2;0.1;0.04714;[0.1, 0.2, 0.1];;neurosity_session_20250613_175613;;
2025-06-13T17:57:10.609042;1749851830.609042;57.29903;;;;;;;0.133333;0.2;0.1;0.04714;[0.1, 0.2, 0.1];0.233333;0.3;0.2;0.04714;[0.2, 0.3, 0.2];0.433333;0.5;0.4;0.04714;[0.4, 0.5, 0.4];0.333333;0.4;0.3;0.04714;[0.3, 0.4, 0.3];0.133333;0.2;0.1;0.04714;[0.1, 0.2, 0.1];;neurosity_session_20250613_175613;;
2025-06-13T17:57:10.660054;1749851830.660054;57.350042;;;;;;;0.133333;0.2;0.1;0.04714;[0.1, 0.2, 0.1];0.233333;0.3;0.2;0.04714;[0.2, 0.3, 0.2];0.433333;0.5;0.4;0.04714;[0.4, 0.5, 0.4];0.333333;0.4;0.3;0.04714;[0.3, 0.4, 0.3];0.133333;0.2;0.1;0.04714;[0.1, 0.2, 0.1];;neurosity_session_20250613_175613;;
2025-06-13T17:57:10.660625;1749851830.660625;57.350613;;;;;;;0.133333;0.2;0.1;0.04714;[0.1, 0.2, 0.1];0.233333;0.3;0.2;0.04714;[0.2, 0.3, 0.2];0.433333;0.5;0.4;0.04714;[0.4, 0.5, 0.4];0.333333;0.4;0.3;0.04714;[0.3, 0.4, 0.3];0.133333;0.2;0.1;0.04714;[0.1, 0.2, 0.1];;neurosity_session_20250613_175613;;
2025-06-13T17:57:10.711621;1749851830.711621;57.401609;;;;;;;0.133333;0.2;0.1;0.04714;[0.1, 0.2, 0.1];0.233333;0.3;0.2;0.04714;[0.2, 0.3, 0.2];0.433333;0.5;0.4;0.04714;[0.4, 0.5, 0.4];0.333333;0.4;0.3;0.04714;[0.3, 0.4, 0.3];0.133333;0.2;0.1;0.04714;[0.1, 0.2, 0.1];;neurosity_session_20250613_175613;;
2025-06-13T17:57:10.762653;1749851830.762653;57.452641;;;;;;;0.133333;0.2;0.1;0.04714;[0.1, 0.2, 0.1];0.233333;0.3;0.2;0.04714;[0.2, 0.3, 0.2];0.433333;0.5;0.4;0.04714;[0.4, 0.5, 0.4];0.333333;0.4;0.3;0.04714;[0.3, 0.4, 0.3];0.133333;0.2;0.1;0.04714;[0.1, 0.2, 0.1];;neurosity_session_20250613_175613;;
2025-06-13T17:57:10.813725;1749851830.813725;57.503713;;;;;;;0.133333;0.2;0.1;0.04714;[0.1, 0.2, 0.1];0.233333;0.3;0.2;0.04714;[0.2, 0.3, 0.2];0.433333;0.5;0.4;0.04714;[0.4, 0.5, 0.4];0.333333;0.4;0.3;0.04714;[0.3, 0.4, 0.3];0.133333;0.2;0.1;0.04714;[0.1, 0.2, 0.1];;neurosity_session_20250613_175613;;
2025-06-13T17:57:10.814147;1749851830.814147;57.504135;;;;;;;0.133333;0.2;0.1;0.04714;[0.1, 0.2, 0.1];0.233333;0.3;0.2;0.04714;[0.2, 0.3, 0.2];0.433333;0.5;0.4;0.04714;[0.4, 0.5, 0.4];0.333333;0.4;0.3;0.04714;[0.3, 0.4, 0.3];0.133333;0.2;0.1;0.04714;[0.1, 0.2, 0.1];;neurosity_session_20250613_175613;;
2025-06-13T17:57:10.864720;1749851830.86472;57.554708;;;;;;;0.133333;0.2;0.1;0.04714;[0.1, 0.2, 0.1];0.233333;0.3;0.2;0.04714;[0.2, 0.3, 0.2];0.433333;0.5;0.4;0.04714;[0.4, 0.5, 0.4];0.333333;0.4;0.3;0.04714;[0.3, 0.4, 0.3];0.133333;0.2;0.1;0.04714;[0.1, 0.2, 0.1];;neurosity_session_20250613_175613;;
2025-06-13T17:57:10.865025;1749851830.865025;57.555013;;;;;;;0.133333;0.2;0.1;0.04714;[0.1, 0.2, 0.1];0.233333;0.3;0.2;0.04714;[0.2, 0.3, 0.2];0.433333;0.5;0.4;0.04714;[0.4, 0.5, 0.4];0.333333;0.4;0.3;0.04714;[0.3, 0.4, 0.3];0.133333;0.2;0.1;0.04714;[0.1, 0.2, 0.1];;neurosity_session_20250613_175613;;
2025-06-13T17:57:10.966592;1749851830.966592;57.65658;0.8541813674456926;85.41813674456927;;;;;;;;;;;;;;;;;;;;;;;;;;;;;;;neurosity_session_20250613_175613;;
2025-06-13T17:57:11.017293;1749851831.017293;57.707281;;;0.41119374123647284;41.11937412364728;;;;;;;;;;;;;;;;;;;;;;;;;;;;;neurosity_session_20250613_175613;;
2025-06-13T17:57:11.017513;1749851831.017513;57.707501;;;;;;;0.133333;0.2;0.1;0.04714;[0.1, 0.2, 0.1];0.233333;0.3;0.2;0.04714;[0.2, 0.3, 0.2];0.433333;0.5;0.4;0.04714;[0.4, 0.5, 0.4];0.333333;0.4;0.3;0.04714;[0.3, 0.4, 0.3];0.133333;0.2;0.1;0.04714;[0.1, 0.2, 0.1];;neurosity_session_20250613_175613;;
2025-06-13T17:57:11.068377;1749851831.068377;57.758365;;;;;;;0.133333;0.2;0.1;0.04714;[0.1, 0.2, 0.1];0.233333;0.3;0.2;0.04714;[0.2, 0.3, 0.2];0.433333;0.5;0.4;0.04714;[0.4, 0.5, 0.4];0.333333;0.4;0.3;0.04714;[0.3, 0.4, 0.3];0.133333;0.2;0.1;0.04714;[0.1, 0.2, 0.1];;neurosity_session_20250613_175613;;
2025-06-13T17:57:11.119444;1749851831.119444;57.809432;;;;;;;0.133333;0.2;0.1;0.04714;[0.1, 0.2, 0.1];0.233333;0.3;0.2;0.04714;[0.2, 0.3, 0.2];0.433333;0.5;0.4;0.04714;[0.4, 0.5, 0.4];0.333333;0.4;0.3;0.04714;[0.3, 0.4, 0.3];0.133333;0.2;0.1;0.04714;[0.1, 0.2, 0.1];;neurosity_session_20250613_175613;;
2025-06-13T17:57:11.119847;1749851831.119847;57.809835;;;;;;;0.133333;0.2;0.1;0.04714;[0.1, 0.2, 0.1];0.233333;0.3;0.2;0.04714;[0.2, 0.3, 0.2];0.433333;0.5;0.4;0.04714;[0.4, 0.5, 0.4];0.333333;0.4;0.3;0.04714;[0.3, 0.4, 0.3];0.133333;0.2;0.1;0.04714;[0.1, 0.2, 0.1];;neurosity_session_20250613_175613;;
2025-06-13T17:57:11.170469;1749851831.170469;57.860457;;;;;;;0.133333;0.2;0.1;0.04714;[0.1, 0.2, 0.1];0.233333;0.3;0.2;0.04714;[0.2, 0.3, 0.2];0.433333;0.5;0.4;0.04714;[0.4, 0.5, 0.4];0.333333;0.4;0.3;0.04714;[0.3, 0.4, 0.3];0.133333;0.2;0.1;0.04714;[0.1, 0.2, 0.1];;neurosity_session_20250613_175613;;
2025-06-13T17:57:11.170742;1749851831.170742;57.86073;;;;;;;0.133333;0.2;0.1;0.04714;[0.1, 0.2, 0.1];0.233333;0.3;0.2;0.04714;[0.2, 0.3, 0.2];0.433333;0.5;0.4;0.04714;[0.4, 0.5, 0.4];0.333333;0.4;0.3;0.04714;[0.3, 0.4, 0.3];0.133333;0.2;0.1;0.04714;[0.1, 0.2, 0.1];;neurosity_session_20250613_175613;;
2025-06-13T17:57:11.221498;1749851831.221498;57.911486;;;;;;;0.133333;0.2;0.1;0.04714;[0.1, 0.2, 0.1];0.233333;0.3;0.2;0.04714;[0.2, 0.3, 0.2];0.433333;0.5;0.4;0.04714;[0.4, 0.5, 0.4];0.333333;0.4;0.3;0.04714;[0.3, 0.4, 0.3];0.133333;0.2;0.1;0.04714;[0.1, 0.2, 0.1];;neurosity_session_20250613_175613;;
2025-06-13T17:57:11.272586;1749851831.272586;57.962574;;;;;;;0.133333;0.2;0.1;0.04714;[0.1, 0.2, 0.1];0.233333;0.3;0.2;0.04714;[0.2, 0.3, 0.2];0.433333;0.5;0.4;0.04714;[0.4, 0.5, 0.4];0.333333;0.4;0.3;0.04714;[0.3, 0.4, 0.3];0.133333;0.2;0.1;0.04714;[0.1, 0.2, 0.1];;neurosity_session_20250613_175613;;
2025-06-13T17:57:11.323799;1749851831.323799;58.013787;;;;;;;0.133333;0.2;0.1;0.04714;[0.1, 0.2, 0.1];0.233333;0.3;0.2;0.04714;[0.2, 0.3, 0.2];0.433333;0.5;0.4;0.04714;[0.4, 0.5, 0.4];0.333333;0.4;0.3;0.04714;[0.3, 0.4, 0.3];0.133333;0.2;0.1;0.04714;[0.1, 0.2, 0.1];;neurosity_session_20250613_175613;;
2025-06-13T17:57:11.375324;1749851831.375324;58.065312;;;;;;;0.133333;0.2;0.1;0.04714;[0.1, 0.2, 0.1];0.233333;0.3;0.2;0.04714;[0.2, 0.3, 0.2];0.433333;0.5;0.4;0.04714;[0.4, 0.5, 0.4];0.333333;0.4;0.3;0.04714;[0.3, 0.4, 0.3];0.133333;0.2;0.1;0.04714;[0.1, 0.2, 0.1];;neurosity_session_20250613_175613;;
2025-06-13T17:57:11.478258;1749851831.478258;58.168246;;;;;;;0.133333;0.2;0.1;0.04714;[0.1, 0.2, 0.1];0.233333;0.3;0.2;0.04714;[0.2, 0.3, 0.2];0.433333;0.5;0.4;0.04714;[0.4, 0.5, 0.4];0.333333;0.4;0.3;0.04714;[0.3, 0.4, 0.3];0.133333;0.2;0.1;0.04714;[0.1, 0.2, 0.1];;neurosity_session_20250613_175613;;
2025-06-13T17:57:11.581550;1749851831.58155;58.271538;;;;;;;0.133333;0.2;0.1;0.04714;[0.1, 0.2, 0.1];0.233333;0.3;0.2;0.04714;[0.2, 0.3, 0.2];0.433333;0.5;0.4;0.04714;[0.4, 0.5, 0.4];0.333333;0.4;0.3;0.04714;[0.3, 0.4, 0.3];0.133333;0.2;0.1;0.04714;[0.1, 0.2, 0.1];;neurosity_session_20250613_175613;;
2025-06-13T17:57:11.633308;1749851831.633308;58.323296;;;;;;;0.133333;0.2;0.1;0.04714;[0.1, 0.2, 0.1];0.233333;0.3;0.2;0.04714;[0.2, 0.3, 0.2];0.433333;0.5;0.4;0.04714;[0.4, 0.5, 0.4];0.333333;0.4;0.3;0.04714;[0.3, 0.4, 0.3];0.133333;0.2;0.1;0.04714;[0.1, 0.2, 0.1];;neurosity_session_20250613_175613;;
2025-06-13T17:57:11.734701;1749851831.734701;58.424689;;;;;;;0.133333;0.2;0.1;0.04714;[0.1, 0.2, 0.1];0.233333;0.3;0.2;0.04714;[0.2, 0.3, 0.2];0.433333;0.5;0.4;0.04714;[0.4, 0.5, 0.4];0.333333;0.4;0.3;0.04714;[0.3, 0.4, 0.3];0.133333;0.2;0.1;0.04714;[0.1, 0.2, 0.1];;neurosity_session_20250613_175613;;
2025-06-13T17:57:11.735021;1749851831.735021;58.425009;0.7906560861750852;79.06560861750852;;;;;;;;;;;;;;;;;;;;;;;;;;;;;;;neurosity_session_20250613_175613;;
2025-06-13T17:57:11.735133;1749851831.735133;58.425121;;;;;;;0.133333;0.2;0.1;0.04714;[0.1, 0.2, 0.1];0.233333;0.3;0.2;0.04714;[0.2, 0.3, 0.2];0.433333;0.5;0.4;0.04714;[0.4, 0.5, 0.4];0.333333;0.4;0.3;0.04714;[0.3, 0.4, 0.3];0.133333;0.2;0.1;0.04714;[0.1, 0.2, 0.1];;neurosity_session_20250613_175613;;
2025-06-13T17:57:11.939082;1749851831.939082;58.62907;;;0.5434127188171016;54.34127188171016;;;;;;;;;;;;;;;;;;;;;;;;;;;;;neurosity_session_20250613_175613;;
2025-06-13T17:57:12.041381;1749851832.041381;58.731369;;;;;;;0.133333;0.2;0.1;0.04714;[0.1, 0.2, 0.1];0.233333;0.3;0.2;0.04714;[0.2, 0.3, 0.2];0.433333;0.5;0.4;0.04714;[0.4, 0.5, 0.4];0.333333;0.4;0.3;0.04714;[0.3, 0.4, 0.3];0.133333;0.2;0.1;0.04714;[0.1, 0.2, 0.1];;neurosity_session_20250613_175613;;
2025-06-13T17:57:12.041704;1749851832.041704;58.731692;;;;;;;0.133333;0.2;0.1;0.04714;[0.1, 0.2, 0.1];0.233333;0.3;0.2;0.04714;[0.2, 0.3, 0.2];0.433333;0.5;0.4;0.04714;[0.4, 0.5, 0.4];0.333333;0.4;0.3;0.04714;[0.3, 0.4, 0.3];0.133333;0.2;0.1;0.04714;[0.1, 0.2, 0.1];;neurosity_session_20250613_175613;;
2025-06-13T17:57:12.143306;1749851832.143306;58.833294;;;;;;;0.133333;0.2;0.1;0.04714;[0.1, 0.2, 0.1];0.233333;0.3;0.2;0.04714;[0.2, 0.3, 0.2];0.433333;0.5;0.4;0.04714;[0.4, 0.5, 0.4];0.333333;0.4;0.3;0.04714;[0.3, 0.4, 0.3];0.133333;0.2;0.1;0.04714;[0.1, 0.2, 0.1];;neurosity_session_20250613_175613;;
2025-06-13T17:57:12.194709;1749851832.194709;58.884697;;;;;;;0.133333;0.2;0.1;0.04714;[0.1, 0.2, 0.1];0.233333;0.3;0.2;0.04714;[0.2, 0.3, 0.2];0.433333;0.5;0.4;0.04714;[0.4, 0.5, 0.4];0.333333;0.4;0.3;0.04714;[0.3, 0.4, 0.3];0.133333;0.2;0.1;0.04714;[0.1, 0.2, 0.1];;neurosity_session_20250613_175613;;
2025-06-13T17:57:12.245672;1749851832.245672;58.93566;;;;;;;0.133333;0.2;0.1;0.04714;[0.1, 0.2, 0.1];0.233333;0.3;0.2;0.04714;[0.2, 0.3, 0.2];0.433333;0.5;0.4;0.04714;[0.4, 0.5, 0.4];0.333333;0.4;0.3;0.04714;[0.3, 0.4, 0.3];0.133333;0.2;0.1;0.04714;[0.1, 0.2, 0.1];;neurosity_session_20250613_175613;;
2025-06-13T17:57:12.601502;1749851832.601502;59.29149;;;;;;;0.133333;0.2;0.1;0.04714;[0.1, 0.2, 0.1];0.233333;0.3;0.2;0.04714;[0.2, 0.3, 0.2];0.433333;0.5;0.4;0.04714;[0.4, 0.5, 0.4];0.333333;0.4;0.3;0.04714;[0.3, 0.4, 0.3];0.133333;0.2;0.1;0.04714;[0.1, 0.2, 0.1];;neurosity_session_20250613_175613;;
2025-06-13T17:57:12.757221;1749851832.757221;59.447209;0.7618065050766913;76.18065050766913;;;;;;;;;;;;;;;;;;;;;;;;;;;;;;;neurosity_session_20250613_175613;;
2025-06-13T17:57:12.809427;1749851832.809427;59.499415;;;;;;;0.133333;0.2;0.1;0.04714;[0.1, 0.2, 0.1];0.233333;0.3;0.2;0.04714;[0.2, 0.3, 0.2];0.433333;0.5;0.4;0.04714;[0.4, 0.5, 0.4];0.333333;0.4;0.3;0.04714;[0.3, 0.4, 0.3];0.133333;0.2;0.1;0.04714;[0.1, 0.2, 0.1];;neurosity_session_20250613_175613;;
2025-06-13T17:57:13.039967;1749851833.039967;59.729955;;;;;;;0.133333;0.2;0.1;0.04714;[0.1, 0.2, 0.1];0.233333;0.3;0.2;0.04714;[0.2, 0.3, 0.2];0.433333;0.5;0.4;0.04714;[0.4, 0.5, 0.4];0.333333;0.4;0.3;0.04714;[0.3, 0.4, 0.3];0.133333;0.2;0.1;0.04714;[0.1, 0.2, 0.1];;neurosity_session_20250613_175613;;
2025-06-13T17:57:13.040318;1749851833.040318;59.730306;;;0.4428401721283446;44.284017212834456;;;;;;;;;;;;;;;;;;;;;;;;;;;;;neurosity_session_20250613_175613;;
2025-06-13T17:57:13.160385;1749851833.160385;59.850373;;;;;;;0.133333;0.2;0.1;0.04714;[0.1, 0.2, 0.1];0.233333;0.3;0.2;0.04714;[0.2, 0.3, 0.2];0.433333;0.5;0.4;0.04714;[0.4, 0.5, 0.4];0.333333;0.4;0.3;0.04714;[0.3, 0.4, 0.3];0.133333;0.2;0.1;0.04714;[0.1, 0.2, 0.1];;neurosity_session_20250613_175613;;
2025-06-13T17:57:13.274924;1749851833.274924;59.964912;;;;;;;0.133333;0.2;0.1;0.04714;[0.1, 0.2, 0.1];0.233333;0.3;0.2;0.04714;[0.2, 0.3, 0.2];0.433333;0.5;0.4;0.04714;[0.4, 0.5, 0.4];0.333333;0.4;0.3;0.04714;[0.3, 0.4, 0.3];0.133333;0.2;0.1;0.04714;[0.1, 0.2, 0.1];;neurosity_session_20250613_175613;;
2025-06-13T17:57:13.329129;1749851833.329129;60.019117;;;;;;;0.133333;0.2;0.1;0.04714;[0.1, 0.2, 0.1];0.233333;0.3;0.2;0.04714;[0.2, 0.3, 0.2];0.433333;0.5;0.4;0.04714;[0.4, 0.5, 0.4];0.333333;0.4;0.3;0.04714;[0.3, 0.4, 0.3];0.133333;0.2;0.1;0.04714;[0.1, 0.2, 0.1];;neurosity_session_20250613_175613;;
2025-06-13T17:57:13.329794;1749851833.329794;60.019782;;;;;;;0.133333;0.2;0.1;0.04714;[0.1, 0.2, 0.1];0.233333;0.3;0.2;0.04714;[0.2, 0.3, 0.2];0.433333;0.5;0.4;0.04714;[0.4, 0.5, 0.4];0.333333;0.4;0.3;0.04714;[0.3, 0.4, 0.3];0.133333;0.2;0.1;0.04714;[0.1, 0.2, 0.1];;neurosity_session_20250613_175613;;
2025-06-13T17:57:13.381480;1749851833.38148;60.071468;;;;;;;0.133333;0.2;0.1;0.04714;[0.1, 0.2, 0.1];0.233333;0.3;0.2;0.04714;[0.2, 0.3, 0.2];0.433333;0.5;0.4;0.04714;[0.4, 0.5, 0.4];0.333333;0.4;0.3;0.04714;[0.3, 0.4, 0.3];0.133333;0.2;0.1;0.04714;[0.1, 0.2, 0.1];;neurosity_session_20250613_175613;;
2025-06-13T17:57:13.432201;1749851833.432201;60.122189;;;;;;;0.133333;0.2;0.1;0.04714;[0.1, 0.2, 0.1];0.233333;0.3;0.2;0.04714;[0.2, 0.3, 0.2];0.433333;0.5;0.4;0.04714;[0.4, 0.5, 0.4];0.333333;0.4;0.3;0.04714;[0.3, 0.4, 0.3];0.133333;0.2;0.1;0.04714;[0.1, 0.2, 0.1];;neurosity_session_20250613_175613;;
2025-06-13T17:57:13.483265;1749851833.483265;60.173253;;;;;;;0.133333;0.2;0.1;0.04714;[0.1, 0.2, 0.1];0.233333;0.3;0.2;0.04714;[0.2, 0.3, 0.2];0.433333;0.5;0.4;0.04714;[0.4, 0.5, 0.4];0.333333;0.4;0.3;0.04714;[0.3, 0.4, 0.3];0.133333;0.2;0.1;0.04714;[0.1, 0.2, 0.1];;neurosity_session_20250613_175613;;
2025-06-13T17:57:13.534282;1749851833.534282;60.22427;;;;;;;0.133333;0.2;0.1;0.04714;[0.1, 0.2, 0.1];0.233333;0.3;0.2;0.04714;[0.2, 0.3, 0.2];0.433333;0.5;0.4;0.04714;[0.4, 0.5, 0.4];0.333333;0.4;0.3;0.04714;[0.3, 0.4, 0.3];0.133333;0.2;0.1;0.04714;[0.1, 0.2, 0.1];;neurosity_session_20250613_175613;;
2025-06-13T17:57:13.585353;1749851833.585353;60.275341;;;;;;;0.133333;0.2;0.1;0.04714;[0.1, 0.2, 0.1];0.233333;0.3;0.2;0.04714;[0.2, 0.3, 0.2];0.433333;0.5;0.4;0.04714;[0.4, 0.5, 0.4];0.333333;0.4;0.3;0.04714;[0.3, 0.4, 0.3];0.133333;0.2;0.1;0.04714;[0.1, 0.2, 0.1];;neurosity_session_20250613_175613;;
2025-06-13T17:57:13.638303;1749851833.638303;60.328291;;;;;;;0.133333;0.2;0.1;0.04714;[0.1, 0.2, 0.1];0.233333;0.3;0.2;0.04714;[0.2, 0.3, 0.2];0.433333;0.5;0.4;0.04714;[0.4, 0.5, 0.4];0.333333;0.4;0.3;0.04714;[0.3, 0.4, 0.3];0.133333;0.2;0.1;0.04714;[0.1, 0.2, 0.1];;neurosity_session_20250613_175613;;
2025-06-13T17:57:13.638602;1749851833.638602;60.32859;;;;;;;0.133333;0.2;0.1;0.04714;[0.1, 0.2, 0.1];0.233333;0.3;0.2;0.04714;[0.2, 0.3, 0.2];0.433333;0.5;0.4;0.04714;[0.4, 0.5, 0.4];0.333333;0.4;0.3;0.04714;[0.3, 0.4, 0.3];0.133333;0.2;0.1;0.04714;[0.1, 0.2, 0.1];;neurosity_session_20250613_175613;;
2025-06-13T17:57:13.689412;1749851833.689412;60.3794;;;;;;;0.133333;0.2;0.1;0.04714;[0.1, 0.2, 0.1];0.233333;0.3;0.2;0.04714;[0.2, 0.3, 0.2];0.433333;0.5;0.4;0.04714;[0.4, 0.5, 0.4];0.333333;0.4;0.3;0.04714;[0.3, 0.4, 0.3];0.133333;0.2;0.1;0.04714;[0.1, 0.2, 0.1];;neurosity_session_20250613_175613;;
2025-06-13T17:57:13.740452;1749851833.740452;60.43044;;;;;;;0.133333;0.2;0.1;0.04714;[0.1, 0.2, 0.1];0.233333;0.3;0.2;0.04714;[0.2, 0.3, 0.2];0.433333;0.5;0.4;0.04714;[0.4, 0.5, 0.4];0.333333;0.4;0.3;0.04714;[0.3, 0.4, 0.3];0.133333;0.2;0.1;0.04714;[0.1, 0.2, 0.1];;neurosity_session_20250613_175613;;
2025-06-13T17:57:13.791300;1749851833.7913;60.481288;;;;;;;0.133333;0.2;0.1;0.04714;[0.1, 0.2, 0.1];0.233333;0.3;0.2;0.04714;[0.2, 0.3, 0.2];0.433333;0.5;0.4;0.04714;[0.4, 0.5, 0.4];0.333333;0.4;0.3;0.04714;[0.3, 0.4, 0.3];0.133333;0.2;0.1;0.04714;[0.1, 0.2, 0.1];;neurosity_session_20250613_175613;;
2025-06-13T17:57:13.791604;1749851833.791604;60.481592;;;;;;;0.133333;0.2;0.1;0.04714;[0.1, 0.2, 0.1];0.233333;0.3;0.2;0.04714;[0.2, 0.3, 0.2];0.433333;0.5;0.4;0.04714;[0.4, 0.5, 0.4];0.333333;0.4;0.3;0.04714;[0.3, 0.4, 0.3];0.133333;0.2;0.1;0.04714;[0.1, 0.2, 0.1];;neurosity_session_20250613_175613;;
2025-06-13T17:57:13.842378;1749851833.842378;60.532366;;;;;;;0.133333;0.2;0.1;0.04714;[0.1, 0.2, 0.1];0.233333;0.3;0.2;0.04714;[0.2, 0.3, 0.2];0.433333;0.5;0.4;0.04714;[0.4, 0.5, 0.4];0.333333;0.4;0.3;0.04714;[0.3, 0.4, 0.3];0.133333;0.2;0.1;0.04714;[0.1, 0.2, 0.1];;neurosity_session_20250613_175613;;
2025-06-13T17:57:13.893413;1749851833.893413;60.583401;;;;;;;0.133333;0.2;0.1;0.04714;[0.1, 0.2, 0.1];0.233333;0.3;0.2;0.04714;[0.2, 0.3, 0.2];0.433333;0.5;0.4;0.04714;[0.4, 0.5, 0.4];0.333333;0.4;0.3;0.04714;[0.3, 0.4, 0.3];0.133333;0.2;0.1;0.04714;[0.1, 0.2, 0.1];;neurosity_session_20250613_175613;;
2025-06-13T17:57:13.893796;1749851833.893796;60.583784;;;;;;;0.133333;0.2;0.1;0.04714;[0.1, 0.2, 0.1];0.233333;0.3;0.2;0.04714;[0.2, 0.3, 0.2];0.433333;0.5;0.4;0.04714;[0.4, 0.5, 0.4];0.333333;0.4;0.3;0.04714;[0.3, 0.4, 0.3];0.133333;0.2;0.1;0.04714;[0.1, 0.2, 0.1];;neurosity_session_20250613_175613;;
2025-06-13T17:57:13.944398;1749851833.944398;60.634386;;;;;;;0.133333;0.2;0.1;0.04714;[0.1, 0.2, 0.1];0.233333;0.3;0.2;0.04714;[0.2, 0.3, 0.2];0.433333;0.5;0.4;0.04714;[0.4, 0.5, 0.4];0.333333;0.4;0.3;0.04714;[0.3, 0.4, 0.3];0.133333;0.2;0.1;0.04714;[0.1, 0.2, 0.1];;neurosity_session_20250613_175613;;
2025-06-13T17:57:13.944804;1749851833.944804;60.634792;;;;;;;0.133333;0.2;0.1;0.04714;[0.1, 0.2, 0.1];0.233333;0.3;0.2;0.04714;[0.2, 0.3, 0.2];0.433333;0.5;0.4;0.04714;[0.4, 0.5, 0.4];0.333333;0.4;0.3;0.04714;[0.3, 0.4, 0.3];0.133333;0.2;0.1;0.04714;[0.1, 0.2, 0.1];;neurosity_session_20250613_175613;;
2025-06-13T17:57:13.944996;1749851833.944996;60.634984;0.7319899474777641;73.19899474777641;;;;;;;;;;;;;;;;;;;;;;;;;;;;;;;neurosity_session_20250613_175613;;
2025-06-13T17:57:13.995406;1749851833.995406;60.685394;;;0.515379985535975;51.5379985535975;;;;;;;;;;;;;;;;;;;;;;;;;;;;;neurosity_session_20250613_175613;;
2025-06-13T17:57:13.995619;1749851833.995619;60.685607;;;;;;;0.133333;0.2;0.1;0.04714;[0.1, 0.2, 0.1];0.233333;0.3;0.2;0.04714;[0.2, 0.3, 0.2];0.433333;0.5;0.4;0.04714;[0.4, 0.5, 0.4];0.333333;0.4;0.3;0.04714;[0.3, 0.4, 0.3];0.133333;0.2;0.1;0.04714;[0.1, 0.2, 0.1];;neurosity_session_20250613_175613;;
2025-06-13T17:57:14.046930;1749851834.04693;60.736918;;;;;;;0.133333;0.2;0.1;0.04714;[0.1, 0.2, 0.1];0.233333;0.3;0.2;0.04714;[0.2, 0.3, 0.2];0.433333;0.5;0.4;0.04714;[0.4, 0.5, 0.4];0.333333;0.4;0.3;0.04714;[0.3, 0.4, 0.3];0.133333;0.2;0.1;0.04714;[0.1, 0.2, 0.1];;neurosity_session_20250613_175613;;
2025-06-13T17:57:14.097761;1749851834.097761;60.787749;;;;;;;0.133333;0.2;0.1;0.04714;[0.1, 0.2, 0.1];0.233333;0.3;0.2;0.04714;[0.2, 0.3, 0.2];0.433333;0.5;0.4;0.04714;[0.4, 0.5, 0.4];0.333333;0.4;0.3;0.04714;[0.3, 0.4, 0.3];0.133333;0.2;0.1;0.04714;[0.1, 0.2, 0.1];;neurosity_session_20250613_175613;;
2025-06-13T17:57:14.098013;1749851834.098013;60.788001;;;;;;;0.133333;0.2;0.1;0.04714;[0.1, 0.2, 0.1];0.233333;0.3;0.2;0.04714;[0.2, 0.3, 0.2];0.433333;0.5;0.4;0.04714;[0.4, 0.5, 0.4];0.333333;0.4;0.3;0.04714;[0.3, 0.4, 0.3];0.133333;0.2;0.1;0.04714;[0.1, 0.2, 0.1];;neurosity_session_20250613_175613;;
2025-06-13T17:57:14.148837;1749851834.148837;60.838825;;;;;;;0.133333;0.2;0.1;0.04714;[0.1, 0.2, 0.1];0.233333;0.3;0.2;0.04714;[0.2, 0.3, 0.2];0.433333;0.5;0.4;0.04714;[0.4, 0.5, 0.4];0.333333;0.4;0.3;0.04714;[0.3, 0.4, 0.3];0.133333;0.2;0.1;0.04714;[0.1, 0.2, 0.1];;neurosity_session_20250613_175613;;
2025-06-13T17:57:14.199750;1749851834.19975;60.889738;;;;;;;0.133333;0.2;0.1;0.04714;[0.1, 0.2, 0.1];0.233333;0.3;0.2;0.04714;[0.2, 0.3, 0.2];0.433333;0.5;0.4;0.04714;[0.4, 0.5, 0.4];0.333333;0.4;0.3;0.04714;[0.3, 0.4, 0.3];0.133333;0.2;0.1;0.04714;[0.1, 0.2, 0.1];;neurosity_session_20250613_175613;;
2025-06-13T17:57:14.200200;1749851834.2002;60.890188;;;;;;;0.133333;0.2;0.1;0.04714;[0.1, 0.2, 0.1];0.233333;0.3;0.2;0.04714;[0.2, 0.3, 0.2];0.433333;0.5;0.4;0.04714;[0.4, 0.5, 0.4];0.333333;0.4;0.3;0.04714;[0.3, 0.4, 0.3];0.133333;0.2;0.1;0.04714;[0.1, 0.2, 0.1];;neurosity_session_20250613_175613;;
2025-06-13T17:57:14.250999;1749851834.250999;60.940987;;;;;;;0.133333;0.2;0.1;0.04714;[0.1, 0.2, 0.1];0.233333;0.3;0.2;0.04714;[0.2, 0.3, 0.2];0.433333;0.5;0.4;0.04714;[0.4, 0.5, 0.4];0.333333;0.4;0.3;0.04714;[0.3, 0.4, 0.3];0.133333;0.2;0.1;0.04714;[0.1, 0.2, 0.1];;neurosity_session_20250613_175613;;
2025-06-13T17:57:14.251334;1749851834.251334;60.941322;;;;;;;0.133333;0.2;0.1;0.04714;[0.1, 0.2, 0.1];0.233333;0.3;0.2;0.04714;[0.2, 0.3, 0.2];0.433333;0.5;0.4;0.04714;[0.4, 0.5, 0.4];0.333333;0.4;0.3;0.04714;[0.3, 0.4, 0.3];0.133333;0.2;0.1;0.04714;[0.1, 0.2, 0.1];;neurosity_session_20250613_175613;;
2025-06-13T17:57:14.302077;1749851834.302077;60.992065;;;;;;;0.133333;0.2;0.1;0.04714;[0.1, 0.2, 0.1];0.233333;0.3;0.2;0.04714;[0.2, 0.3, 0.2];0.433333;0.5;0.4;0.04714;[0.4, 0.5, 0.4];0.333333;0.4;0.3;0.04714;[0.3, 0.4, 0.3];0.133333;0.2;0.1;0.04714;[0.1, 0.2, 0.1];;neurosity_session_20250613_175613;;
2025-06-13T17:57:14.352521;1749851834.352521;61.042509;;;;;;;0.133333;0.2;0.1;0.04714;[0.1, 0.2, 0.1];0.233333;0.3;0.2;0.04714;[0.2, 0.3, 0.2];0.433333;0.5;0.4;0.04714;[0.4, 0.5, 0.4];0.333333;0.4;0.3;0.04714;[0.3, 0.4, 0.3];0.133333;0.2;0.1;0.04714;[0.1, 0.2, 0.1];;neurosity_session_20250613_175613;;
2025-06-13T17:57:14.403106;1749851834.403106;61.093094;;;;;;;0.133333;0.2;0.1;0.04714;[0.1, 0.2, 0.1];0.233333;0.3;0.2;0.04714;[0.2, 0.3, 0.2];0.433333;0.5;0.4;0.04714;[0.4, 0.5, 0.4];0.333333;0.4;0.3;0.04714;[0.3, 0.4, 0.3];0.133333;0.2;0.1;0.04714;[0.1, 0.2, 0.1];;neurosity_session_20250613_175613;;
2025-06-13T17:57:14.403385;1749851834.403385;61.093373;;;;;;;0.133333;0.2;0.1;0.04714;[0.1, 0.2, 0.1];0.233333;0.3;0.2;0.04714;[0.2, 0.3, 0.2];0.433333;0.5;0.4;0.04714;[0.4, 0.5, 0.4];0.333333;0.4;0.3;0.04714;[0.3, 0.4, 0.3];0.133333;0.2;0.1;0.04714;[0.1, 0.2, 0.1];;neurosity_session_20250613_175613;;
2025-06-13T17:57:14.454056;1749851834.454056;61.144044;;;;;;;0.133333;0.2;0.1;0.04714;[0.1, 0.2, 0.1];0.233333;0.3;0.2;0.04714;[0.2, 0.3, 0.2];0.433333;0.5;0.4;0.04714;[0.4, 0.5, 0.4];0.333333;0.4;0.3;0.04714;[0.3, 0.4, 0.3];0.133333;0.2;0.1;0.04714;[0.1, 0.2, 0.1];;neurosity_session_20250613_175613;;
2025-06-13T17:57:14.454304;1749851834.454304;61.144292;;;;;;;0.133333;0.2;0.1;0.04714;[0.1, 0.2, 0.1];0.233333;0.3;0.2;0.04714;[0.2, 0.3, 0.2];0.433333;0.5;0.4;0.04714;[0.4, 0.5, 0.4];0.333333;0.4;0.3;0.04714;[0.3, 0.4, 0.3];0.133333;0.2;0.1;0.04714;[0.1, 0.2, 0.1];;neurosity_session_20250613_175613;;
2025-06-13T17:57:14.505012;1749851834.505012;61.195;;;;;;;0.133333;0.2;0.1;0.04714;[0.1, 0.2, 0.1];0.233333;0.3;0.2;0.04714;[0.2, 0.3, 0.2];0.433333;0.5;0.4;0.04714;[0.4, 0.5, 0.4];0.333333;0.4;0.3;0.04714;[0.3, 0.4, 0.3];0.133333;0.2;0.1;0.04714;[0.1, 0.2, 0.1];;neurosity_session_20250613_175613;;
2025-06-13T17:57:14.555806;1749851834.555806;61.245794;;;;;;;0.133333;0.2;0.1;0.04714;[0.1, 0.2, 0.1];0.233333;0.3;0.2;0.04714;[0.2, 0.3, 0.2];0.433333;0.5;0.4;0.04714;[0.4, 0.5, 0.4];0.333333;0.4;0.3;0.04714;[0.3, 0.4, 0.3];0.133333;0.2;0.1;0.04714;[0.1, 0.2, 0.1];;neurosity_session_20250613_175613;;
2025-06-13T17:57:14.556100;1749851834.5561;61.246088;;;;;;;0.133333;0.2;0.1;0.04714;[0.1, 0.2, 0.1];0.233333;0.3;0.2;0.04714;[0.2, 0.3, 0.2];0.433333;0.5;0.4;0.04714;[0.4, 0.5, 0.4];0.333333;0.4;0.3;0.04714;[0.3, 0.4, 0.3];0.133333;0.2;0.1;0.04714;[0.1, 0.2, 0.1];;neurosity_session_20250613_175613;;
2025-06-13T17:57:14.607338;1749851834.607338;61.297326;;;;;;;0.133333;0.2;0.1;0.04714;[0.1, 0.2, 0.1];0.233333;0.3;0.2;0.04714;[0.2, 0.3, 0.2];0.433333;0.5;0.4;0.04714;[0.4, 0.5, 0.4];0.333333;0.4;0.3;0.04714;[0.3, 0.4, 0.3];0.133333;0.2;0.1;0.04714;[0.1, 0.2, 0.1];;neurosity_session_20250613_175613;;
2025-06-13T17:57:14.761748;1749851834.761748;61.451736;0.8072778567092664;80.72778567092665;;;;;;;;;;;;;;;;;;;;;;;;;;;;;;;neurosity_session_20250613_175613;;
2025-06-13T17:57:14.813683;1749851834.813683;61.503671;;;0.571785557174862;57.178555717486205;;;;;;;;;;;;;;;;;;;;;;;;;;;;;neurosity_session_20250613_175613;;
2025-06-13T17:57:14.916181;1749851834.916181;61.606169;;;;;;;0.133333;0.2;0.1;0.04714;[0.1, 0.2, 0.1];0.233333;0.3;0.2;0.04714;[0.2, 0.3, 0.2];0.433333;0.5;0.4;0.04714;[0.4, 0.5, 0.4];0.333333;0.4;0.3;0.04714;[0.3, 0.4, 0.3];0.133333;0.2;0.1;0.04714;[0.1, 0.2, 0.1];;neurosity_session_20250613_175613;;
2025-06-13T17:57:15.018753;1749851835.018753;61.708741;;;;;;;0.133333;0.2;0.1;0.04714;[0.1, 0.2, 0.1];0.233333;0.3;0.2;0.04714;[0.2, 0.3, 0.2];0.433333;0.5;0.4;0.04714;[0.4, 0.5, 0.4];0.333333;0.4;0.3;0.04714;[0.3, 0.4, 0.3];0.133333;0.2;0.1;0.04714;[0.1, 0.2, 0.1];;neurosity_session_20250613_175613;;
2025-06-13T17:57:15.071242;1749851835.071242;61.76123;;;;;;;0.133333;0.2;0.1;0.04714;[0.1, 0.2, 0.1];0.233333;0.3;0.2;0.04714;[0.2, 0.3, 0.2];0.433333;0.5;0.4;0.04714;[0.4, 0.5, 0.4];0.333333;0.4;0.3;0.04714;[0.3, 0.4, 0.3];0.133333;0.2;0.1;0.04714;[0.1, 0.2, 0.1];;neurosity_session_20250613_175613;;
2025-06-13T17:57:15.072193;1749851835.072193;61.762181;;;;;;;0.133333;0.2;0.1;0.04714;[0.1, 0.2, 0.1];0.233333;0.3;0.2;0.04714;[0.2, 0.3, 0.2];0.433333;0.5;0.4;0.04714;[0.4, 0.5, 0.4];0.333333;0.4;0.3;0.04714;[0.3, 0.4, 0.3];0.133333;0.2;0.1;0.04714;[0.1, 0.2, 0.1];;neurosity_session_20250613_175613;;
2025-06-13T17:57:15.173303;1749851835.173303;61.863291;;;;;;;0.133333;0.2;0.1;0.04714;[0.1, 0.2, 0.1];0.233333;0.3;0.2;0.04714;[0.2, 0.3, 0.2];0.433333;0.5;0.4;0.04714;[0.4, 0.5, 0.4];0.333333;0.4;0.3;0.04714;[0.3, 0.4, 0.3];0.133333;0.2;0.1;0.04714;[0.1, 0.2, 0.1];;neurosity_session_20250613_175613;;
2025-06-13T17:57:15.173600;1749851835.1736;61.863588;;;;;;;0.133333;0.2;0.1;0.04714;[0.1, 0.2, 0.1];0.233333;0.3;0.2;0.04714;[0.2, 0.3, 0.2];0.433333;0.5;0.4;0.04714;[0.4, 0.5, 0.4];0.333333;0.4;0.3;0.04714;[0.3, 0.4, 0.3];0.133333;0.2;0.1;0.04714;[0.1, 0.2, 0.1];;neurosity_session_20250613_175613;;
2025-06-13T17:57:15.224454;1749851835.224454;61.914442;;;;;;;0.133333;0.2;0.1;0.04714;[0.1, 0.2, 0.1];0.233333;0.3;0.2;0.04714;[0.2, 0.3, 0.2];0.433333;0.5;0.4;0.04714;[0.4, 0.5, 0.4];0.333333;0.4;0.3;0.04714;[0.3, 0.4, 0.3];0.133333;0.2;0.1;0.04714;[0.1, 0.2, 0.1];;neurosity_session_20250613_175613;;
2025-06-13T17:57:15.275480;1749851835.27548;61.965468;;;;;;;0.133333;0.2;0.1;0.04714;[0.1, 0.2, 0.1];0.233333;0.3;0.2;0.04714;[0.2, 0.3, 0.2];0.433333;0.5;0.4;0.04714;[0.4, 0.5, 0.4];0.333333;0.4;0.3;0.04714;[0.3, 0.4, 0.3];0.133333;0.2;0.1;0.04714;[0.1, 0.2, 0.1];;neurosity_session_20250613_175613;;
2025-06-13T17:57:15.275794;1749851835.275794;61.965782;;;;;;;0.133333;0.2;0.1;0.04714;[0.1, 0.2, 0.1];0.233333;0.3;0.2;0.04714;[0.2, 0.3, 0.2];0.433333;0.5;0.4;0.04714;[0.4, 0.5, 0.4];0.333333;0.4;0.3;0.04714;[0.3, 0.4, 0.3];0.133333;0.2;0.1;0.04714;[0.1, 0.2, 0.1];;neurosity_session_20250613_175613;;
2025-06-13T17:57:15.326478;1749851835.326478;62.016466;;;;;;;0.133333;0.2;0.1;0.04714;[0.1, 0.2, 0.1];0.233333;0.3;0.2;0.04714;[0.2, 0.3, 0.2];0.433333;0.5;0.4;0.04714;[0.4, 0.5, 0.4];0.333333;0.4;0.3;0.04714;[0.3, 0.4, 0.3];0.133333;0.2;0.1;0.04714;[0.1, 0.2, 0.1];;neurosity_session_20250613_175613;;
2025-06-13T17:57:15.377557;1749851835.377557;62.067545;;;;;;;0.133333;0.2;0.1;0.04714;[0.1, 0.2, 0.1];0.233333;0.3;0.2;0.04714;[0.2, 0.3, 0.2];0.433333;0.5;0.4;0.04714;[0.4, 0.5, 0.4];0.333333;0.4;0.3;0.04714;[0.3, 0.4, 0.3];0.133333;0.2;0.1;0.04714;[0.1, 0.2, 0.1];;neurosity_session_20250613_175613;;
2025-06-13T17:57:15.377958;1749851835.377958;62.067946;;;;;;;0.133333;0.2;0.1;0.04714;[0.1, 0.2, 0.1];0.233333;0.3;0.2;0.04714;[0.2, 0.3, 0.2];0.433333;0.5;0.4;0.04714;[0.4, 0.5, 0.4];0.333333;0.4;0.3;0.04714;[0.3, 0.4, 0.3];0.133333;0.2;0.1;0.04714;[0.1, 0.2, 0.1];;neurosity_session_20250613_175613;;
2025-06-13T17:57:15.429020;1749851835.42902;62.119008;;;;;;;0.133333;0.2;0.1;0.04714;[0.1, 0.2, 0.1];0.233333;0.3;0.2;0.04714;[0.2, 0.3, 0.2];0.433333;0.5;0.4;0.04714;[0.4, 0.5, 0.4];0.333333;0.4;0.3;0.04714;[0.3, 0.4, 0.3];0.133333;0.2;0.1;0.04714;[0.1, 0.2, 0.1];;neurosity_session_20250613_175613;;
2025-06-13T17:57:15.479840;1749851835.47984;62.169828;;;;;;;0.133333;0.2;0.1;0.04714;[0.1, 0.2, 0.1];0.233333;0.3;0.2;0.04714;[0.2, 0.3, 0.2];0.433333;0.5;0.4;0.04714;[0.4, 0.5, 0.4];0.333333;0.4;0.3;0.04714;[0.3, 0.4, 0.3];0.133333;0.2;0.1;0.04714;[0.1, 0.2, 0.1];;neurosity_session_20250613_175613;;
2025-06-13T17:57:15.530927;1749851835.530927;62.220915;;;;;;;0.133333;0.2;0.1;0.04714;[0.1, 0.2, 0.1];0.233333;0.3;0.2;0.04714;[0.2, 0.3, 0.2];0.433333;0.5;0.4;0.04714;[0.4, 0.5, 0.4];0.333333;0.4;0.3;0.04714;[0.3, 0.4, 0.3];0.133333;0.2;0.1;0.04714;[0.1, 0.2, 0.1];;neurosity_session_20250613_175613;;
2025-06-13T17:57:15.581877;1749851835.581877;62.271865;;;;;;;0.133333;0.2;0.1;0.04714;[0.1, 0.2, 0.1];0.233333;0.3;0.2;0.04714;[0.2, 0.3, 0.2];0.433333;0.5;0.4;0.04714;[0.4, 0.5, 0.4];0.333333;0.4;0.3;0.04714;[0.3, 0.4, 0.3];0.133333;0.2;0.1;0.04714;[0.1, 0.2, 0.1];;neurosity_session_20250613_175613;;
2025-06-13T17:57:15.836763;1749851835.836763;62.526751;0.6562279359561513;65.62279359561512;;;;;;;;;;;;;;;;;;;;;;;;;;;;;;;neurosity_session_20250613_175613;;
2025-06-13T17:57:15.837989;1749851835.837989;62.527977;;;0.3754114256299125;37.54114256299125;;;;;;;;;;;;;;;;;;;;;;;;;;;;;neurosity_session_20250613_175613;;
2025-06-13T17:57:15.889134;1749851835.889134;62.579122;;;;;;;0.133333;0.2;0.1;0.04714;[0.1, 0.2, 0.1];0.233333;0.3;0.2;0.04714;[0.2, 0.3, 0.2];0.433333;0.5;0.4;0.04714;[0.4, 0.5, 0.4];0.333333;0.4;0.3;0.04714;[0.3, 0.4, 0.3];0.133333;0.2;0.1;0.04714;[0.1, 0.2, 0.1];;neurosity_session_20250613_175613;;
2025-06-13T17:57:15.940195;1749851835.940195;62.630183;;;;;;;0.133333;0.2;0.1;0.04714;[0.1, 0.2, 0.1];0.233333;0.3;0.2;0.04714;[0.2, 0.3, 0.2];0.433333;0.5;0.4;0.04714;[0.4, 0.5, 0.4];0.333333;0.4;0.3;0.04714;[0.3, 0.4, 0.3];0.133333;0.2;0.1;0.04714;[0.1, 0.2, 0.1];;neurosity_session_20250613_175613;;
2025-06-13T17:57:15.990669;1749851835.990669;62.680657;;;;;;;0.133333;0.2;0.1;0.04714;[0.1, 0.2, 0.1];0.233333;0.3;0.2;0.04714;[0.2, 0.3, 0.2];0.433333;0.5;0.4;0.04714;[0.4, 0.5, 0.4];0.333333;0.4;0.3;0.04714;[0.3, 0.4, 0.3];0.133333;0.2;0.1;0.04714;[0.1, 0.2, 0.1];;neurosity_session_20250613_175613;;
2025-06-13T17:57:15.990914;1749851835.990914;62.680902;;;;;;;0.133333;0.2;0.1;0.04714;[0.1, 0.2, 0.1];0.233333;0.3;0.2;0.04714;[0.2, 0.3, 0.2];0.433333;0.5;0.4;0.04714;[0.4, 0.5, 0.4];0.333333;0.4;0.3;0.04714;[0.3, 0.4, 0.3];0.133333;0.2;0.1;0.04714;[0.1, 0.2, 0.1];;neurosity_session_20250613_175613;;
2025-06-13T17:57:16.041680;1749851836.04168;62.731668;;;;;;;0.133333;0.2;0.1;0.04714;[0.1, 0.2, 0.1];0.233333;0.3;0.2;0.04714;[0.2, 0.3, 0.2];0.433333;0.5;0.4;0.04714;[0.4, 0.5, 0.4];0.333333;0.4;0.3;0.04714;[0.3, 0.4, 0.3];0.133333;0.2;0.1;0.04714;[0.1, 0.2, 0.1];;neurosity_session_20250613_175613;;
2025-06-13T17:57:16.092260;1749851836.09226;62.782248;;;;;;;0.133333;0.2;0.1;0.04714;[0.1, 0.2, 0.1];0.233333;0.3;0.2;0.04714;[0.2, 0.3, 0.2];0.433333;0.5;0.4;0.04714;[0.4, 0.5, 0.4];0.333333;0.4;0.3;0.04714;[0.3, 0.4, 0.3];0.133333;0.2;0.1;0.04714;[0.1, 0.2, 0.1];;neurosity_session_20250613_175613;;
2025-06-13T17:57:16.143514;1749851836.143514;62.833502;;;;;;;0.133333;0.2;0.1;0.04714;[0.1, 0.2, 0.1];0.233333;0.3;0.2;0.04714;[0.2, 0.3, 0.2];0.433333;0.5;0.4;0.04714;[0.4, 0.5, 0.4];0.333333;0.4;0.3;0.04714;[0.3, 0.4, 0.3];0.133333;0.2;0.1;0.04714;[0.1, 0.2, 0.1];;neurosity_session_20250613_175613;;
2025-06-13T17:57:16.144753;1749851836.144753;62.834741;;;;;;;0.133333;0.2;0.1;0.04714;[0.1, 0.2, 0.1];0.233333;0.3;0.2;0.04714;[0.2, 0.3, 0.2];0.433333;0.5;0.4;0.04714;[0.4, 0.5, 0.4];0.333333;0.4;0.3;0.04714;[0.3, 0.4, 0.3];0.133333;0.2;0.1;0.04714;[0.1, 0.2, 0.1];;neurosity_session_20250613_175613;;
2025-06-13T17:57:16.248314;1749851836.248314;62.938302;;;;;;;0.133333;0.2;0.1;0.04714;[0.1, 0.2, 0.1];0.233333;0.3;0.2;0.04714;[0.2, 0.3, 0.2];0.433333;0.5;0.4;0.04714;[0.4, 0.5, 0.4];0.333333;0.4;0.3;0.04714;[0.3, 0.4, 0.3];0.133333;0.2;0.1;0.04714;[0.1, 0.2, 0.1];;neurosity_session_20250613_175613;;
2025-06-13T17:57:16.402219;1749851836.402219;63.092207;;;;;;;0.133333;0.2;0.1;0.04714;[0.1, 0.2, 0.1];0.233333;0.3;0.2;0.04714;[0.2, 0.3, 0.2];0.433333;0.5;0.4;0.04714;[0.4, 0.5, 0.4];0.333333;0.4;0.3;0.04714;[0.3, 0.4, 0.3];0.133333;0.2;0.1;0.04714;[0.1, 0.2, 0.1];;neurosity_session_20250613_175613;;
2025-06-13T17:57:16.453528;1749851836.453528;63.143516;;;;;;;0.133333;0.2;0.1;0.04714;[0.1, 0.2, 0.1];0.233333;0.3;0.2;0.04714;[0.2, 0.3, 0.2];0.433333;0.5;0.4;0.04714;[0.4, 0.5, 0.4];0.333333;0.4;0.3;0.04714;[0.3, 0.4, 0.3];0.133333;0.2;0.1;0.04714;[0.1, 0.2, 0.1];;neurosity_session_20250613_175613;;
2025-06-13T17:57:16.504645;1749851836.504645;63.194633;;;;;;;0.133333;0.2;0.1;0.04714;[0.1, 0.2, 0.1];0.233333;0.3;0.2;0.04714;[0.2, 0.3, 0.2];0.433333;0.5;0.4;0.04714;[0.4, 0.5, 0.4];0.333333;0.4;0.3;0.04714;[0.3, 0.4, 0.3];0.133333;0.2;0.1;0.04714;[0.1, 0.2, 0.1];;neurosity_session_20250613_175613;;
2025-06-13T17:57:16.555100;1749851836.5551;63.245088;;;;;;;0.133333;0.2;0.1;0.04714;[0.1, 0.2, 0.1];0.233333;0.3;0.2;0.04714;[0.2, 0.3, 0.2];0.433333;0.5;0.4;0.04714;[0.4, 0.5, 0.4];0.333333;0.4;0.3;0.04714;[0.3, 0.4, 0.3];0.133333;0.2;0.1;0.04714;[0.1, 0.2, 0.1];;neurosity_session_20250613_175613;;
2025-06-13T17:57:16.555427;1749851836.555427;63.245415;;;;;;;0.133333;0.2;0.1;0.04714;[0.1, 0.2, 0.1];0.233333;0.3;0.2;0.04714;[0.2, 0.3, 0.2];0.433333;0.5;0.4;0.04714;[0.4, 0.5, 0.4];0.333333;0.4;0.3;0.04714;[0.3, 0.4, 0.3];0.133333;0.2;0.1;0.04714;[0.1, 0.2, 0.1];;neurosity_session_20250613_175613;;
2025-06-13T17:57:16.606167;1749851836.606167;63.296155;;;;;;;0.133333;0.2;0.1;0.04714;[0.1, 0.2, 0.1];0.233333;0.3;0.2;0.04714;[0.2, 0.3, 0.2];0.433333;0.5;0.4;0.04714;[0.4, 0.5, 0.4];0.333333;0.4;0.3;0.04714;[0.3, 0.4, 0.3];0.133333;0.2;0.1;0.04714;[0.1, 0.2, 0.1];;neurosity_session_20250613_175613;;
2025-06-13T17:57:16.860125;1749851836.860125;63.550113;0.728633327637991;72.86333276379911;;;;;;;;;;;;;;;;;;;;;;;;;;;;;;;neurosity_session_20250613_175613;;
2025-06-13T17:57:17.012461;1749851837.012461;63.702449;;;0.5562504129262106;55.625041292621056;;;;;;;;;;;;;;;;;;;;;;;;;;;;;neurosity_session_20250613_175613;;
2025-06-13T17:57:17.119093;1749851837.119093;63.809081;;;;;;;0.133333;0.2;0.1;0.04714;[0.1, 0.2, 0.1];0.233333;0.3;0.2;0.04714;[0.2, 0.3, 0.2];0.433333;0.5;0.4;0.04714;[0.4, 0.5, 0.4];0.333333;0.4;0.3;0.04714;[0.3, 0.4, 0.3];0.133333;0.2;0.1;0.04714;[0.1, 0.2, 0.1];;neurosity_session_20250613_175613;;
2025-06-13T17:57:17.300090;1749851837.30009;63.990078;;;;;;;0.133333;0.2;0.1;0.04714;[0.1, 0.2, 0.1];0.233333;0.3;0.2;0.04714;[0.2, 0.3, 0.2];0.433333;0.5;0.4;0.04714;[0.4, 0.5, 0.4];0.333333;0.4;0.3;0.04714;[0.3, 0.4, 0.3];0.133333;0.2;0.1;0.04714;[0.1, 0.2, 0.1];;neurosity_session_20250613_175613;;
2025-06-13T17:57:17.413393;1749851837.413393;64.103381;;;;;;;0.133333;0.2;0.1;0.04714;[0.1, 0.2, 0.1];0.233333;0.3;0.2;0.04714;[0.2, 0.3, 0.2];0.433333;0.5;0.4;0.04714;[0.4, 0.5, 0.4];0.333333;0.4;0.3;0.04714;[0.3, 0.4, 0.3];0.133333;0.2;0.1;0.04714;[0.1, 0.2, 0.1];;neurosity_session_20250613_175613;;
2025-06-13T17:57:17.413761;1749851837.413761;64.103749;;;;;;;0.133333;0.2;0.1;0.04714;[0.1, 0.2, 0.1];0.233333;0.3;0.2;0.04714;[0.2, 0.3, 0.2];0.433333;0.5;0.4;0.04714;[0.4, 0.5, 0.4];0.333333;0.4;0.3;0.04714;[0.3, 0.4, 0.3];0.133333;0.2;0.1;0.04714;[0.1, 0.2, 0.1];;neurosity_session_20250613_175613;;
2025-06-13T17:57:17.516882;1749851837.516882;64.20687;;;;;;;0.133333;0.2;0.1;0.04714;[0.1, 0.2, 0.1];0.233333;0.3;0.2;0.04714;[0.2, 0.3, 0.2];0.433333;0.5;0.4;0.04714;[0.4, 0.5, 0.4];0.333333;0.4;0.3;0.04714;[0.3, 0.4, 0.3];0.133333;0.2;0.1;0.04714;[0.1, 0.2, 0.1];;neurosity_session_20250613_175613;;
2025-06-13T17:57:17.567961;1749851837.567961;64.257949;;;;;;;0.133333;0.2;0.1;0.04714;[0.1, 0.2, 0.1];0.233333;0.3;0.2;0.04714;[0.2, 0.3, 0.2];0.433333;0.5;0.4;0.04714;[0.4, 0.5, 0.4];0.333333;0.4;0.3;0.04714;[0.3, 0.4, 0.3];0.133333;0.2;0.1;0.04714;[0.1, 0.2, 0.1];;neurosity_session_20250613_175613;;
2025-06-13T17:57:17.618935;1749851837.618935;64.308923;0.8409550005534916;84.09550005534916;;;;;;;;;;;;;;;;;;;;;;;;;;;;;;;neurosity_session_20250613_175613;;
2025-06-13T17:57:17.619174;1749851837.619174;64.309162;;;;;;;0.133333;0.2;0.1;0.04714;[0.1, 0.2, 0.1];0.233333;0.3;0.2;0.04714;[0.2, 0.3, 0.2];0.433333;0.5;0.4;0.04714;[0.4, 0.5, 0.4];0.333333;0.4;0.3;0.04714;[0.3, 0.4, 0.3];0.133333;0.2;0.1;0.04714;[0.1, 0.2, 0.1];;neurosity_session_20250613_175613;;
2025-06-13T17:57:17.669987;1749851837.669987;64.359975;;;;;;;0.133333;0.2;0.1;0.04714;[0.1, 0.2, 0.1];0.233333;0.3;0.2;0.04714;[0.2, 0.3, 0.2];0.433333;0.5;0.4;0.04714;[0.4, 0.5, 0.4];0.333333;0.4;0.3;0.04714;[0.3, 0.4, 0.3];0.133333;0.2;0.1;0.04714;[0.1, 0.2, 0.1];;neurosity_session_20250613_175613;;
2025-06-13T17:57:17.673332;1749851837.673332;64.36332;;;;;;;0.133333;0.2;0.1;0.04714;[0.1, 0.2, 0.1];0.233333;0.3;0.2;0.04714;[0.2, 0.3, 0.2];0.433333;0.5;0.4;0.04714;[0.4, 0.5, 0.4];0.333333;0.4;0.3;0.04714;[0.3, 0.4, 0.3];0.133333;0.2;0.1;0.04714;[0.1, 0.2, 0.1];;neurosity_session_20250613_175613;;
2025-06-13T17:57:17.724031;1749851837.724031;64.414019;;;;;;;0.133333;0.2;0.1;0.04714;[0.1, 0.2, 0.1];0.233333;0.3;0.2;0.04714;[0.2, 0.3, 0.2];0.433333;0.5;0.4;0.04714;[0.4, 0.5, 0.4];0.333333;0.4;0.3;0.04714;[0.3, 0.4, 0.3];0.133333;0.2;0.1;0.04714;[0.1, 0.2, 0.1];;neurosity_session_20250613_175613;;
2025-06-13T17:57:17.724323;1749851837.724323;64.414311;;;;;;;0.133333;0.2;0.1;0.04714;[0.1, 0.2, 0.1];0.233333;0.3;0.2;0.04714;[0.2, 0.3, 0.2];0.433333;0.5;0.4;0.04714;[0.4, 0.5, 0.4];0.333333;0.4;0.3;0.04714;[0.3, 0.4, 0.3];0.133333;0.2;0.1;0.04714;[0.1, 0.2, 0.1];;neurosity_session_20250613_175613;;
2025-06-13T17:57:17.774997;1749851837.774997;64.464985;;;;;;;0.133333;0.2;0.1;0.04714;[0.1, 0.2, 0.1];0.233333;0.3;0.2;0.04714;[0.2, 0.3, 0.2];0.433333;0.5;0.4;0.04714;[0.4, 0.5, 0.4];0.333333;0.4;0.3;0.04714;[0.3, 0.4, 0.3];0.133333;0.2;0.1;0.04714;[0.1, 0.2, 0.1];;neurosity_session_20250613_175613;;
2025-06-13T17:57:17.775360;1749851837.77536;64.465348;;;;;;;0.133333;0.2;0.1;0.04714;[0.1, 0.2, 0.1];0.233333;0.3;0.2;0.04714;[0.2, 0.3, 0.2];0.433333;0.5;0.4;0.04714;[0.4, 0.5, 0.4];0.333333;0.4;0.3;0.04714;[0.3, 0.4, 0.3];0.133333;0.2;0.1;0.04714;[0.1, 0.2, 0.1];;neurosity_session_20250613_175613;;
2025-06-13T17:57:17.826043;1749851837.826043;64.516031;;;;;;;0.133333;0.2;0.1;0.04714;[0.1, 0.2, 0.1];0.233333;0.3;0.2;0.04714;[0.2, 0.3, 0.2];0.433333;0.5;0.4;0.04714;[0.4, 0.5, 0.4];0.333333;0.4;0.3;0.04714;[0.3, 0.4, 0.3];0.133333;0.2;0.1;0.04714;[0.1, 0.2, 0.1];;neurosity_session_20250613_175613;;
2025-06-13T17:57:17.877025;1749851837.877025;64.567013;;;0.4547817229039095;45.47817229039095;;;;;;;;;;;;;;;;;;;;;;;;;;;;;neurosity_session_20250613_175613;;
2025-06-13T17:57:17.877264;1749851837.877264;64.567252;;;;;;;0.133333;0.2;0.1;0.04714;[0.1, 0.2, 0.1];0.233333;0.3;0.2;0.04714;[0.2, 0.3, 0.2];0.433333;0.5;0.4;0.04714;[0.4, 0.5, 0.4];0.333333;0.4;0.3;0.04714;[0.3, 0.4, 0.3];0.133333;0.2;0.1;0.04714;[0.1, 0.2, 0.1];;neurosity_session_20250613_175613;;
2025-06-13T17:57:17.877486;1749851837.877486;64.567474;;;;;;;0.133333;0.2;0.1;0.04714;[0.1, 0.2, 0.1];0.233333;0.3;0.2;0.04714;[0.2, 0.3, 0.2];0.433333;0.5;0.4;0.04714;[0.4, 0.5, 0.4];0.333333;0.4;0.3;0.04714;[0.3, 0.4, 0.3];0.133333;0.2;0.1;0.04714;[0.1, 0.2, 0.1];;neurosity_session_20250613_175613;;
2025-06-13T17:57:17.927994;1749851837.927994;64.617982;;;;;;;0.133333;0.2;0.1;0.04714;[0.1, 0.2, 0.1];0.233333;0.3;0.2;0.04714;[0.2, 0.3, 0.2];0.433333;0.5;0.4;0.04714;[0.4, 0.5, 0.4];0.333333;0.4;0.3;0.04714;[0.3, 0.4, 0.3];0.133333;0.2;0.1;0.04714;[0.1, 0.2, 0.1];;neurosity_session_20250613_175613;;
2025-06-13T17:57:17.980736;1749851837.980736;64.670724;;;;;;;0.133333;0.2;0.1;0.04714;[0.1, 0.2, 0.1];0.233333;0.3;0.2;0.04714;[0.2, 0.3, 0.2];0.433333;0.5;0.4;0.04714;[0.4, 0.5, 0.4];0.333333;0.4;0.3;0.04714;[0.3, 0.4, 0.3];0.133333;0.2;0.1;0.04714;[0.1, 0.2, 0.1];;neurosity_session_20250613_175613;;
2025-06-13T17:57:17.981347;1749851837.981347;64.671335;;;;;;;0.133333;0.2;0.1;0.04714;[0.1, 0.2, 0.1];0.233333;0.3;0.2;0.04714;[0.2, 0.3, 0.2];0.433333;0.5;0.4;0.04714;[0.4, 0.5, 0.4];0.333333;0.4;0.3;0.04714;[0.3, 0.4, 0.3];0.133333;0.2;0.1;0.04714;[0.1, 0.2, 0.1];;neurosity_session_20250613_175613;;
2025-06-13T17:57:18.032168;1749851838.032168;64.722156;;;;;;;0.133333;0.2;0.1;0.04714;[0.1, 0.2, 0.1];0.233333;0.3;0.2;0.04714;[0.2, 0.3, 0.2];0.433333;0.5;0.4;0.04714;[0.4, 0.5, 0.4];0.333333;0.4;0.3;0.04714;[0.3, 0.4, 0.3];0.133333;0.2;0.1;0.04714;[0.1, 0.2, 0.1];;neurosity_session_20250613_175613;;
2025-06-13T17:57:18.082716;1749851838.082716;64.772704;;;;;;;0.133333;0.2;0.1;0.04714;[0.1, 0.2, 0.1];0.233333;0.3;0.2;0.04714;[0.2, 0.3, 0.2];0.433333;0.5;0.4;0.04714;[0.4, 0.5, 0.4];0.333333;0.4;0.3;0.04714;[0.3, 0.4, 0.3];0.133333;0.2;0.1;0.04714;[0.1, 0.2, 0.1];;neurosity_session_20250613_175613;;
2025-06-13T17:57:18.083016;1749851838.083016;64.773004;;;;;;;0.133333;0.2;0.1;0.04714;[0.1, 0.2, 0.1];0.233333;0.3;0.2;0.04714;[0.2, 0.3, 0.2];0.433333;0.5;0.4;0.04714;[0.4, 0.5, 0.4];0.333333;0.4;0.3;0.04714;[0.3, 0.4, 0.3];0.133333;0.2;0.1;0.04714;[0.1, 0.2, 0.1];;neurosity_session_20250613_175613;;
2025-06-13T17:57:18.133791;1749851838.133791;64.823779;;;;;;;0.133333;0.2;0.1;0.04714;[0.1, 0.2, 0.1];0.233333;0.3;0.2;0.04714;[0.2, 0.3, 0.2];0.433333;0.5;0.4;0.04714;[0.4, 0.5, 0.4];0.333333;0.4;0.3;0.04714;[0.3, 0.4, 0.3];0.133333;0.2;0.1;0.04714;[0.1, 0.2, 0.1];;neurosity_session_20250613_175613;;
2025-06-13T17:57:18.134192;1749851838.134192;64.82418;;;;;;;0.133333;0.2;0.1;0.04714;[0.1, 0.2, 0.1];0.233333;0.3;0.2;0.04714;[0.2, 0.3, 0.2];0.433333;0.5;0.4;0.04714;[0.4, 0.5, 0.4];0.333333;0.4;0.3;0.04714;[0.3, 0.4, 0.3];0.133333;0.2;0.1;0.04714;[0.1, 0.2, 0.1];;neurosity_session_20250613_175613;;
2025-06-13T17:57:18.185149;1749851838.185149;64.875137;;;;;;;0.133333;0.2;0.1;0.04714;[0.1, 0.2, 0.1];0.233333;0.3;0.2;0.04714;[0.2, 0.3, 0.2];0.433333;0.5;0.4;0.04714;[0.4, 0.5, 0.4];0.333333;0.4;0.3;0.04714;[0.3, 0.4, 0.3];0.133333;0.2;0.1;0.04714;[0.1, 0.2, 0.1];;neurosity_session_20250613_175613;;
2025-06-13T17:57:18.235654;1749851838.235654;64.925642;;;;;;;0.133333;0.2;0.1;0.04714;[0.1, 0.2, 0.1];0.233333;0.3;0.2;0.04714;[0.2, 0.3, 0.2];0.433333;0.5;0.4;0.04714;[0.4, 0.5, 0.4];0.333333;0.4;0.3;0.04714;[0.3, 0.4, 0.3];0.133333;0.2;0.1;0.04714;[0.1, 0.2, 0.1];;neurosity_session_20250613_175613;;
2025-06-13T17:57:18.286773;1749851838.286773;64.976761;;;;;;;0.133333;0.2;0.1;0.04714;[0.1, 0.2, 0.1];0.233333;0.3;0.2;0.04714;[0.2, 0.3, 0.2];0.433333;0.5;0.4;0.04714;[0.4, 0.5, 0.4];0.333333;0.4;0.3;0.04714;[0.3, 0.4, 0.3];0.133333;0.2;0.1;0.04714;[0.1, 0.2, 0.1];;neurosity_session_20250613_175613;;
2025-06-13T17:57:18.287512;1749851838.287512;64.9775;;;;;;;0.133333;0.2;0.1;0.04714;[0.1, 0.2, 0.1];0.233333;0.3;0.2;0.04714;[0.2, 0.3, 0.2];0.433333;0.5;0.4;0.04714;[0.4, 0.5, 0.4];0.333333;0.4;0.3;0.04714;[0.3, 0.4, 0.3];0.133333;0.2;0.1;0.04714;[0.1, 0.2, 0.1];;neurosity_session_20250613_175613;;
2025-06-13T17:57:18.440446;1749851838.440446;65.130434;;;;;;;0.133333;0.2;0.1;0.04714;[0.1, 0.2, 0.1];0.233333;0.3;0.2;0.04714;[0.2, 0.3, 0.2];0.433333;0.5;0.4;0.04714;[0.4, 0.5, 0.4];0.333333;0.4;0.3;0.04714;[0.3, 0.4, 0.3];0.133333;0.2;0.1;0.04714;[0.1, 0.2, 0.1];;neurosity_session_20250613_175613;;
2025-06-13T17:57:18.491941;1749851838.491941;65.181929;;;;;;;0.133333;0.2;0.1;0.04714;[0.1, 0.2, 0.1];0.233333;0.3;0.2;0.04714;[0.2, 0.3, 0.2];0.433333;0.5;0.4;0.04714;[0.4, 0.5, 0.4];0.333333;0.4;0.3;0.04714;[0.3, 0.4, 0.3];0.133333;0.2;0.1;0.04714;[0.1, 0.2, 0.1];;neurosity_session_20250613_175613;;
2025-06-13T17:57:18.542701;1749851838.542701;65.232689;;;;;;;0.133333;0.2;0.1;0.04714;[0.1, 0.2, 0.1];0.233333;0.3;0.2;0.04714;[0.2, 0.3, 0.2];0.433333;0.5;0.4;0.04714;[0.4, 0.5, 0.4];0.333333;0.4;0.3;0.04714;[0.3, 0.4, 0.3];0.133333;0.2;0.1;0.04714;[0.1, 0.2, 0.1];;neurosity_session_20250613_175613;;
2025-06-13T17:57:18.542963;1749851838.542963;65.232951;;;;;;;0.133333;0.2;0.1;0.04714;[0.1, 0.2, 0.1];0.233333;0.3;0.2;0.04714;[0.2, 0.3, 0.2];0.433333;0.5;0.4;0.04714;[0.4, 0.5, 0.4];0.333333;0.4;0.3;0.04714;[0.3, 0.4, 0.3];0.133333;0.2;0.1;0.04714;[0.1, 0.2, 0.1];;neurosity_session_20250613_175613;;
2025-06-13T17:57:18.646223;1749851838.646223;65.336211;0.8287051373944645;82.87051373944645;;;;;;;;;;;;;;;;;;;;;;;;;;;;;;;neurosity_session_20250613_175613;;
2025-06-13T17:57:18.902159;1749851838.902159;65.592147;;;0.5463670694742295;54.63670694742295;;;;;;;;;;;;;;;;;;;;;;;;;;;;;neurosity_session_20250613_175613;;
2025-06-13T17:57:19.004301;1749851839.004301;65.694289;;;;;;;0.133333;0.2;0.1;0.04714;[0.1, 0.2, 0.1];0.233333;0.3;0.2;0.04714;[0.2, 0.3, 0.2];0.433333;0.5;0.4;0.04714;[0.4, 0.5, 0.4];0.333333;0.4;0.3;0.04714;[0.3, 0.4, 0.3];0.133333;0.2;0.1;0.04714;[0.1, 0.2, 0.1];;neurosity_session_20250613_175613;;
2025-06-13T17:57:19.057224;1749851839.057224;65.747212;;;;;;;0.133333;0.2;0.1;0.04714;[0.1, 0.2, 0.1];0.233333;0.3;0.2;0.04714;[0.2, 0.3, 0.2];0.433333;0.5;0.4;0.04714;[0.4, 0.5, 0.4];0.333333;0.4;0.3;0.04714;[0.3, 0.4, 0.3];0.133333;0.2;0.1;0.04714;[0.1, 0.2, 0.1];;neurosity_session_20250613_175613;;
